index,snippet,found
903,je mets aux voix l'ensemble du projet de loi.,True
1669,"mes chers collègues, je précise que nous avons examiné 50 amendements, à la vitesse moyenne de 15 amendements à l'heure, et qu'il en reste 291.la suit",False
2935,"(la séance, suspendue à seize heures dix, est reprise à seize heures vingt-cinq, sous la présidence de m. sylvain waserman.)",False
2945,"la parole est à m. patrick hetzel, pour soutenir l'amendement no 31.",True
3918,cet amendement vise à substituer à un décret en conseil d'état un décret simple pour la fixation des critères qui président au calcul de l'indemnité d,True
3919,quel est l'avis du gouvernement ?,True
3920,"légiférer, c'est déterminer la meilleure solution, de façon pragmatique, cohérente avec ses valeurs, en écoutant à la fois la concertation sociale et ",True
4381,(m. sacha houlié remplace m. françois de rugy au fauteuil de la présidence.),False
6322,"(la séance, suspendue à seize heures dix, est reprise à seize heures trente, sous la présidence de m. sacha houlié.)",False
7242,(mme carole bureau-bonnard remplace m. françois de rugy au fauteuil de la présidence.),False
7302,je mets aux voix la motion de rejet préalable sur le projet de loi organique.,True
8458,"(la séance, suspendue à seize heures trente-cinq, est reprise à seize heures cinquante, sous la présidence de m. françois de rugy.)",False
8662,"(la séance, suspendue à dix-huit heures quinze, est reprise à dix-huit heures trente, sous la présidence de mme cendra motin.)",False
9489,(la séance est ouverte à quinze heures.),False
9499,"nous voulons que le parlement puisse s'exprimer, lors de la discussion du budget, à partir des vrais chiffres et non de sous-budgétisations. vous aure",False
9508,"…dans la foulée, mettre en œuvre tous les moyens nécessaires afin que les paiements relatifs aux maec et aux aides à l'agriculture biologique au titre",False
9696,c'est vrai !,True
9701,"nous, nous sommes pour le nucléaire !",False
9702,nous n'avons aucun problème avec le nucléaire !,False
9703,"la france veut entrer dans la révolution énergétique, et elle y entrera, car elle en a les moyens, le potentiel économique et la créativité. (applaudi",False
9709,"(la séance, suspendue à seize heures vingt-cinq, est reprise à dix-sept heures, sous la présidence de mme danielle brulebois.)",False
11944,"(la séance, suspendue à dix-sept heures trente-cinq, est reprise à dix-sept heures cinquante, sous la présidence de m. françois de rugy.)",False
11965,(m. sacha houlié remplace m. françois de rugy au fauteuil de la présidence.),False
12167,"je suis de quatre amendements identiques, nos 418 rectifié, 416 rectifié, 417 rectifié et 419 rectifié.la parole est à mme laurence dumont, pour soute",False
12170,"« la ruse avilit la politique », disait étienne de jouy il y a plus de 200 ans – il pensait sans doute à m. bompard. plus sérieusement, la politique f",True
13677,"je vous annonce qu'à la demande du gouvernement et en application de l'article 95, alinéa 4, du règlement, l'assemblée nationale examinera par priorit",True
16330,"(la séance, suspendue à seize heures cinq, est reprise à seize heures vingt-cinq, sous la présidence de mme carole bureau-bonnard.)",False
16687,"(la séance, suspendue à dix heures cinquante, est reprise à onze heures, sous la présidence de mme cendra motin.)",False
18631,"(la motion de rejet préalable, mise aux voix, n'est pas adoptée.)",False
18632,"(à dix-sept heures cinquante-cinq, mme carole bureau-bonnard remplace m. françois de rugy au fauteuil de la présidence.)",False
19574,"(la séance, suspendue à seize heures dix, est reprise à seize heures trente, sous la présidence de m. hugues renson.)",False
21192,"(la séance, suspendue à dix-sept heures quinze, est reprise à dix-sept heures vingt-cinq, sous la présidence de mme carole bureau-bonnard.)",False
21468,"(à dix-huit heures cinquante- cinq , mme cendra motin remplace mme carole bureau-bonnard au fauteuil de la présidence.)",False
23839,(m. françois de rugy prend place au fauteuil de la présidence .),False
23840,"monsieur le secrétaire d'état chargé des relations avec le parlement, monsieur le doyen, mes chers collègues, je sais que beaucoup parmi vous partagen",True
24161,"(la séance, suspendue à seize heures dix, est reprise à seize heures vingt-cinq, sous la présidence de m. hugues renson.)",False
26068,"j'appelle maintenant, dans le texte de la commission, les articles du projet de loi.",True
26071,je mets aux voix l'article unique du projet de loi.,True
26955,excellent !,True
26960,c'est inadmissible !,True
26961,"peu, c'est déjà trop !",False
26962,"parallèlement, le gouvernement est très engagé en faveur de l'emploi des travailleurs handicapés. (exclamations sur les bancs des groupes ng, gdr, fi ",False
26969,il n'est pas là !,True
26970,…le président de la république s'était engagé en début de mandat à réunir chaque année les parlementaires en congrès. la promesse a été tenue ! (appla,False
26971,"ça, il fallait oser !",True
26972,"dans un discours de vérité, il a remis en perspective le travail accompli depuis un an et rappelé le sens du projet français, celui du progrès, que no",True
26973,quel art de l'antiphrase !,False
26974,"sans triomphalisme, mais avec fermeté, il a rappelé que notre action n'était qu'un bloc : il n'y a pas à choisir entre action économique et action soc",True
26978,depuis quand y a-t-il de la publicité pendant les questions au gouvernement ?,False
26979,"monsieur le premier ministre, c'est une révolution aux objectifs multiples qui se dessine. (exclamations sur les bancs du groupe lr.) pouvez-vous nous",False
26990,de pacotille !,True
26991,"…plus universel qui vise à mieux couvrir les risques de chômage de chacun,…",False
26992,avec ce « pognon de dingue » ?,False
26993,"…indépendamment de son statut, du fait de savoir s'il est agriculteur ou en contrat à durée déterminée, par exemple, et au regard de droits qui ne son",False
27052,c'est une faute !,True
27053,"cet amendement, déposé par m. abad, a curieusement été retiré juste avant d'être débattu, peut-être parce qu'il n'était pas totalement conforme ! (rir",False
27088,ce n'est pas vrai !,True
27089,"rappelons qu'en 2013, elles disposaient de 1,4 milliard d'euros.",True
27094,"supprimez les cci, cela ira plus vite !",False
27117,et pour ceux de demain ?,False
27118,"« et cela, pour une raison simple : […] on a choisi de refonder un système de retraite », pour les retraités de demain (exclamations sur les bancs du ",False
27125,vous allez donc toucher aux pensions de réversion !,False
27126,eh oui !,True
27127,"vous le savez, il n'y a jamais aucun perdant quand il y a plus de justice. (applaudissements sur plusieurs bancs du groupe larem.)",False
27139,"ces propos s'adressent à la majorité, on l'aura bien compris !",False
27140,"les français ont raison d'être exigeants avec leurs élus mais je veux témoigner que, depuis seize ans, dans cet hémicycle, les élus, l'administration ",True
27143,il vient tout de même de dire que votre révision constitutionnelle était nulle !,False
27144,permettez-moi de vous dire tout le plaisir que j'ai eu à siéger sur ces bancs avec vous et de souligner tout le respect qui vous est dû après une vie ,True
27147,"dites-le devant l'assemblée nationale, ce sera aussi bien !",False
27148,"…car je ne crois pas que le parlement de 2018, de 2012 ou de 2008 ait eu moins de pouvoirs que celui de 1958, de 1962 ou de 1965.",False
27151,"vous, c'est un bazooka que vous pointez sur lui !",False
27152,telle est l'origine de la ve république.,True
27168,m. hetzel sait de quoi il parle !,False
27170,calimero !,True
27171,"or, aujourd'hui, les résultats de parcoursup sont bien meilleurs que ceux d'apb – admission post-bac – l'année dernière. voici les chiffres : 676 929 ",True
27172,et les autres ?,True
27173,"quant aux bacheliers professionnels, sujet que j'ai regardé de près, sur 103 175 qui ont formulé un vœu, 67 % ont reçu une proposition…",False
27174,un tiers restent donc sur le carreau !,False
27175,"…dont 57 % en bts – contre 46 % l'année dernière avec apb. (applaudissements sur quelques bancs du groupe larem.)les mesures prises sont sociales, ell",False
27209,et vivent les belges !,False
27216,c'est vrai !,True
27217,"dans cette maison même, les fonctionnaires de l'assemblée nationale, eux, n'ont eu droit à aucune compensation.autant votre gouvernement a été prompt ",False
27222,quelle arrogance !,True
27223,"concernant ce que vous appelez le « parapublic » – on peut imaginer qu'il s'agit des établissements publics universitaires ou culturels, qui dépendent",True
27553,"(à dix-neuf heures, m. yves jégo remplace m. françois de rugy au fauteuil de la présidence.)",False
27718,lamentable !,True
28349,"(à dix-huit heures dix, m. hugues renson remplace m. françois de rugy au fauteuil de la présidence.)",False
28974,"(à vingt-trois heures quarante-cinq, mme carole bureau-bonnard remplace m. françois de rugy au fauteuil de la présidence.)",False
30425,mme untermaier m'indique qu'elle maintient son sous-amendement. nous allons pouvoir passer au vote.,True
31990,"(à dix-huit heures quinze, mme carole bureau-bonnard remplace m. françois de rugy au fauteuil de la présidence.)",False
33306,"(la séance, suspendue à seize heures dix, est reprise à seize heures trente, sous la présidence de mme carole bureau-bonnard.)",False
33615,"(la séance, suspendue à seize heures cinq, est reprise à seize heures quinze , sous la présidence de m. françois de rugy.)",False
36948,je mets maintenant aux voix les amendements identiques nos 210 et 1825.,True
37053,"je suis saisi de six amendements, nos 2428 rectifié, 2416 rectifié, 2415 rectifié, 1047 rectifié, 1727 rectifié et 773 rectifié, pouvant être soumis à",True
37284,"mes chers collègues, nous ressentons une émotion commune face aux images qui montrent des actes de violence inacceptables commis par un individu salar",True
37333,"ces amendements ont déjà été présentés par leurs auteurs et ont reçu un avis défavorable de la commission des lois constitutionnelles, de la législati",True
37535,"monsieur potier, il faut cesser ce conciliabule et écouter m. wulfranc, comme il vous a écouté.",True
37536,"oui, monsieur le président ; vous avez raison.",True
37537,"cela nous renvoie, par exemple, au cas de la loi visant à reconquérir l'économie réelle, dite « loi florange ». aujourd'hui, l'outil de travail est gâ",False
39207,"j'ai reçu plusieurs demandes de rappel au règlement. mais auparavant, je crois que chacune et chacun souhaitaient que la présidente de la commission d",False
39208,"chers collègues, comme vous le savez, la commission des lois s'est réunie hier pour demander à l'unanimité à se voir octroyer les pouvoirs d'une commi",True
39231,"merci, madame la présidente !",True
40578,"(à dix-huit heures cinquante-cinq, mme carole bureau-bonnard remplace m. françois de rugy au fauteuil de la présidence.)",False
40829,voici le résultat du scrutin :nombre de votants 75nombre de suffrages exprimés 71majorité absolue 36pour l'adoption 17contre 54,False
40986,"(à vingt-deux heures cinquante-cinq, mme annie genevard remplace mme carole bureau-bonnard au fauteuil de la présidence.)",False
41064,voici le résultat du scrutin :nombre de votants 81nombre de suffrages exprimés 80majorité absolue 41pour l'adoption 25contre 55,False
41145,voici le résultat du scrutin :nombre de votants 64nombre de suffrages exprimés 64majorité absolue 33pour l'adoption 41contre 23,False
41206,voici le résultat du scrutin :nombre de votants 68nombre de suffrages exprimés 57majorité absolue 29pour l'adoption 44contre 13,False
41365,voici le résultat du scrutin :nombre de votants 57nombre de suffrages exprimés 50majorité absolue 26pour l'adoption 49contre 1,False
41809,"(la séance, suspendue à seize heures vingt, est reprise à seize heures trente-cinq, sous la présidence de m. sylvain waserman.)",False
47847,"(la séance, suspendue à dix-neuf heures cinq, est reprise à dix-neuf heures quarante, sous la présidence de mme annie genevard.)",False
48446,"(la séance, suspendue à seize heures dix, est reprise à seize heures vingt-cinq, sous la présidence de m. hugues renson.)",False
48511,"à dix-sept heures cinq, mme carole bureau-bonnard remplace m. hugues renson au fauteuil de la présidence.)",False
48957,"(à dix-huit heures vingt-cinq, m. richard ferrand remplace mme carole bureau-bonnard au fauteuil de la présidence.)",False
48964,"(la séance, suspendue à dix-huit heures quarante, est reprise à dix-huit heures cinquante-cinq, sous la présidence de m. hugues renson.)",False
50833,la commission a supprimé l'article 10 decies.,True
51311,,False
52603,"la parole est à m. olivier faure, pour un rappel au règlement.",True
52604,"à la suite de ce que vient de dire delphine batho, et même si nous n'en traiterons pas maintenant, je souhaiterais que la conférence des présidents re",True
53891,"(la séance, suspendue à seize cinq, est reprise à seize heures vingt-cinq, sous la présidence de m. hugues renson.)",False
54168,"(à dix-huit heures cinq, mme carole bureau-bonnard remplace m. hugues renson au fauteuil de la présidence.)",False
55235,"(à dix-huit heures, m. maurice leroy remplace mme carole bureau-bonnard au fauteuil de la présidence.)",False
55646,"(la séance, suspendue à dix-sept heures cinquante, est reprise à dix-huit heures cinq, sous la présidence de m. marc le fur.)",False
56570,"(la séance, suspendue à dix-sept heures, est reprise à dix-sept heures quinze, sous la présidence de mme annie genevard.)",False
57012,"en france, l'école est obligatoire jusqu'à 16 ans : on considère que, jusqu'à cet âge, on est capable de décider pour des mineurs, qui ne sont pas néc",True
61133,"et ce que disent les amendements, c'est non pas que les banques n'encourent aucune sanction et qu'il convient d'en introduire une ; ils disent que, dè",True
61134,"il se trouve qu'une autorité de supervision des banques, en l'espèce l'autorité de contrôle prudentiel et de résolution, l'acpr, dispose déjà d'un pou",True
61671,voici le résultat du scrutin : nombre de votants 561 nombre de suffrages exprimés 542 majorité absolue 272 pour l'adoption 415 contre 127,True
61697,"(à dix-huit heures vingt, m. sacha houlié remplace m. françois de rugy au fauteuil de la présidence.)",False
62508,très bien !,True
62509,"…et ce, quelles que soient les ressources dont disposent ses parents. (applaudissements sur les bancs du groupe modem et sur plusieurs bancs du groupe",False
62513,c'est valls qui déteste les familles !,True
62514,"mme la ministre des solidarités et de la santé, mme buzyn, a présenté des priorités fortes en matière de politique familiale, que nous saluons et que ",True
62522,c'est une erreur.,True
62523,"elle s'adresse à tous les parents qui élèvent seuls leurs enfants et qui rencontrent, plus que les autres, des difficultés à concilier vie professionn",True
62527,vous ne répondez pas à la question !,True
62528,c'est pourquoi j'ai décidé d'orienter ma politique familiale autour de deux grands axes : un soutien renforcé aux familles qui en ont le plus besoin e,True
62529,ce n'est pas la question !,True
62530,qu'en est-il de la politique des allocations familiales ? cette question doit être posée en dehors de tout combat idéologique.,True
62570,"(la séance, suspendue à seize heures cinq, est reprise à seize heures trente, sous la présidence de m. hugues renson.)",False
63709,"(à dix-sept heures quarante-cinq , m. sacha houlié remplace m. françois de rugy au fauteuil de la présidence.)",False
63802,"(à vingt heures, m. hugues renson remplace m. sacha houlié au fauteuil de la présidence.)",False
64973,l'ordre du jour appelle la discussion de la proposition de loi de m. arnaud viala et plusieurs de ses collègues visant à restaurer la compétitivité de,True
66398,"(à dix-sept heures cinquante, m. hugues renson remplace m. françois de rugy au fauteuil de la présidence.)",False
66399,"la parole est à m. didier martin, rapporteur pour avis de la commission des affaires économiques.",True
67647,"(la séance, suspendue à seize heures cinq, est reprise à seize heures vingt-cinq, sous la présidence de mme cendra motin.)",False
67797,"(à dix-huit heures cinq, mme carole bureau-bonnard remplace mme cendra motin au fauteuil de la présidence.)",False
67825,"(à dix-huit heures quinze, mme cendra motin remplace mme carole bureau-bonnard au fauteuil de la présidence.)",False
70652,"si nous n'avons pas le droit de nous exprimer, nous avons au moins un droit qui nous reste : celui de suspendre la séance. je demande donc une suspens",True
73420,"(à onze heures cinquante-cinq, mme cendra motin remplace m. sacha houlié au fauteuil de la présidence.)",False
74752,"(à vingt-trois heures cinquante-cinq, m. françois de rugy remplace mme cendra motin au fauteuil de la présidence.)",False
75759,"(à dix-sept heures cinquante , mme carole bureau-bonnard remplace m. françois de rugy au fauteuil de la présidence.)",False
76457,"(la séance, suspendue à seize heures cinq, est reprise à seize heures vingt-cinq, sous la présidence de m. sylvain waserman.)",False
77873,"(à onze heures vingt, mme carole bureau-bonnard remplace mme danielle brulebois au fauteuil de la présidence.)",False
78635,"(à dix-neuf heures cinq, mme cendra motin remplace mme danielle brulebois au fauteuil de la présidence.)",False
79662,voici le résultat du scrutin : nombre de votants 69 nombre de suffrages exprimés 67 majorité absolue 33 pour l'adoption 66 contre 1,True
79969,voici le résultat du scrutin : nombre de votants 81 nombre de suffrages exprimés 80 majorité absolue 41 pour l'adoption 32 contre 48,True
80025,voici le résultat du scrutin : nombre de votants 85 nombre de suffrages exprimés 84 majorité absolue 43 pour l'adoption 51 contre 33,True
82363,"(la séance, suspendue à dix-sept heures, est reprise à dix-sept heures quinze, sous la présidence de m. sacha houlié.)",False
82695,"(à dix-neuf heures quarante-cinq, mme carole bureau-bonnard remplace m. sacha houlié au fauteuil de la présidence.)",False
83706,"(à vingt-deux heures dix, m. sacha houlié remplace mme carole bureau-bonnard au fauteuil de la présidence.)",False
83813,l'amendement suivant n'a rien à voir avec celui-ci !,False
84663,"la parole est à mme marietta karamanli, pour le groupe nouvelle gauche.",True
84664,"monsieur le président, monsieur le ministre d'état, ministre de l'intérieur, chers collègues, les crédits de la mission « sécurités » pour 2018 montre",True
85285,"(à dix-huit heures quarante-cinq , m. hugues renson remplace m. françois de rugy au fauteuil de la présidence.)",False
85954,"(la séance, suspendue à seize heures dix, est reprise à seize heures quarante, sous la présidence de m. sacha houlié.)",False
86023,"mes chers collègues, voici le résultat du scrutin pour l'élection des deux vice-présidents.nombre de votants : 425bulletins blancs ou nuls : 64nombre ",False
86024,nous reprenons l'examen des crédits relatifs à l'action extérieure de l'état.,False
86025,"la parole est à m. alain david, pour le groupe nouvelle gauche.",True
86273,"(à vingt-deux heures trente, mme carole bureau-bonnard remplace m. sylvain waserman au fauteuil de la présidence.)",False
86720,"la parole est à m. denis masséglia, pour le groupe la république en marche.",True
86746,"(la séance, suspendue à seize heures dix, est reprise à seize heures vingt-cinq, sous la présidence de m. sylvain waserman.)",False
86899,"(à dix-huit heures dix , m. sacha houlié remplace m. sylvain waserman au fauteuil de la présidence.)",False
87844,"(à dix heures quarante, m. françois de rugy remplace mme carole bureau-bonnard au fauteuil de la présidence.)",False
89343,"(à dix-sept heures quarante, m. marc le fur remplace m. sylvain waserman au fauteuil de la présidence.)",False
89352,"(à dix-sept heures cinquante, m. sylvain waserman remplace m. marc le fur au fauteuil de la présidence.)",False
90075,"tout est dit, effectivement ! merci, ma chère collègue.",False
90076,ce rapport pourrait être rédigé par un groupe de travail associant quatre représentants de l'administration et quatre représentants d'associations.,True
90318,"(la séance, suspendue à seize heures dix, est reprise à seize heures vingt-cinq, sous la présidence de m. marc le fur.)",False
91244,la suite de la discussion est renvoyée à la prochaine séance.,True
91547,"(la séance, suspendue à seize heures vingt-cinq, est reprise à seize heures trente, sous la présidence de m. sacha houlié.)",False
93599,"(à dix-sept heures dix, m. sylvain waserman remplace mme annie genevard au fauteuil de la présidence.)",False
93928,"(à dix-neuf heures, m. sacha houlié remplace m. sylvain waserman au fauteuil de la présidence.)",False
96724,caricatural !,True
96731,j'en suis persuadé !,True
96732,"…nous tenons à eux, et ils bénéficieront quand même, ne l'oublions pas, d'une augmentation de salaire de 4 % cette année.certes, un certain nombre de ",False
96742,très bien !,True
96901,"(à dix-neuf heures quinze, m. sacha houlié remplace m. françois de rugy au fauteuil de la présidence.)",False
97238,"monsieur le président, vous avez mis l'amendement aux voix trop vite ! si vous ne me donnez pas la parole, je demanderai une suspension de séance !",False
97548,"(la séance, suspendue à dix-sept heures cinq, est reprise à dix-sept heures quinze, sous la présidence de m. hugues renson.)",False
97986,"nous proposons, quant à nous, qu'un dialogue social performant se poursuive dans la durée. c'est la raison pour laquelle nous proposons de remettre en",True
98467,"(la séance, suspendue à seize heures vingt-cinq, est reprise à seize heures trente-cinq, sous la présidence de m. sylvain waserman.)",False
100057,(la séance est ouverte à quinze heures.),False
101492,"(à dix-neuf heures dix, mme annie genevard remplace mme carole bureau-bonnard au fauteuil de la présidence.)",False
101950,"(la séance, suspendue à seize heures cinquante-cinq, est reprise à dix-sept heures dix, sous la présidence de mme carole bureau-bonnard.)",False
104733,"(à vingt-deux heures trente-cinq, m. sacha houlié remplace m. marc le fur au fauteuil de la présidence.)",False
106316,"(la séance, suspendue à seize heures cinq, est reprise à seize heures trente, sous la présidence de mme annie genevard.)",False
107743,"(la séance, suspendue à seize heures dix, est reprise à seize heures trente, sous la présidence de m. marc le fur.)",False
109195,"(la séance, suspendue à quinze heures, est reprise à quinze heures quinze, sous la présidence de m. françois de rugy.)",False
109213,"(à quinze heures vingt-cinq, mme carole bureau-bonnard remplace m. françois de rugy au fauteuil de la présidence.)",False
109253,"(à seize heures, m. sacha houlié remplace mme carole bureau-bonnard au fauteuil de la présidence.)",False
110310,nous avons achevé l'examen des articles de la proposition de loi.,True
111715,"(à neuf heures quarante-cinq, m. sylvain waserman remplace m. marc le fur au fauteuil de la présidence.)",False
112139,"(la séance, suspendue à dix-sept heures cinq, est reprise à dix-sept heures quinze, sous la présidence de mme carole bureau-bonnard.)",False
113007,"(la séance, suspendue à seize heures dix, est reprise à seize heures vingt-cinq, sous la présidence de mme carole bureau-bonnard.)",False
116836,"la parole est à mme valérie rabault, pour soutenir le sous-amendement no 60.",False
117024,"merci, madame la présidente !",True
117437,"(la séance, suspendue à douze heures cinq, est reprise à douze heures dix, sous la présidence de m. hugues renson.)",False
117715,"(la séance, suspendue à dix-sept heures cinq, est reprise à dix-sept heures vingt, sous la présidence de mme carole bureau-bonnard.)",False
118187,il n'est pas interdit de réfléchir !,False
118188,"…mais le message politique consistant, en plus de l'annulation de l'impôt, à réserver un avantage au titre de l'année 2018 aux seuls propriétaires des",False
118208,très bien !,True
118217,mais ce n'est pas de nature législative !,False
118218,"tous les centres des finances publiques ne sont pas prêts à engager une telle démarche. par ailleurs, je ne voudrais surtout pas que mon sous-amendeme",True
118223,très bien !,True
118790,"(la séance, suspendue à seize heures cinq, est reprise à seize heures vingt, sous la présidence de m. hugues renson.)",False
119085,"(l'amendement no 116, accepté par le gouvernement, est adopté.)",False
120439,"(la séance, suspendue à seize heures quinze , est reprise à seize heures quarante, sous la présidence de m. sylvain waserman.)",False
120820,très bien !,True
120827,elle a été supprimée !,True
120828,mangent-ils des enfants ?,False
120829,bénéficieront-ils de la suppression de cette dernière ? quelles poursuites seront engagées contre eux ?mme gourault a admis que les zadistes s'armaien,False
120831,"irez-vous au devant des zadistes, qui se livrent à un chantage à la violence ou, au contraire, prendrez-vous des dispositions pour sanctionner ces occ",False
120839,et l'intérêt des étudiants ?,False
120840,"par ailleurs, vous avez tout à fait raison de considérer que l'accès à l'enseignement supérieur est un droit constitutionnel ; celui-ci a d'ailleurs é",True
120841,je viens de dire le contraire ! soyez un peu honnête !,False
120843,vous devriez créer des places dans les universités !,False
120844,"pour notre part, nous mettons en place un autre dispositif. j'ai bien compris que vous pensiez que j'allais accuser le système précédent pour mieux ju",True
120845,ce n'est pas ce que disent les enseignants!,False
120846,"d'abord, les élèves, aujourd'hui, contrairement à ce qui se passait auparavant, sont conseillés : c'est une réalité que vous ne pouvez pas nier. de fa",False
121144,"(la séance, suspendue à seize heures quinze, est reprise à seize heures trente-cinq, sous la présidence de m. hugues renson.)",False
122967,"(la séance, suspendue à seize heures dix, est reprise à seize heures vingt-cinq, sous la présidence de mme annie genevard.)",False
123066,"(à dix-sept heures quarante-cinq, m. hugues renson remplace mme annie genevard au fauteuil de la présidence.)",False
124278,"(la séance, suspendue à seize heures cinq, est reprise à seize heures vingt, sous la présidence de mme carole bureau-bonnard.)",False
129167,"(la séance, suspendue à seize heures quinze, est reprise à seize heures vingt-cinq, sous la présidence de m. sylvain waserman.)",False
131008,"(la séance, suspendue à seize heures cinq, est reprise à seize heures vingt-cinq, sous la présidence de m. hugues renson.)",False
131856,"(la séance, suspendue à dix-sept heures quinze, est reprise à dix-sept heures vingt, sous la présidence de m. hugues renson.)",False
132955,"(la séance, suspendue à seize heures cinquante-cinq, est reprise à dix-sept heures cinq, sous la présidence de m. yves jégo.)",False
134107,"(la séance, suspendue à seize heures dix, est reprise à seize heures vingt-cinq, sous la présidence de m. marc le fur.)",False
136084,"(la séance, suspendue à seize heures cinquante-cinq, est reprise à dix-sept heures cinq, sous la présidence de m. marc le fur.)",False
136196,"(à vingt et une heures quarante-cinq, m. sylvain waserman remplace m. marc le fur au fauteuil de la présidence.)",False
136209,"(à vingt et une heures cinquante-cinq, m. marc le fur remplace m. sylvain waserman au fauteuil de la présidence.)",False
136542,"(la séance, suspendue à seize heures cinq, est reprise à seize heures vingt, sous la présidence de m. marc le fur.)",False
137115,"(à douze heures, mme annie genevard remplace m. marc le fur au fauteuil de la présidence.)",False
138125,c'est du blabla !,True
138139,amen !,True
138140,"tels sont les mots qu'emmanuel macron, candidat à la présidence de la république, prononçait il y a tout juste un an, à vos côtés, lors de la présenta",True
138153,ce n'est pas un stade ici ! nous ne sommes pas des supporters !,False
138167,lequel ?,True
138168,"nous voulons construire, à partir de ces notions, une nouvelle justice plus proche du justiciable afin d'améliorer le service public rendu à l'ensembl",True
138181,il faut poser des actes demain !,False
138182,oui ! votez la proposition de loi buffet !,False
138183,quelle est la situation aujourd'hui ? un écart global de 25 % subsiste entre le salaire des femmes et celui des hommes – il est de 9 % à travail égal.,True
138213,"c'est vous qui l'avez voté, le cice !",False
138214,le groupe carrefour reste d'ailleurs bien discret sur le montant qui lui a été versé par l'état au titre du cice depuis 2013.,True
138221,très bien !,True
138225,c'est un séminaire socialiste ?,False
138257,c'est honteux !,True
138258,"je ne sais pas où trouver ce cas, car la moyenne de la taxe d'habitation au puy-en-velay pour de tels couples est au minimum de plus de 700 euros. (mê",False
138267,soyez modeste !,True
138298,"(la séance, suspendue à seize heures quinze, est reprise à seize heures vingt-cinq, sous la présidence de m. sylvain waserman.)",False
138333,"(à dix-sept heure cinq, m. marc le fur remplace m. sylvain waserman au fauteuil de la présidence.)",False
138393,"(à dix-sept heures dix-neuf, m. sylvain waserman remplace m. marc le fur au fauteuil de la présidence.)",False
139712,"chers collègues, ne vous inquiétez pas de la disparition du compteur du tableau d'affichage. en attendant que ce problème technique soit réglé, je peu",True
139879,"(la séance, suspendue à seize heures quinze, est reprise à seize heures trente-cinq, sous la présidence de m. hugues renson.)",False
140240,"(la séance, suspendue à seize heures cinqua nte-cinq, est reprise à dix-sept heures cinq, sous la présidence de m. hugues renson.)",False
141120,"(la séance, suspendue à seize heures quinze, est reprise à seize heures trente, sous la présidence de mme carole bureau-bonnard.)",False
144792,"(la séance, suspendue à dix-sept heures cinq, est reprise à dix-sept heures quinze , sous la présidence de mme carole bureau-bonnard.)",False
145530,"(la séance, suspendue à seize heures dix, est reprise à seize heures vingt, sous la présidence de m. hugues renson.)",False
146951,"(la séance, suspendue à seize heures dix, est reprise à seize heures trente, sous la présidence de mme annie genevard.)",False
147046,pas de ministre ?,False
147515,"(la séance, suspendue à seize heures dix, est reprise à seize heures vingt-cinq, sous la présidence de m. hugues renson.)",False
147530,"(à seize heures quarante, m. sylvain waserman remplace m. hugues renson au fauteuil de la présidence.)",False
148665,"(à quinze heures cinquante-cinq, mme carole bureau-bonnard remplace m. yves jégo au fauteuil de la présidence.)",False
150720,"(la séance, suspendue à seize heures dix, est reprise à seize heures trente, sous la présidence de m. hugues renson.)",False
152202,"(la séance, suspendue à seize heures dix, est reprise à seize heures trente, sous la présidence de m. marc le fur.)",False
153752,(le projet de loi est adopté.),False
155132,"(la séance, suspendue à dix-sept heures dix, est reprise à dix-sept heures vingt-cinq, sous la présidence de mme annie genevard.)",False
156335,"(la séance, suspendue à seize heures dix, est reprise à seize heures vingt, sous la présidence de m. sylvain waserman.)",False
156398,"(à dix-sept heures trente, mme carole bureau-bonnard remplace m. sylvain waserman au fauteuil de la présidence.)",False
157948,"(à quinze heures vingt-cinq, mme carole bureau-bonnard remplace m. françois de rugy au fauteuil de la présidence.)",False
162702,"allez, 1 million même !",False
162712,ils ont déjà repris vos idées : il ne faut pas non plus en demander trop !,False
162713,"là, nous allons faire en sorte que des personnes qui ont été déboutées de toutes les procédures puissent rester en france, suivant certaines modalités",True
162722,mais non ! on ne peut pas dire ça !,True
162766,très bien !,True
162795,c'est l'efficacité du nouveau monde !,False
162796,"on nous annonce également que nous siégerions jusqu'au mois d'août, dans le cadre d'une session extraordinaire très intense, alors qu'il y a encore qu",False
165032,"(la séance, suspendue à dix-huit heures dix, est reprise à dix-huit heures quinze, sous la présidence de m. françois de rugy.)",False
166302,"(à dix-sept heures quinze , mme carole bureau-bonnard remplace m. françois de rugy au fauteuil de la présidence.)",False
167101,"(la séance, suspendue à seize heures dix, est reprise à seize heures vingt-cinq, sous la présidence de m. yves jégo.)",False
168271,"(la séance, suspendue à seize heures cinq, est reprise à seize heures vingt, sous la présidence de m. yves jégo.)",False
168518,"(à dix-huit heures dix, m. sylvain waserman remplace m. yves jégo au fauteuil de la présidence.)",False
168587,"(à dix-huit heures trente, m. françois de rugy remplace m. sylvain waserman au fauteuil de la présidence.)",False
170113,"(la séance, suspendue à seize heures quinze, est reprise à seize heures trente, sous la présidence de m. hugues renson.)",False
171016,"(la séance, suspendue à seize heures dix, est reprise à seize heures vingt-cinq, sous la présidence de mme annie genevard.)",False
171261,"(à dix-sept heures cinquante, m. marc le fur remplace mme annie genevard au fauteuil de la présidence.)",False
171270,"(à dix-sept heures cinquante-cinq, mme carole bureau-bonnard remplace m. marc le fur au fauteuil de la présidence.)",False
172358,"madame autain, je n'ai pas pour habitude de prendre part aux débats, mais je ne laisserai pas faire des mises en cause personnelles sans répondre.peut",False
172362,"…mais, s'agissant des nominations, depuis que je suis président de l'assemblée nationale, j'ai transmis aux présidents de groupe l'intégralité des nom",False
172364,"pour ma part, j'ai tout fait avec les groupes. il y a de cela des traces écrites : courriers papiers et électroniques ; je vous les fournirai si vous ",True
172580,"(la séance, suspendue à onze heures cinquante-cinq, est reprise à douze heures, sous la présidence de m. hugues renson.)",False
173061,"(la séance, suspendue à seize heures quarante, est reprise à seize heures cinquante, sous la présidence de m. marc le fur.)",False
180933,"(la séance, suspendue à seize heures dix, est reprise à seize heures trente, sous la présidence de m. hugues renson.)",False
182673,"(la séance, suspendue à seize heures cinq, est reprise à seize heures vingt, sous la présidence de mme carole bureau-bonnard.)",False
182763,ah bon ?,True
182764,"la parole est à m. françois pupponi, pour un rappel au règlement.",True
186763,"la parole est à m. thomas rudigoz, pour un dernier rappel au règlement.",False
192842,"(à dix-sept heures vingt, m. marc le fur remplace m. françois de rugy au fauteuil de la présidence.)",False
193388,quel est l'avis du gouvernement ?,True
193389,même avis.,True
193552,"(à vingt-deux heures vingt, mme annie genevard remplace m. marc le fur au fauteuil de la présidence.)",False
194165,"(la séance, suspendue à seize heures dix, est reprise à seize heures vingt, sous la présidence de m. yves jégo.)",False
194242,il s'agit d'un amendement de repli visant à fixer à 33 % du nombre de résidences principales le plafond de logements sociaux d'une commune. cette limi,True
200567,"(la séance, suspendue à dix heures, est reprise à dix heures deux, sous la présidence de m. sylvain waserman.)",False
200623,"(la séance, suspendue à dix heures cinquante, est reprise à dix heures cinquante-cinq, sous la présidence de m. yves jégo.)",False
201026,"(la séance, suspendue à dix-sept heures cinq, est reprise à dix-sept heures quinze, sous la présidence de m. hugues renson.)",False
202587,"(la séance, suspendue à dix-huit heures trente-cinq, est reprise à dix-huit heures quarante, sous la présidence de mme annie genevard.)",False
205854,"(à douze heures cinq, m. hugues renson remplace m. marc le fur au fauteuil de la présidence.)",False
205864,"(à douze heures dix, m. marc le fur remplace m. hugues renson au fauteuil de la présidence.)",False
208635,"(à dix-sept heures vingt, m. hugues renson remplace m. françois de rugy au fauteuil de la présidence.)",False
209230,(m. sylvain waserman remplace m. françois de rugy au fauteuil de la présidence.),False
209765,nous avons terminé les questions au gouvernement.,True
209767,"(la séance, suspendue à seize heures cinq, est reprise à seize heures vingt, sous la présidence de m. hugues renson.)",False
211306,"(à dix-neuf heures cinq, m. hugues renson remplace mme carole bureau-bonnard au fauteuil de la présidence.)",False
211995,"(la séance, suspendue à seize heures vingt-cinq, est reprise à seize heures trente-cinq, sous la présidence de mme carole bureau-bonnard.)",False
213236,"(la séance, suspendue à seize heures dix, est reprise à seize heures vingt, sous la présidence de m. hugues renson.)",False
213903,nous avons terminé les questions au gouvernement.,True
213905,"(la séance, suspendue à seize heures dix, est reprise à seize heures vingt, sous la présidence de m. marc le fur.)",False
217080,nous avons achevé l'examen des articles de la proposition de loi.,True
217399,"(la séance, suspendue à seize heures quinze, est reprise à seize heures trente, sous la présidence de mme annie genevard.)",False
218673,"(la séance, suspendue à seize heures dix, est reprise à seize heures trente, sous la présidence de m. hugues renson.)",False
221601,"(la séance, suspendue à seize heures dix, est reprise à seize heures vingt-cinq, sous la présidence de mme carole bureau-bonnard.)",False
221874,"l'amendement no 94, qui était identique aux amendements sous-amendés, est donc satisfait, madame dumas. la parole est à mme elsa faucillon, pour soute",True
222519,"(la séance, suspendue à seize heures cinq, est reprise à seize heures quinze , sous la présidence de m. sylvain waserman.)",False
222622,"nous vous écoutons, monsieur potier.",False
222623,"monsieur le secrétaire d'état, je disais que la critique en creux porte sur le système, sur le déficit d'ambition en matière d'infrastructures permett",False
225415,"pour être efficace, le dispositif ne doit pas se limiter aux eaux françaises : il doit couvrir la totalité du bassin maritime. en 2020, la france soum",True
225783,"(la séance, suspendue à seize heures quinze, est reprise à seize heures vingt-cinq, sous la présidence de mme annie genevard.)",False
226486,"(la séance, suspendue à dix-neuf heures quinze, est reprise à dix-neuf heures vingt, sous la présidence de m. marc le fur.)",False
226828,"cela aussi, nous l'avons supprimé en commission. nous avons ainsi affirmé notre volonté de ne pas organiser les secrets de famille et de respecter la ",True
226840,"(à dix-sept heures cinquante-cinq, m. hugues renson remplace m. richard ferrand au fauteuil de la présidence.)",False
226843,je vous proposerai en séance un nouvel amendement indiquant explicitement que les conditions de l'interruption médicale de grossesse énoncées à l'arti,True
226884,"(à dix-neuf heure s , m. richard ferrand remplace m. hugues renson au fauteuil de la présidence.)",False
227667,la parole est à m. hervé saulignac.,True
227668,on comprend très bien pourquoi certains voudraient qu'on maintienne absolument la notion d'infertilité dans la loi : on pourrait exiger d'un couple de,True
227671,la parole est à mme coralie dubost.,True
227672,"je suis très touchée par l'amendement qui porte la reconnaissance du projet parental, et j'ai bien entendu m. saulignac dire que ce droit nouveau ne d",True
228516,"(la séance, suspendue à seize heures cinquante, est reprise à dix-sept heures, sous la présidence de m. marc le fur.)",False
228828,"(à dix-neuf heures trente, mme annie genevard remplace m. marc le fur au fauteuil de la présidence.)",False
229776,"(à douze heures, mme annie genevard remplace m. marc le fur au fauteuil de la présidence.)",False
230995,"mes chers collègues, voici le résultat du scrutin pour l'élection des vice-présidents de l'assemblée nationale.nombre de votants : 224bulletins blancs",False
231369,"en revanche, nous vous avons poussé dans vos retranchements s'agissant des centrales d'achat, débat que charles de courson, philippe vigier et moi-mêm",True
231419,"(la séance, suspendue à dix-sept heures cinquante-cinq, est reprise à dix-huit heures cinq , sous la présidence de mme carole bureau-bonnard.)",False
232448,"(la séance, suspendue à seize heures cinq, est reprise à seize heures quinze, sous la présidence de m. sylvain waserman.)",False
234322,"m. peu est parti également, mais nous avons auditionné tous les syndicats de la poste : ils sont tous conscients – à une organisation près, qui avait ",True
236469,ils sont retirés .,False
236790,"(la séance, suspendue à dix-sept heures cinq, est reprise à dix-sept heures quinze , sous la présidence de m. maurice leroy.)",False
237756,"en troisième lieu, l'article 6, relatif à la publication des sanctions administratives, a été modifié. la cmp a supprimé l'extension de celles-ci aux ",True
237956,"(la séance, suspendue à onze heures trente-six, est reprise à onze heures trente-huit, sous la présidence de mme annie genevard.)",False
239011,"(à dix-sept heures, mme carole bureau-bonnard remplace m. richard ferrand au fauteuil de la présidence.)",False
239957,"(à dix-huit heures, m. sylvain waserman remplace m. richard ferrand au fauteuil de la présidence.)",False
241106,"(la séance, suspendue à seize heures dix, est reprise à seize heures vingt-cinq, sous la présidence de m. hugues renson.)",False
243533,,False
247498,"(à seize heures trente, mme carole bureau-bonnard remplace m. maurice leroy au fauteuil de la présidence.)",False
247530,"(à dix-sept heures dix, m. maurice leroy remplace mme carole bureau-bonnard au fauteuil de la présidence.)",False
249260,"(à dix-huit heures, m. hugues renson remplace m. richard ferrand au fauteuil de la présidence.)",False
249657,,False
249747,"(la séance, suspendue à seize heures cinq, est reprise à seize heures vingt, sous la présidence de mme annie genevard.)",False
251454,"l'ordre du jour appelle la suite de la discussion du projet de loi de financement de la sécurité sociale pour 2019 (nos 1297, 1336, 1309).la parole es",False
251461,"ce matin, l'assemblée a poursuivi la discussion des articles de la troisième partie du projet de loi, s'arrêtant aux amendements identiques, nos 296 e",False
256198,"(la séance, suspendue à seize heures dix, est reprise à seize heures vingt, sous la présidence de m. marc le fur.)",False
257443,"(la séance, suspendue à seize heures trente-cinq, est reprise à seize heures quarante, sous la présidence de m. richard ferrand.)",False
258866,"(la séance, suspendue à seize heures quinze, est reprise à seize heures trente-cinq, sous la présidence de m. maurice leroy.)",False
259711,"(la séance, suspendue à dix-sept heures vingt, est reprise à dix-sept heures trente-cinq, sous la présidence de mme annie genevard.)",False
261170,"(à dix-neuf heures vingt, mme carole bureau-bonnard remplace m. sylvain waserman au fauteuil de la présidence.)",False
262020,"(la séance, suspendue à une heure vingt-cinq, est reprise à une heure trente-cinq, sous la présidence de m. richard ferrand.)",False
263722,"cet après-midi, l'assemblée a commencé la discussion des articles de la première partie du projet de loi, s'arrêtant à l'article 4 et à l'état a annex",False
265067,"(la séance, suspendue à seize heures quinze, est reprise à seize heures vingt-cinq, sous la présidence de m. marc le fur.)",False
266710,"(la séance, suspendue à seize heures cinq , est reprise à seize heures vingt, sous la présidence de mme annie genevard.)",False
266862,"(à dix-huit heures trente, m. marc le fur remplace mme annie genevard au fauteuil de la présidence.)",False
272542,"(la séance, suspendue à dix-sept heures dix, est reprise à dix-sept heures vingt, sous la présidence de m. sylvain waserman.)",False
273496,"(la séance, suspendue à seize heures quinze, est reprise à seize heures trente-cinq, sous la présidence de m. hugues renson.)",False
279813,"(la séance, suspendue à seize heures quinze, est reprise à seize heures quarante, sous la présidence de m. maurice leroy.)",False
281053,"(la séance, suspendue à seize heures cinq, est reprise à seize heures vingt, sous la présidence de m. marc le fur.)",False
282923,"(la séance, suspendue à dix-huit heures vingt-cinq, est reprise à dix-huit heures trente, sous la présidence de m. marc le fur.)",False
284033,"(la séance, suspendue à seize heures v ingt , est reprise à seize heures t rente-cinq , sous la présidence de m. maurice leroy.)",False
287824,"la parole est à mme la ministre chargée des affaires européennes, pour donner l'avis du gouvernement.",False
287825,j'ai déjà expliqué pourquoi l'urgence et le caractère particulier d'une éventuelle sortie du royaume-uni sans accord exigeaient le passage par les ord,True
288397,"(à dix heures vingt, mme annie genevard remplace m. marc le fur au fauteuil de la présidence.)",False
288409,"(à dix heures trente-cinq, m. marc le fur remplace mme annie genevard au fauteuil de la présidence.)",False
288846,"(la séance, suspendue à seize heures trente , est reprise à seize heures quarante , sous la présidence de m. marc le fur.)",False
290019,"je veux, moi aussi, au nom de mon groupe, réaffirmer notre émotion et notre solidarité avec les familles et appeler à la solidarité nationale, à l'uni",True
290316,"(la séance, suspendue à seize heures quinze, est reprise à seize heures vingt-cinq, sous la présidence de mme carole bureau-bonnard.)",False
292629,"(la séance, suspendue à seize heures quinze, est reprise à seize heures vingt-cinq, sous la présidence de m. hugues renson.)",False
292944,"(à dix-sept heures cinquante-cinq, mme carole bureau-bonnard remplace m. hugues renson au fauteuil de la présidence.)",False
293514,le sénat a supprimé l'article 10.,False
293516,le sénat a supprimé l'article 10.,False
294750,le sénat a supprimé l'article 55 septdecies.,False
294923,le sénat a supprimé l'article 58 ter.,False
294924,"la parole est à m. le rapporteur général, pour soutenir l'amendement no 962 qui fait l'objet de trois sous-amendements nos 1289, 1346 et 1335.",False
294991,"oui, monsieur le président, défendu.",False
294992,"la parole est à m. loïc prud'homme, pour soutenir le sous-amendement no 1306.",True
295023,monsieur le président !,True
295359,je veux bien payer le timbre !,False
295360,"je prends l'engagement de le faire d'ici à la lecture définitive, jeudi.s'agissant de l'amendement, l'avis du gouvernement est défavorable. (sourires.",False
295386,bien !,True
295387,"…deux départements qui d'habitude émargent, sauf erreur, au fonds de péréquation.",False
295656,"(la séance, suspendue à seize heures dix, est reprise à seize heures vingt-cinq, sous la présidence de mme carole bureau-bonnard.)",False
298132,nous avons terminé les questions au gouvernement.,True
298136,"(la séance, suspendue à seize heures vingt, est reprise à seize heures quarante, sous la présidence de m. hugues renson.)",False
298871,"(la séance, suspendue à seize heures d ix , est reprise à seize heures t rente , sous la présidence de m. marc le fur.)",False
299279,"(à vingt-deux heures dix, m. sylvain waserman remplace m. hugues renson au fauteuil de la présidence.)",False
299932,"(à onze heures cinq, m. hugues renson remplace mme carole bureau-bonnard au fauteuil de la présidence.)",False
301435,la commission a supprimé l'article 50 bis.,True
302223,"(la séance, suspendue à dix-sept heures dix, est reprise à dix-sept heures vingt, sous la présidence de mme carole bureau-bonnard.)",False
302241,nous avons réaffirmé le caractère territorial de l'établissement et tenu à mentionner les agences régionales de la biodiversité afin de ne pas remettr,True
302301,"(à dix-huit heures vingt, m. francis vercamer remplace mme carole bureau-bonnard au fauteuil de la présidence.)",False
304587,"(la séance, suspendue à seize heures cinq, est reprise à seize heures vingt, sous la présidence de m. francis vercamer.)",False
305349,"(la séance, suspendue à seize heures quinze, est reprise à seize heures trente, sous la présidence de m. hugues renson.)",False
307080,"(à dix-huit heures cinquante, m. francis vercamer remplace mme annie genevard au fauteuil de la présidence.)",False
308242,"(la séance, suspendue à dix-sept heures, est reprise à dix-sept heures dix , sous la présidence de mme carole bureau-bonnard.)",False
308870,"(la séance, suspendue à dix-sept heures dix, est reprise à dix-sept heures quinze, sous la présidence de mme annie genevard.)",False
310360,"(la séance, suspendue à seize heures vingt-cinq, est reprise à seize heures quarante, sous la présidence de m. marc le fur.)",False
311563,nous avons terminé les questions au gouvernement.,True
311565,"(la séance, suspendue à seize heures dix, est reprise à seize heures vingt, sous la présidence de m. sylvain waserman.)",False
312730,"(à dix heures dix, m. hugues renson remplace m. sylvain waserman au fauteuil de la présidence.)",False
312810,"(à onze heures cinq, m. sylvain waserman remplace m. hugues renson au fauteuil de la présidence.)",False
314053,"(à zéro heure cinquante, mme annie genevard remplace m. marc le fur au fauteuil de la présidence.)",False
314439,la parole est à m. le ministre.,True
315433,"je félicite les deux députés pour ce travail très intéressant, qui permet de souligner l'importance de la question. hier, lorsque nous avons parlé des",True
317476,nous voici arrivés au bout de la première étape du parcours législatif du projet de loi pour une école de la confiance. nos débats en commission et en,True
317530,"(la séance, suspendue à dix-sept heures quinze, est reprise à dix-sept heures vingt-cinq, sous la présidence de mme annie genevard.)",False
318235,"(la séance, suspendue à seize heures cinq, est reprise à seize heures quarante-cinq, sous la présidence de mme carole bureau-bonnard.)",False
318717,"vous en avez déposé une, ce qui témoigne de votre mauvaise foi.",True
319876,"(la séance, suspendue à seize heures cinq, est reprise à seize heures vingt, sous la présidence de m. sylvain waserman.)",False
321725,"(à dix-sept heures cinquante-cinq, m. sylvain waserman remplace mme annie genevard au fauteuil de la présidence.)",False
322200,"(à dix-huit heures cinquante-cinq, m. francis vercamer remplace m. richard ferrand au fauteuil de la présidence.)",False
322993,"(la séance, suspendue à seize heures quinze, est reprise à seize heures trente, sous la présidence de m. francis vercamer.)",False
325212,"(la séance, suspendue à seize heures quinze, est reprise à seize heures trente, sous la présidence de mme annie genevard.)",False
325364,"(la séance, suspendue à dix-huit heures vingt, est reprise à dix-huit heures trente-cinq, sous la présidence de m. francis vercamer.)",False
327759,"(à neuf heures trente-deux , m. francis vercamer remplace mme annie genevard au fauteuil de la présidence.)",False
327764,"(à neuf heures trente-cinq , mme annie genevard remplace m. francis vercamer au fauteuil de la présidence.)",False
328289,"(à douze heures vingt-cinq, m. francis vercamer remplace mme annie genevard au fauteuil de la présidence.)",False
329815,la commission a maintenu la suppression par le sénat de l'article 27 septies a.,False
329820,la commission a maintenu la suppression par le sénat de l'article 27 octies.,False
330231,la commission a supprimé l'article 57 bis da.,False
330536,la commission a maintenu la suppression par le sénat de l'article 61 bis.,False
330632,la commission a maintenu la suppression par le sénat de l'article 61 duodecies.,False
330818,vous parlez de m. castaner ? (sourires.),False
330819,"…et qui, pour cette raison, fait une chute en regagnant sa chambre après une promenade hors de l'établissement peut attaquer l'hôtel en justice. ce n'",False
330879,la commission a maintenu la suppression par le sénat de l'article 71 quater.,False
331986,"(la séance, suspendue à seize heures quinze, est reprise à seize heures vingt-cinq, sous la présidence de m. hugues renson.)",False
333223,"(la séance, suspendue à seize heures dix, est reprise à seize heures trente, sous la présidence de m. marc le fur.)",False
339590,"(la séance, suspendue à dix-sept heures quinze, est reprise à dix-sept heures trente, sous la présidence de mme carole bureau-bonnard.)",False
340048,"(la séance, suspendue à seize heures dix, est reprise à seize heures vingt, sous la présidence de mme carole bureau-bonnard.)",False
340125,"(à dix-huit heures dix, mme annie genevard remplace mme carole bureau-bonnard au fauteuil de la présidence.)",False
340659,la commission a maintenu la suppression par le sénat de l'article 16.,False
342449,"(la séance, suspendue à seize heures quinze, est reprise à seize heures vingt-cinq, sous la présidence de m. francis vercamer.)",False
344201,"(à dix-h uit heures t rente , m. hugues renson remplace m. sylvain waserman au fauteuil de la présidence.)",False
346427,"(la séance, suspendue à seize heures dix , est reprise à seize heures trente , sous la présidence de m. marc le fur.)",False
346506,"je vois là une forme de paradoxe, sinon de contradiction, entre la nécessité d'être éclairé et l'impérieuse nécessité, rappelée par nombre d'entre vou",True
346507,"monsieur nury, vous estimez que le délai d'instruction est trop long. vous avez raison de faire de ce délai l'un de vos sujets de préoccupation. et da",True
348305,"(la séance, suspendue à seize heures dix, est reprise à seize heures vingt-cinq, sous la présidence de m. sylvain waserman.)",False
348472,"(à dix-neuf heures, mme carole bureau-bonnard remplace m. sylvain waserman au fauteuil de la présidence.)",False
349422,"(la séance, suspendue à seize heures dix, est reprise à seize heures vingt-cinq, sous la présidence de m. hugues renson.)",False
352811,"(la séance, suspendue à seize heures dix, est reprise à seize heures trente, sous la présidence de m. hugues renson.)",False
353900,"(la séance, suspendue à seize heures dix, est reprise à seize heures vingt, sous la présidence de mme annie genevard.)",False
354028,"(à dix-huit heures quarante, mme carole bureau-bonnard remplace mme annie genevard au fauteuil de la présidence.)",False
358732,"(la séance, suspendue à seize heures quinze, est reprise à seize heures vingt-cinq, sous la présidence de m. francis vercamer.)",False
361325,"(à dix heures trente, m. hugues renson remplace m. sylvain waserman au fauteuil de la présidence.)",False
361370,"(à onze heures trente, m. sylvain waserman remplace m. hugues renson au fauteuil de la présidence.)",False
361563,"(la séance, suspendue à seize heures dix, est reprise à seize heures trente, sous la présidence de m. francis vercamer.)",False
361597,"(la séance, suspendue à dix-sept heures quinze, est reprise à dix-sept heures vingt-cinq, sous la présidence de m. richard ferrand.)",False
362102,"(à vingt-deux heures vingt, m. francis vercamer remplace m. richard ferrand au fauteuil de la présidence.)",False
362118,"(à vingt-deux heures trente, m. richard ferrand remplace m. f rancis vercamer au fauteuil de la présidence.)",False
362782,"(à dix-sept heures vingt-cinq, mme carole bureau-bonnard remplace m. richard ferrand au fauteuil de la présidence.)",False
362826,"(à dix-sept heures cinquante-c inq , m. richard ferrand remplace mme carole bureau-bonnard au fauteuil de la présidence.)",False
363128,"(à dix-neuf heures quarante-cinq, mme carole bureau-bonnard remplace m. richard ferrand au fauteuil de la présidence.)",False
363185,"(à vingt heures, m. richard ferrand remplace mme carole bureau-bonnard au fauteuil de la présidence.)",False
363251,"par ailleurs, l'application actuelle du droit à la prise est susceptible de créer des inégalités entre les occupants d'un même immeuble collectif. au-",True
364086,"(la séance, suspendue à dix-sept heures cinq, est reprise à dix-sept heures vingt, sous la présidence de m. hugues renson.)",False
365230,"(la séance, suspendue à seize heures cinq, est reprise à seize heures vingt, sous la présidence de mme carole bureau-bonnard.)",False
368530,"(la séance, suspendue à dix heures vingt-cinq, est reprise à dix heures trente-cinq, sous la présidence de m. sylvain waserman.)",False
368816,"(à quinze heures quinze, mme carole bureau-bonnard remplace m. richard ferrand au fauteuil de la présidence.)",False
370287,"(la séance, suspendue à seize heures cinq, est reprise à seize heures vingt-cinq, sous la présidence de m. francis vercamer.)",False
371347,"(à seize heures quarante-cinq, mme annie genevard remplace m. richard ferrand au fauteuil de la présidence.)",False
371383,"(la séance, suspendue à dix-sept heures, est reprise à dix-sept heures cinq, sous la présidence de m. richard ferrand.)",False
375975,"(la séance, suspendue à dix-huit heures, est reprise à dix-huit heures dix, sous la présidence de mme annie genevard.)",False
375978,la parole est à mme sarah el haïry.,True
376691,"(la séance, suspendue à dix-sept heures dix, est reprise à dix-sept heures quinze, sous la présidence de m. francis vercamer.)",False
376824,"(à vingt heures cinq , mme carole bureau-bonnard remplace m. francis vercamer au fauteuil de la présidence.)",False
377225,"(la séance, suspendue à seize heures dix, est reprise à seize heures vingt, sous la présidence de mme annie genevard.)",False
380051,"(la séance, suspendue à seize heures quinze, est reprise à seize heures vingt-cinq, sous la présidence de mme carole bureau-bonnard.)",False
381591,"(la séance, suspendue à seize heures dix, est reprise à seize heures trente, sous la présidence de m. marc le fur.)",False
383207,"(à dix-huit heures, m. marc le fur remplace m. hugues renson au fauteuil de la présidence.)",False
389883,"(à dix-huit heures cinq, m. sylvain waserman remplace m. hugues renson au fauteuil de la présidence.)",False
393362,"(la séance, suspendue à seize heures cinquante-cinq, est reprise à dix-sept heures dix, sous la présidence de m. marc le fur.)",False
393934,"(la séance, suspendue à dix-sept heures cinq, est reprise à dix-sept heures quinze, sous la présidence de m. david habib.)",False
394716,"le second texte est le projet de loi organique que nous commençons maintenant à examiner. il a pour objet de proroger le mandat des membres du cese, d",True
395619,"(la séance, suspendue à dix-sept heures dix, est reprise à dix-sept heures vingt, sous la présidence de m. sylvain waserman.)",False
396648,"ensuite, la ropa n'est pas à proprement parler un don, à moins de considérer qu'un père ou une mère fait un don chaque fois qu'il procrée ! mais nous ",True
398723,quel est l'avis de la commission ?,True
400238,"madame la rapporteure suppléante, reprenez-vous l'amendement no 2005 de m. hervé saulignac ?",True
400315,"m. adam m'a demandé une date. l'étude prend au minimum douze mois, ce qui était la durée de l'étude précédente. j'espère qu'au printemps prochain, soi",True
400316,"toutefois, je n'en sais rien aujourd'hui, sinon je ne lancerais pas d'étude pour le démontrer. rendez-vous au printemps prochain, et croyez en ma moti",True
400457,"marc le fur a eu raison de rappeler que les racines de nos engagements respectifs et opposés sont idéologiques et profondes. c'est vrai, s'il fallait ",True
400458,"j'en viens à la conception selon laquelle la connaissance de ses origines serait un droit. vous en trouverez des traces, c'est incontestable, dans le ",True
400461,"poursuivons la querelle philologique, puisque nous l'avons commencée. le terme « émancipation » vient du latin « ex mancipium » et signifie sortir du ",True
400462,"j'ai plaidé en son temps contre la levée de l'anonymat des femmes accouchant sous x, parce que je pensais déjà qu'il était erroné de croire que l'enfa",True
400463,"permettez-moi de vous donner un exemple qui me cuit. le jour où j'ai appris que j'étais grand-père, j'ai mis en doute mes certitudes car je sentais mi",True
400464,le hasard bienveillant de l'existence a fait que je me trouvais en argentine à ce moment-là et que j'avais rendez-vous avec les grands-mères de la pla,True
400465,"ces femmes, qui demandaient à ce que leurs petits-enfants leur soient rendus, nous bouleversaient. je me suis décidé à discuter de manière plus approf",True
400468,"puisque marc le fur est gaulliste, je le renvoie à malraux qui considère, dans la condition humaine, que ses semblables ne sont pas ceux qui le jugent",True
400469,c'est cette leçon que je veux faire valoir dans nos débats. je n'ai pas d'autre prétention que d'appeler votre attention sur la réalité et la force ob,True
400474,permettez-moi de vous rapporter l'exemple de mon propre cas. ma famille descend d'esclaves d'origine martiniquaise qui ont séjourné sur l'île sénégala,True
400475,"aujourd'hui, je serais très heureux que mon pays encadre les recherches que je pourrais souhaiter faire pour retrouver mes racines martiniquaises, don",True
400476,"monsieur mélenchon, cette quête n'affectera sans doute pas la relation que j'entretiens avec l'autre partie de mes origines, qui se trouve au sénégal,",True
400479,je pense que nous partageons la même utopie d'un monde meilleur mais que nous n'avons pas choisi d'emprunter le même chemin pour y parvenir.,True
400480,"même si la discussion est intéressante, nous ne sommes pas là pour faire de la philosophie, de l'histoire ou chercher la vérité ; nous sommes là pour ",True
400481,peut-être les résultats sont-ils faux mais il demeure que la personne qui reçoit le bilan d'un test croit découvrir la vérité et ne remet pas en cause,True
400482,"remarquons enfin que le conseil d'état a suggéré, en juin 2018, de lever l'interdiction des tests généalogiques. c'est pourquoi nous avons déposé ces ",True
400488,"ainsi, la preuve formelle de ce refus serait apportée, ce qui protégerait le patient, dont la volonté serait respectée, et le personnel médical. l'obl",True
401802,"(à une heure, mme annie genevard remplace m. david habib au fauteuil de la présidence.)",False
401869,"(à une heure trente, m. david habib remplace mme annie genevard au fauteuil de la présidence.)",False
402568,"(la séance, suspendue à dix-sept heures quinze, est reprise à dix-sept heures trente, sous la présidence de m. hugues renson.)",False
403748,"les principes de sincérité, d'égalité, de transparence et d'impartialité seront ainsi inscrits dans la loi organique, ainsi que les garanties de bonne",True
406295,"(la séance, suspendue à seize heures cinquante-cinq, est reprise à dix-sept heures dix, sous la présidence de m. david habib.)",False
406761,quel est l'avis de la commission ?,True
406762,"l'alinéa 5 de l'article 2 prévoyant déjà l'actualisation de la programmation, l'avis sera défavorable.",True
409744,"(la séance, suspendue à dix-sept heures quinze, est reprise à dix-sept heures vingt-cinq, sous la présidence de m. david habib.)",False
413411,"(à dix heures vingt, m. sylvain waserman remplace m. richard ferrand au fauteuil de la présidence.)",False
413432,"(à onze heures d ix , m. richard ferrand remplace m. sylvain waserman au fauteuil de la présidence.)",False
413469,"(la séance, suspendue à onze heures cinquante, est reprise à onze heures cinquante-cinq, sous la présidence de m. marc le fur.)",False
416774,"(à dix-neuf heures cinq, m. hugues renson remplace m. richard ferrand au fauteuil de la présidence.)",False
417488,"(la séance, suspendue à dix-sept heures quinze, est reprise à dix-sept heures vingt-cinq, sous la présidence de mme laetitia saint-paul.)",False
419199,"pardon, cela concerne seulement m. gérard et mme hennion.la parole est à m. pierre dharréville. (brouhaha.)",False
420093,"(la séance, suspendue à dix-huit heures quinze, est reprise à dix-huit heures trente, sous la présidence de m. david habib.)",False
420110,…et je vous assure que cela fonctionne et donne toute satisfaction aux femmes concernées.,False
420111,la parole est à mme florence provendier.,True
420446,pardonnez-moi mais vous ne disposez pas de la délégation de votre président de groupe – je ne veux pas me mêler des affaires du groupe la république e,True
421694,"(la séance, suspendue à dix-huit heures trente, est reprise à dix-huit heures quarante-cinq, sous la présidence de mme laetitia saint-paul.)",False
422238,"je suis saisi de cinq amendements, nos 243, 861, 1350, 1618 et 1351, pouvant être soumis à une discussion commune. les amendements nos 243, 861, 1350 ",True
423045,"l'amendement défendu par le président chassaigne n'est pas, lui, contraire à la constitution – je le reconnais volontiers –, mais il montre que nous n",False
423130,"il y a une bonne nouvelle : quand on prend sa retraite – ce qui arrivera probablement plus tard que ce que l'on avait prévu –, on paie l'impôt sur sa ",False
425896,"les amendements rédactionnels nos 2710, 2711, 2712, 2713, 2714, 2715, 2716, 2717, 2718, 2719, 2720, 2721, 2722, 2723 et 2724 de m. joël giraud, rappor",True
426033,"sur l'amendement no 712, je suis saisi par le groupe socialistes et apparentés d'une demande de scrutin public.le scrutin est annoncé dans l'enceinte ",False
429934,la parole est à m. julien dive.,True
430403,"(à dix-neuf heures quarante-cinq, m. marc le fur remplace m. richard ferrand au fauteuil de la présidence.)",False
431930,"l'ordre du jour appelle la suite de la discussion du projet de loi de financement de la sécurité sociale pour 2020 (nos 2296, 2314, 2340).",False
435516,"je souhaiterais apporter un bref éclairage sur le financement de la recherche et des transferts de technologie par les collectivités territoriales, pr",True
436961,"(la séance, suspendue à dix-sept heures cinquante, est reprise à dix-huit heures, sous la présidence de mme laetitia saint-paul.)",False
438529,"l'ordre du jour appelle la suite de la discussion de la seconde partie du projet de loi de finances pour 2020 (nos 2272, 2301).",True
439480,"je souhaitais également vous interroger, monsieur le ministre, sur la possibilité de mettre en œuvre un contrat d'objectifs et de moyens – com – pour ",False
439517,"en effet, en septembre 2019 sont survenues la mise en liquidation judiciaire d'aigle azur, deuxième compagnie aérienne française, puis la mise en redr",True
439521,nous abordons l'examen des crédits relatifs à la mission « aide publique au développement » et au compte spécial « prêts à des états étrangers » (no 2,False
441150,"(la séance, suspendue à dix-sept heures cinq, est reprise à dix-sept heures vingt, sous la présidence de m. david habib.)",False
441189,"cela, c'est fini depuis un an !",True
442275,"(à seize heures cinquante, m. marc le fur remplace m. richard ferrand au fauteuil de la présidence.)",False
444531,"la parole est à m. mohamed laqhila, rapporteur spécial de la commission des finances, de l'économie générale et du contrôle budgétaire.",True
444532,"mon cher collègue, nous avons eu le même débat l'année dernière, sur des amendements similaires. ceux que vous défendez aujourd'hui représentent un mo",True
446086,"(la séance, suspendue à s eize heures cinquante-cinq , est reprise à dix-sept heures dix, sous la présidence de m. marc le fur.)",False
451299,"la parole est à mme la secrétaire d'état auprès du ministre de l'économie et des finances, pour donner l'avis du gouvernement.",True
453575,"(la séance, suspendue à dix-huit heures, est reprise à dix-huit heures dix, sous la présidence de mme laetitia saint-paul.)",False
459950,"(la séance, suspendue à dix-sept heures cinquante-cinq, est reprise à dix-huit heures cinq, sous la présidence de m. david habib.)",False
461854,"(la séance, suspendue à dix-sept heures cinq, est reprise à dix-sept heures quinze, sous la présidence de m. sylvain waserman.)",False
463262,"à ce titre, conformément à la promesse présidentielle, nous souhaitons réussir à recycler tous les plastiques d'ici 2025. la france se fixe également ",True
463483,"l'examen de ce projet de loi, qui va nous occuper les dix prochains jours, constitue un rendez-vous majeur pour l'avenir – vous l'avez rappelé, madame",True
463484,"je vous remercie, madame la secrétaire d'état, d'avoir rappelé l'objectif de la france pour 2030, qui est de réduire la consommation des ressources af",True
463489,quel est l'avis de la commission ?,True
463517,il est important de préciser dans le projet de loi que seuls des produits plastiques à la fois biosourcés et biodégradables pourront être mis sur le m,True
463520,"votre amendement serait toutefois difficile à appliquer. en effet, l'origine biosourcée d'un plastique ne signifie pas que le polymère est biodégradab",True
463523,"je ne crois pas, tout d'abord, qu'il faille systématiquement chercher des alternatives. il me paraît important, ensuite, de souligner que les plastiqu",True
463524,"je vous demande de bien vouloir retirer l'amendement, madame la députée. à défaut, l'avis sera défavorable.",True
463528,"l'amendement propose d'apporter de la cohérence au texte en interdisant, à partir du 1er janvier 2026, tout plastique non recyclable. si nous continuo",True
463531,"quant à une interdiction totale, je pense qu'il faut laisser le soin au gouvernement, en concertation avec les acteurs, de nous présenter une stratégi",True
463532,"je vous invite à retirer votre amendement, monsieur lambert. à défaut, l'avis sera défavorable.",True
463537,"cela ne veut pas nécessairement dire que les seringues médicales seront recyclées, madame la secrétaire d'état, mais qu'elles doivent être fabriquées ",True
463538,"j'en reviens à l'amendement. si le marché français autorise du plastique non recyclable en 2026, comment l'objectif de 100 % de plastique recyclé pour",True
463542,quel est l'avis de la commission ?,True
463549,"mon amendement propose de compléter cette disposition en poussant la logique jusqu'au bout et en précisant que sans tri préalable, il n'est pas seulem",True
463556,"je rappelle que les entreprises, hors secteur du bâtiment, sont à l'origine de 700 kilogrammes de déchets par habitant chaque année. elles doivent don",True
464722,"(la séance, suspendue à dix-sept heures, est reprise à dix-sept heures quinze, sous la présidence de m. hugues renson.)",False
466051,"premièrement, ces amendements soulèvent une question de conformité avec le droit de l'union européenne. tous, à l'exception de l'amendement no 1598 re",True
466425,eh oui !,True
466426,"ne jouez pas sur les mots, madame la députée. qu'avons-nous adopté ici tous ensemble ? l'interdiction du plastique jetable. vous passez sous silence l",True
471632,"(la séance, suspendue à dix-sept heures cinq, est reprise à dix-sept heures dix, sous la présidence de m. david habib.)",False
474654,"troisièmement, il faut éviter les situations de conflits d'intérêts, dans lesquelles une association attribuerait, au sein de la gouvernance du fonds,",True
475672,"en outre, elle a permis d'augmenter le taux de collecte de 20 % et de mieux lutter contre la filière illégale de gestion des deee : le fait que les co",True
477580,"(à onze heures cinq, mme annie genevard remplace m. marc le fur au fauteuil de la présidence.)",False
477591,"(à onze heures quinze, m. marc le fur remplace mme annie genevard au fauteuil de la présidence.)",False
478027,"(la séance, suspendue à dix-sept heures, est reprise à dix-sept heures vingt-cinq, sous la présidence de m. marc le fur.)",False
479495,"(la séance, suspendue à dix-sept heures cinq, est reprise à dix-sept heures vingt, sous la présidence de m. david habib.)",False
479553,la principale avancée de cette loi réside dans la reconnaissance d'un droit à la compensation des conséquences du handicap par la solidarité nationale,True
480148,"(la séance, suspendue à dix-sept heures, est reprise à dix-sept heures quinze, sous la présidence de m. sylvain waserman.)",False
480556,"(à vingt-deux heures cinquante, mme annie genevard remplace m. marc le fur au fauteuil de la présidence.)",False
480624,"(à vingt-trois heures cinq , m. marc le fur remplace mme annie genevard au fauteuil de la présidence.)",False
481934,"(la séance, suspendue à dix-sept heures cinq, est reprise à dix-sept heures vingt-cinq, sous la présidence de mme laetitia saint-paul.)",False
483762,"la notion de « populations intéressées » a été élargie plus fortement encore par suite des accords de matignon, qui prévoyaient que tous les calédonie",True
483972,"elle pose les jalons d'un nécessaire travail de recensement des textes qui empêchent l'accès des personnes atteintes d'une maladie chronique, notammen",True
484798,"(la séance, suspendue à seize heures cinquante-cinq, est reprise à dix-sept heures dix, sous la présidence de m. david habib.)",False
486578,"(la séance, suspendue à dix-sept heures cinq, est reprise à dix-sept heures vingt, sous la présidence de mme laetitia saint-paul.)",False
487167,"s'il y a bien un enseignement que nous pouvons tirer des manifestations sociales qui se sont succédé au cours des derniers mois, c'est celui de l'aspi",True
488431,"la nouvelle gouvernance du système de retraite, objet du titre iv qu'il me revient de rapporter, apporte une réponse claire et efficace à ces différen",True
491286,"(la séance, suspendue à dix-huit heures cinq, est reprise à dix-huit heures quinze , sous la présidence de mme annie genevard.)",False
492903,"(à quinze heures vingt, m. sylvain waserman remplace m. richard ferrand au fauteuil de la présidence.)",False
496277,"(à dix heures trente-cinq, m. sylvain waserman remplace m. richard ferrand au fauteuil de la présidence.)",False
496707,(paroles inaudibles.),False
497065,mais si !,True
497343,je n'ai pas bien suivi votre calcul. je ne sais pas d'où viennent les 1 750 euros par an dont vous parlez. cela correspond peut-être à 28 % de 6 000 e,True
502521,"(la séance, suspendue à dix-huit heures cinq, est reprise à dix-huit heures quinze, sous la présidence de m. hugues renson.)",False
503918,"c'est pourquoi tous ces éléments seront à la main du conseil d'administration de la future caisse, pour évaluer les conditions de l'équilibre futur. l",True
504145,"sur les amendements nos 95, 278, 503, 589, 5714 et autres, et 11107, 23630, 23839, 23900, 24097, 24124, 24647, 25349, 25384 et 35944, tous identiques,",True
507112,"…cela signifie, selon moi, que nous discutons toujours d'hypothèses, mais jamais du concret ! fin 2020, nous disposerons d'éléments qui, peut-être, no",False
507401,"monsieur lachaud, vous disiez tout à l'heure que les hommes du rang finiraient par être mieux payés que les officiers grâce aux primes que leur vaudra",True
507559,"le moins que l'on puisse dire, c'est que vous savez revivifier un hémicycle.",True
508812,je suis défavorable aux amendements de suppression de l'article.,True
509234,"(la séance, suspendue à dix-sept heures quinze, est reprise à dix-sept heures vingt-cinq, sous la présidence de m. richard ferrand.)",False
509722,"(la séance, suspendue à dix-sept heures, est reprise à dix-sept heures trente, sous la présidence de m. richard ferrand.)",False
513252,(m. sylvain waserman remplace m. richard ferrand au fauteuil de la présidence.),False
513901,"(la séance, suspendue à onze heures vingt-cinq , est reprise à onze heures quar ante, sous la présidence de m. sylvain waserman.)",False
514338,"(la séance, suspendue à seize heures quarante-cinq, est reprise à dix-sept heures vingt-cinq, sous la présidence de m. marc le fur.)",False
514844,"troisièmement, concernant les adaptations apportées à la procédure pénale, la commission est très vigilante. pourriez-vous nous donner, là encore, que",True
516430,"(à dix heures trente, m. hugues renson remplace m. richard ferrand au fauteuil de la présidence.)",False
516829,"(à seize heures trente, m. marc le fur remplace m. hugues renson au fauteuil de la présidence.)",False
517188,"(à dix-neuf heures cinq, mme annie genevard remplace m. marc le fur au fauteuil de la présidence.)",False
518684,"(à dix-huit heures dix, mme annie genevard remplace m. richard ferrand au fauteuil de la présidence.)",False
518716,"(à dix-huit heures trente-cinq, m. richard ferrand remplace mme annie genevard au fauteuil de la présidence.)",False
519295,"(la séance, suspendue à seize heures cinq, est reprise à seize heures quarante, sous la présidence de m. sylvain waserman.)",False
521679,"les amendements, nos 581 de m. pascal brindeau, 105 de mme marie-france lorho et 439 de mme agnès thill sont successivement défendus.quel est l'avis d",False
522496,"sur le fond, nous avons prolongé l'état d'urgence sanitaire jusqu'au 10 juillet, pour mieux nous donner les moyens de sortir de cette épreuve.dans le ",False
524825,deuxième argument : il faut se donner les moyens de rectifier le tir lorsque cela est nécessaire. de nombreuses filières s'accordent sur le fait que l,True
525051,"(à midi vingt, m. hugues renson remplace mme annie genevard au fauteuil de la présidence.)",False
525185,"l'amendement no 275 de m. pierre-henri dumont est défendu.la parole est à m. m'jid el guerrab, pour soutenir l'amendement no 383.",False
525255,"je suis saisi de deux amendements identiques, nos 258 et 300.l'amendement no 258 de m. jérôme lambert est retiré.",False
525257,l'amendement no 300 de m. alexis corbière est défendu.,True
525263,"les amendements nos 410 de m. alexandre holroyd et 145 de m. paul christophe sont retirés.la parole est à m. le rapporteur, pour soutenir l'amendement",False
526231,"(la séance, suspendue à dix-sept heures, est reprise à dix-sept heures dix, sous la présidence de mme annie genevard.)",False
526657,!,True
526658,à ma demande !,True
527738,"(à seize heures cinq, m. david habib remplace m. richard ferrand au fauteuil de la présidence.)",False
528542,"(la séance, suspendue à dix-sept heures vingt, est reprise à dix-sept heures vingt-cinq, sous la présidence de mme laetitia saint-paul.)",False
529296,"j'écouterai attentivement votre intervention. j'espère vraiment que vous ne répéterez pas, comme il y a deux ans : « on a réglé le problème ! ».quand ",False
529864,"(à dix-sept heures cinquante, mme laetitia saint-paul remplace m. sylvain waserman au fauteuil de la présidence.)",False
531448,"(la séance, suspendue à dix-sept heures cinq, est reprise à dix-sept heures v ingt , sous la présidence de m. hugues renson.)",False
532599,"c'est la raison pour laquelle, avec éric woerth et le groupe les républicains, nous vous présentons cette proposition de loi forte, juste et crédible.",True
532688,les différents orateurs ont évoqué quatre obstacles à l'adoption de la proposition de loi. ils ont tout d'abord souligné très légitimement le coût que,True
534694,"(la séance, suspendue à dix-sept heures cinq , est reprise à dix-sept heures quinze, sous la présidence de m. sylvain waserman.)",False
534928,cet avis établit « que l'épidémie est contrôlée avec cependant un virus qui continue de circuler » ; il dit très clairement que nous ne sommes plus en,True
540474,"(la séance, suspendue à dix-sept heures, est reprise à dix-sept heures quinze, sous la présidence de m. marc le fur.)",False
541350,"il y a ensuite le contrôle pédagogique assuré par les inspecteurs de l'éducation nationale, qui mènent un certain nombre d'enquêtes. c'est sur la base",True
541426,"concernant votre amendement, mon cher collègue, je suis défavorable à un contrôle pédagogique qui serait effectué deux fois par an, car il faut bien s",True
542561,"tout d'abord, comme vous venez de le dire, vous êtes contre le recours aux ordonnances. pourtant, en l'espèce, il est nécessaire car le délai de trans",True
545643,la maîtrise des dépenses sociales passera également par une amélioration de leur pilotage. la création l'an dernier d'une cinquième branche de la sécu,True
545647,"dans une sorte de répétition générale, tout y est passé : l'argument de la valeur travail pour justifier la baisse des allocations chômage ; la banali",True
545648,"désormais, le problème n'est même plus le déficit public, mais bien la dépense publique. autrement dit, la cible est bel et bien la place et le périmè",True
545832,"dès lors qu'il accepterait cette définition, le gouvernement adopterait une nouvelle classification des dépenses et pourrait en justifier la répartiti",True
546550,"pour le reste, examiner à part les recettes irait à l'encontre du principe même de la lfss et tendrait probablement à déresponsabiliser la sphère soci",True
551681,vous les menacez de 9 000 euros d'amende et de la fermeture administrative de l'établissement. un salarié vient travailler sans passe : voilà son sala,True
552241,"on constate une amélioration à la réunion, c'est vrai : le préfet vient de lever le confinement pendant la semaine, mais pas pendant le week-end, où l",True
554024,"permettez-moi d'apporter quelques explications. en france, le principe est celui de la confusion des peines : une personne sanctionnée deux fois reste",True
554753,"la finalité est ici la même : assurer la sécurité des forces de sécurité dans l'exercice de leur mission de prévention des atteintes à l'ordre public,",True
554845,les rodéos sont un fléau qui nuit à la qualité de vie d'un grand nombre de nos concitoyens. nous avons tous été interpellés par des habitants et des é,True
555676,"ces voies passaient notamment par l'action de groupe, par la présomption de salariat, ainsi que par la possibilité donnée aux conseils de prud'hommes ",True
555677,"je crois savoir, par mon expérience personnelle, comme tant d'autres ici, ce qu'est un travailleur indépendant, qui dispose de sa liberté, de droits e",True
555678,"nous ne devrions pas être fiers ce soir de la société que nous construisons, en faisant du sur-mesure pour nous adapter à la démesure du rapport au tr",True
555690,je vous souhaite une douce et agréable nuit.la séance est levée.,False
556009,octroyer aux instituteurs et aux professeurs des écoles ayant exercé pendant une année la fonction de directeur un accès à la liste d'aptitude reviend,True
557728,"si je dis cela, c'est parce que nous devons améliorer la gestion de l'eau, mais que nous devons le faire dans la concertation. du point de vue de l'hy",True
557960,il me paraît donc illogique de vouloir maintenir la procédure papier uniquement pour les récépissés et d'imposer aux personnes de se déplacer en préfe,True
558448,"(à dix-neuf heures cinq, m. hugues renson remplace m. david habib au fauteuil de la présidence.)",False
560419,"(la séance, suspendue à dix-huit heures cinq, est reprise à dix-huit heures quinze, sous la présidence de m. hugues renson.)",False
560595,"les restitutions de biens au bénin s'inscrivent dans la droite ligne du programme de travail franco-béninois, signé le 16 décembre 2019 à cotonou. la ",True
560596,"le groupe udi et indépendants votera ce projet de loi, dans la mesure où les biens concernés sont circonscrits et où ce type de restitution n'est pas ",True
560601,l'afrique veut se réapproprier son histoire et faire de la culture un des axes de son développement. certains pays africains ont donc décidé de réclam,True
560602,"l'universalité muséale suppose que l'on puisse avoir accès aux collections patrimoniales les plus diverses, provenant du monde entier, pour remplir sa",True
560603,"il se dit que la france fut la salvatrice de l'art africain, grâce au rapatriement des collections dans l'hexagone ; mais au moment de la spoliation d",True
560604,faut-il restituer ? l'intention est louable et se justifie amplement. se posent néanmoins les questions légales de l'inaliénabilité des collections na,True
560605,"la précipitation dont vous avez fait preuve dans ce dossier a perturbé nombre d'états africains, qui voient s'ouvrir une boîte de pandore dont, comme ",True
560606,"la restitution du sabre et des vingt-six statuettes n'atténueront en rien la prédation néolibérale que subissent les économies africaines, ni la suffi",True
560613,"en 1892, les troupes de l'armée française prennent la ville royale d'abomey sur le territoire du dahomey, dans l'actuel bénin. dans l'incendie du pala",True
560614,"ainsi, nous pouvons parler de réparation, car les biens que nous évoquons ont été pillés pendant les guerres coloniales. j'espère surtout que cette re",True
560615,les demandes de restitution de biens culturels par le sénégal et le bénin sont légitimes. tout peuple doit avoir accès à son patrimoine historique. à ,True
560616,le musée du quai branly-jacques chirac et le musée de l'armée ont réalisé un extraordinaire travail de conservation et d'étude de ces objets ; je salu,True
560617,"la visibilité des œuvres et biens culturels doit être assurée, que ce soit sur le continent africain ou sur les autres continents, dans le cadre d'exp",False
560621,"ce texte concrétise un engagement fort du président de la république, formulé au burkina-faso en novembre 2017, devant les étudiants de l'université d",True
560622,"le nouveau partenariat vise à mettre le droit en conformité avec une politique de restitution réfléchie. dans cette perspective, le projet de loi tend",True
561774,quel est l'avis de la commission sur ces amendements de suppression ?,True
562543,"avis défavorable. monsieur breton, à vous écouter, il ne faudrait rien changer, de peur qu'un changement en amène un autre, puis un autre et ainsi de ",True
562547,"on ne peut nier l'importance de ces questions dans le débat public. l'assemblée doit se réjouir que cette discussion ait lieu, même si les délais, trè",True
562723,"(à dix-sept heures, m. marc le fur remplace m. richard ferrand au fauteuil de la présidence.)",False
563673,"(la séance, suspendue à seize heures cinquante-cinq, est reprise à dix-sept heures dix, sous la présidence de mme annie genevard.)",False
566927,"(à dix-huit heures, m. hugues renson remplace m. david habib au fauteuil de la présidence.)",False
567793,la suite de la discussion budgétaire est renvoyée à la prochaine séance.,True
570454,"s'agissant du plan de relance, la proposition d'emprunter 750 milliards d'euros sur les marchés au nom de l'union européenne afin de soutenir les régi",True
570505,,False
571949,"(à vingt et une heures trente-cinq, m. marc le fur remplace m. david habib au fauteuil de la présidence.)",False
574740,"il est vrai que nous avons déjà eu ce débat en commission, mais je tenais à le poursuivre en séance en présence de m. le ministre. au cours des échang",True
574748,cet amendement vise à préciser que les fonds réservés au numérique en santé devront être principalement alloués aux projets permettant la promotion du,True
574765,"je vous propose donc que nous puissions avoir un droit de regard sur la répartition des aides à l'investissement décidées suite au ségur de la santé, ",True
574768,"comme cela a été dit, il faut prévoir une procédure spécifique d'attribution de ces aides afin que tous les acteurs éligibles puissent déposer des dos",True
574770,"toujours dans cette série d'amendements identiques, la parole est à m. thibault bazin, pour soutenir l'amendement no 761.",True
574773,nous en venons à la deuxième série d'amendements identiques en discussion commune. les amendements nos 14 de mme emmanuelle anthoine et 352 de mme émi,True
574774,"la parole est à m. david lorion, pour soutenir l'amendement no 539.",True
574776,"je profite également de cet amendement pour évoquer les coefficients géographiques dans les chu d'outre-mer, abordés par mme benin. les établissements",True
574778,quel est l'avis de la commission ?,True
574780,"d'autre part, vous proposez que les modalités d'attribution des financements soient transparentes – on ne saurait aller que dans ce sens – et renvoyez",True
574781,"quant à votre proposition de mettre les parlementaires dans la boucle, monsieur bazin, je rappelle que depuis l'entrée en vigueur de la loi relative à",True
574786,"nous remplaçons le fmespp par le fmis, c'est-à-dire le fonds pour la modernisation des établissements de santé publics et privés par le fonds pour la ",True
574787,"nous voulons désormais des décisions territorialisées et associant tous les acteurs, où chacun peut se retrouver. mais encore une fois, nous voulons a",True
574788,"d'autre part, oui, nous voulons associer les élus locaux et même leur permettre, s'ils le souhaitent, de co-investir et, ainsi, d'orienter les projets",True
574789,évitons par ailleurs de revenir à un mode de financement selon le ppe – le poids politique de l'élu. à l'époque pas si lointaine de la dotation global,True
574790,"nous voulons un dispositif équitable, clair, transparent, qui associe les élus et qui aille vite, fort et loin. c'est ce que nous ferons grâce à cet a",True
574795,"lors de la crise de la covid-19, tout s'est très bien passé avec les préfets : dans bon nombre de départements, il n'a jamais été question de comité t",True
575243,"pour le moment, et dans l'attente de données scientifiques complémentaires, maintenir ce critère de contiguïté me semble donc essentiel. avis défavora",True
575531,"que le budget du plfss soit entaché d'insincérité est une chose, mais, en tout état de cause, il me semble essentiel de faire en sorte qu'il préserve ",True
576564,"l'ordre du jour appelle la suite de la discussion du projet de loi de financement de la sécurité sociale pour 2021 (nos 3397, 3432, 3434).",True
578083,"(à dix-sept heures trente, mme laetitia saint-paul remplace m. david habib au fauteuil de la présidence.)",False
579090,je suis d'accord avec vous : il eût été plus conforme à l'esprit des articles 7 et 8 de la lolf de tout affecter aux différentes missions thématiques.,True
580246,"la parole est à mme christine pires beaune, pour soutenir l'amendement no 398.",True
580248,"un tel organe nous semble indispensable pour assurer le suivi du plan de relance, qui comporte pas moins de trois programmes, un grand nombre d'action",True
580251,"je précise que nous sommes favorables au sous-amendement no 1641 de m. woerth et logiquement défavorables au sous-amendement no 1498 de mme rabault, q",True
580291,"d'après l'économiste gabriel zucman, 80 % de l'évasion fiscale des entreprises en france s'opère via d'autres pays de l'union européenne. c'est le cas",True
580299,"autre exemple : air france. l'état français, actionnaire de l'entreprise, a voté l'octroi d'un bonus de 800 000 euros au directeur malgré l'octroi d'u",True
580308,"cet amendement tend à subordonner le chômage partiel, le fonds de solidarité et les participations de l'état au capital d'entreprises à l'encadrement ",True
580316,la suite de la discussion budgétaire est renvoyée à la prochaine séance.,True
580318,questions au gouvernement ; vote solennel sur le projet de loi de financement de la sécurité sociale pour 2021 ;suite de la discussion de la seconde p,False
580604,"(la séance, suspendue à seize heures cinquante, est reprise à dix-sept heures, sous la présidence de m. marc le fur.)",False
581743,c'est aussi ce que gagne un artisan !,False
581744,"…et 96 % des personnes interrogées, le plus souvent des femmes, indiquent que leur salaire ne leur permet pas de vivre dignement.leur employeur est po",False
582524,"(à onze heures cinq, mme annie genevard remplace m. richard ferrand au fauteuil de la présidence.)",False
582798,"le budget pour 2021 que nous présente le gouvernement me paraît loin d'être à la hauteur des enjeux. une nouvelle fois, la subvention pour charge de s",True
583641,"deuxièmement, concernant le lien avec le territoire et l'agroécologie…",True
583846,la suite de la discussion budgétaire est renvoyée à la prochaine séance.,True
584723,"un autre amendement, déclaré irrecevable, visait à abaisser le seuil en dessous de 6 000 points. cette hypothèse devrait être étudiée, pour que la mes",True
584724,"madame la ministre déléguée, s'il est possible de rediscuter de ces deux questions – celle de l'évaluation du nombre de personnes directement concerné",True
584730,"je donnerai deux chiffres : alors que l'inflation cumulée depuis le passage à l'euro en 2001 est de 31 %, la valeur de l'indice pmi n'a évolué que de ",True
584731,le rapport que nous demandons permettrait de dresser un état des lieux préalable aux travaux de la commission tripartite en ce qui concerne les moyens,True
584732,je rejoins le constat formulé tout à l'heure par mes collègues du groupe les républicains : il est regrettable que nous ne soyons pas associés à la co,True
584733,"alors qu'un sujet comme le sort des anciens combattants pourrait être consensuel, le fait que les groupes parlementaires des deux chambres ne soient p",True
584734,"si vous nous assuriez, madame la ministre déléguée, que tous les groupes des deux chambres qui le souhaitent pourront être associés à ces travaux, nou",True
584737,"si nos propositions prennent la forme de demandes de rapport, c'est parce que les règles de la discussion budgétaire nous y contraignent ; nous souhai",True
584740,"j'ai donc défendu votre demande de rapport en commission des finances, mais celle-ci ne m'a pas suivi et a émis un avis défavorable sur l'amendement n",True
584741,"la demande de rapport de l'amendement no 1039 est identique à celle du no 1414, mais n'a pas pu être examinée par la commission.",True
584746,"je viens d'adresser une lettre aux présidents des deux chambres, mm. ferrand et larcher, pour leur demander de désigner un membre dans chaque assemblé",True
584747,"l'objectif est de faire le point, de manière transparente et objective, sur l'évolution du point pmi, et son rapport avec celle de l'indice à la conso",True
584748,"comme le processus est lancé, je vous demande de retirer ces amendements. à l'issue de ses travaux, la commission tripartite remettra bien évidemment ",True
584751,autant dire que vous comptez nommer un représentant de la majorité : ce serait plus honnête et plus direct. je maintiens mon amendement.,True
584754,"cette commission est un groupe de travail, et non un parlement. il faut qu'elle examine les faits, sinon nous n'y arriverons pas. franchement, c'est c",True
584761,"par la suite, de nouvelles dispositions légales ont permis de généraliser le critère de quatre mois de présence sur un théâtre d'opérations pour l'att",True
584762,"la liste des opérations extérieures ouvrant droit au bénéfice de la carte du combattant est définie par un arrêté du 12 janvier 1994, qui a fait l'obj",True
584763,"cependant, plusieurs opérations militaires hors du territoire national ne sont toujours pas intégrées à cette liste, ce qui prive les militaires qui y",True
584764,"je vous invite donc à approfondir la réflexion quant aux conditions d'attribution de la carte du combattant aux militaires déployés en opex, des condi",True
584767,"la commission n'a pas examiné cet amendement, sur lequel je donne bien entendu un avis très favorable à titre personnel.",True
584770,"vous l'avez indiqué, la liste des opérations extérieures concernées est définie par l'annexe à l'arrêté du 12 janvier 1994, qui fait l'objet de modifi",True
584771,toute intervention extérieure n'est pas nécessairement considérée comme une opération extérieure – des conditions de dangerosité et de durée doivent ê,True
584772,"en tout, plus de 230 000 personnes sont aujourd'hui titulaires de la carte du combattant au titre des opex. parmi elles, plus de 110 000 ont reçu leur",True
584773,"bien entendu, dans leur majorité, ces personnes ne bénéficient pas encore de la retraite du combattant, parce qu'elles sont encore très jeunes – mais ",True
584778,"dans les entretiens que nous avons menés auprès des associations du monde combattant, cette volonté de structuration revient régulièrement.",True
584779,"comme vous le savez, le 14 octobre, la fédération de l'union nationale des combattants de loire-atlantique a signé une convention avec le rectorat de ",True
584780,"si nous nous réjouissons de cette initiative, nous nous interrogeons sur la manière dont elle pourrait se diffuser dans les autres départements.",True
584781,"par ailleurs, nous souhaiterions que les coûts relatifs à la visite, obligatoire au cours du parcours scolaire, d'un site de mémoire des conflits du x",True
584782,j'ajoute que je remercie les membres de la commission de la défense nationale et des forces armées de m'avoir confié une mission flash sur le devoir d,True
584785,"je suis donc favorable à cet amendement à titre personnel, la commission ne l'ayant pas examiné.",True
586356,"(la séance, suspendue à seize heures cinquante-cinq, est reprise à dix-sept heures quinze , sous la présidence de mme laetitia saint-paul.)",False
587509,"(à seize heures trente, mme laetitia saint-paul remplace m. richard ferrand au fauteuil de la présidence.)",False
588079,"(à vingt-deux heures cinq, mme laetitia saint-paul remplace m. richard ferrand au fauteuil de la présidence.)",False
589852,"de façon plus générale, l'effort financier en faveur du patrimoine et de l'architecture dans le plf pour 2021 a vocation à soutenir le développement d",True
592340,"(la séance, suspendue à quinze heures dix, est reprise à quinze heures quinze, sous la présidence de mme annie genevard.)",False
592650,"nous proposons donc de créer ce chèque entretien-réparation responsable, qui permettrait aux ménages les plus modestes d'entretenir leur véhicule. le ",True
593328,"(la séance, suspendue à d ix-sept heures quinze, est reprise à d ix-sept heures vingt-cinq, sous la présidence de m. sylvain waserman.)",False
593534,"je suis saisie de quatre amendements, nos 71, 125, 132 et 258, pouvant être soumis à une discussion commune.les amendements nos 71, 125 et 132 sont id",False
593605,"des dispositions ont été votées : m. le rapporteur général les a rappelées, je ne les reprends pas. s'agit-il pour autant d'un solde de tout compte ? ",True
596322,"le gage est-il levé, monsieur le ministre délégué ?",False
596323,évidemment.,True
600336,"(la séance, suspendue à dix-sept heures cinquante-cinq, est reprise à dix-huit heures cinq, sous la présidence de mme annie genevard.)",False
601122,"actuellement, cette formation est dispensée de façon très sérieuse. ma collègue alice thourot et moi-même sommes allés à la rencontre de policiers mun",True
602052,la suite de la discussion est renvoyée à la prochaine séance.,True
602253,on peut même dire qu'ils étaient tous d'accord !,False
602254,…mais je prends note de votre rappel au règlement et je serai vigilant.,False
602401,"oui, c'est cohérent !",False
602411,"dans le morbihan, pas possible ?",False
602430,il n'y a pas que moi qui le dis !,False
602433,c'est pourtant bien ce qui se passe !,True
602434,"monsieur bernalicis, je ne sais pas dans quel monde vous vivez, alors que je crois connaître votre circonscription. il y a des gens qui se placent en ",True
602532,"un petit sophisme en réponse, monsieur le ministre ?",False
602613,exactement ! je suis d'accord !,False
603648,la séance est reprise.,True
603649,"sur l'article 12, je suis saisi par le groupe la france insoumise d'une demande de scrutin public.le scrutin est annoncé dans l'enceinte de l'assemblé",False
604581,"la parole est à mme albane gaillot, pour soutenir l'amendement no 482.",True
604582,"si vous le voulez bien, monsieur le président, je défendrai également l'amendement no 483, qui porte sur la police municipale.au cours de nos débats, ",False
605206,je mets aux voix l'amendement no 1363.,True
605578,quel est l'avis du gouvernement ?,True
605579,même avis.,True
606531,"or il ne me paraît pas satisfaisant de prévoir deux arrêtés, dont l'un requiert l'intervention du ministre de l'intérieur, pour définir des normes tec",True
608487,"(la séance, suspendue à dix-sept heures cinquante-cinq, est reprise à dix-huit heures cinq, sous la présidence de mme laetitia saint-paul.)",False
611341,"(la séance, suspendue à dix-sept heures, est reprise à dix-sept heures dix, sous la présidence de m. sylvain waserman.)",False
614316,"cette marche forcée du déploiement de l'éolien est décidée d'en haut, depuis paris, où la campagne est considérée comme un réservoir. en effet, il est",True
614626,"concernant la date butoir, comme je l'ai déjà indiqué en commission, je comprends votre volonté de sécuriser le cadre, mais la précision n'est pas néc",True
614955,un couple de partenaires ou de concubins peut saisir le juge aux affaires familiales pour voir fixées les mesures relatives à l'exercice de l'autorité,True
616339,je proposais de me tenir à votre disposition. notre rythme avoisine les quatre-vingts amendements de l'heure. nos débats peuvent raisonnablement se po,True
616347,l'article 50 de notre règlement prévoit que la séance peut-être prolongée pour finir l'examen d'un texte. je proposais une solution que j'espérais con,True
617387,"(la séance, suspendue à dix-sept heures quinze, est reprise à dix-sept heures vingt, sous la présidence de m. david habib.)",False
619002,"(à seize heures vingt, m. sylvain waserman remplace mme annie genevard au fauteuil de la présidence.)",False
619356,,False
623079,"(la séance, suspendue à seize heures cinquante, est reprise à dix-sept heures, sous la présidence de m. david habib.)",False
625327,"(la séance, suspendue à seize heures, est reprise à seize heures trente, sous la présidence de m. richard ferrand.)",False
625405,"(à dix-huit heures quinze, m. david habib remplace m. richard ferrand au fauteuil de la présidence.)",False
625444,"(à dix-neuf heures cinq, m. richard ferrand remplace m. david habib au fauteuil de la présidence.)",False
626203,"(la séance, suspendue à dix-sept heures, est reprise à dix-sept heures quinze, sous la présidence de m. david habib.)",False
626734,"par contre, j'aimerais que vous écoutiez quand on vous répond et que vous soyez capable, de temps en temps, de remettre les choses en perspective. cet",True
626747,à cela s'ajoute la diminution du nombre de médecins coordonnateurs et de médecins traitants. le manque de personnel soignant ralentit la préparation e,True
627067,"enfin, le conseil supérieur de la magistrature ne suit pas les mêmes règles concernant les magistrats du siège et ceux du parquet, aussi bien pour leu",True
627653,"(la séance, suspendue à dix-sept heures vingt, est reprise à dix-sept heures trente, sous la présidence de m. sylvain waserman.)",False
629167,"(la séance, suspendue à seize heures cinquante, est reprise à dix-sept heures, sous la présidence de mme laetitia saint-paul.)",False
629196,"la contribution plastique – et non la taxe plastique –, qui vient s'ajouter aux trois ressources propres déjà existantes, représente une réelle avancé",False
630188,"ensuite, qui n'a pas fait l'expérience d'une visite d'animalerie avec son enfant, lequel découvre un petit chien derrière un plexiglas et le veut ? co",True
632175,"je suis saisi de trois amendements, nos 4, 315 et 463, pouvant être soumis à une discussion commune.les amendements nos 4 et 315 sont identiques et fo",False
632474,"toujours ! une bienveillance excessive, d'ailleurs…la parole est à mme la secrétaire d'état, pour soutenir l'amendement no 413.",False
632774,"il n'est jamais trop tard, monsieur mélenchon, pour travailler avec nous ! deux députés de votre groupe, membres de la commission spéciale, l'ont fait",True
633155,"il n'exerce pas un métier, il a embrassé un état, l'état militaire, avec pour perspective, si la mission l'exige, le sacrifice ultime : c'est le solda",True
633285,"(la séance, suspendue à seize heures cinquante-cinq , est reprise à dix-sept heures cinq , sous la présidence de m. david habib.)",False
633374,"toutefois, je veux dire qu'il existe des motifs d'espoir. jamais dans l'histoire de l'humanité, on n'avait aussi vite trouvé un vaccin contre un virus",True
634319,"si vous faites référence aux contrats de fourniture qui ne mettent pas les salariés directement en présence des usagers, ce sont évidemment les critèr",True
634853,"tout a été dit sur ce point, je n'ai rien à ajouter là-dessus et je ne soutiens donc pas cet amendement.le sujet de l'amendement de notre collègue fra",False
634984,l'islam n'est pas la seule religion en france. voici ce qu'écrit le magazine famille chrétienne sur le sens de la première communion : « la première c,True
635658,"la situation des maires, des présidents de région, de département, de tous les responsables d'exécutifs ou des représentants du gouvernement diffère d",True
635785,"je suis saisi de quatre amendements, nos 1400, 799, 1118 et 1119, pouvant être soumis à une discussion commune.l'amendement no 1400 de m. ludovic pajo",False
635801,"je suis saisi de trois amendements, nos 1193, 1775 et 1777, pouvant être soumis à une discussion commune.l'amendement no 1193 de m. ludovic pajot est ",False
635893,l'article 706-25-9 du code de procédure pénale permet aux maires d'accéder au fijait par l'intermédiaire du préfet pour toutes les décisions qui conce,True
635896,"je comprends bien l'intention des auteurs de ces amendements, inspirés d'un souci légitime de protection de la population des communes concernées, mai",True
636030,"je suis saisi de trois amendements, nos 1075, 1359 et 989, pouvant être soumis à une discussion commune.les amendements identiques nos 1075 de mme nat",False
636123,"nous avons donc retenu une rédaction qui devrait convenir à l'ensemble de l'assemblée. l'amendement de m. david habib, défendu par mme untermaier, vis",True
636579,eh oui !,True
636580,"pendant ce temps, que fait emmanuel macron ? il abandonne la jeunesse. les files d'étudiants pour bénéficier de l'aide alimentaire s'allongent, sans c",True
636583,"eh oui, on sait où est allé l'argent !",False
636584,"pourtant, afin de faire face à cette crise majeure, le groupe la france insoumise a multiplié les propositions : nationalisation de luxfer et de famar",True
636621,ils ne doutent vraiment de rien !,False
636622,c'est un cadre nécessaire à notre époque afin d'éviter à des acteurs publics – je pense par exemple à la ville de grenoble et à grenoble alpes métropo,True
636647,"très bien, monsieur dharréville !",True
636652,"en effet, on ne peut pas dire que ce texte y contribue !",False
636653,c'est même exactement le contraire !,False
636654,"…mais il s'agit d'un sujet important, car, partout sur le terrain, nous avons besoin des associations ; je le constate dans le 18e arrondissement de p",False
636810,la parole est à m. le ministre de l'intérieur.,True
636812,"monsieur le président, je ne souhaite pas déroger à quoi que ce soit, mais seulement que le règlement de l'assemblée nationale, sur lequel il me sembl",True
636935,je vous remercie !,True
637059,"de la même manière, madame la ministre déléguée, j'aimerais savoir, puisque vous avez cité votre collègue sarah el haïry, si l'enquête dont fait l'obj",True
637114,"les choses seraient différentes, en revanche, si la même association participait à cette occasion, ou à une autre d'ailleurs, au sabotage des portique",True
637141,et la droite de rugy !,True
638041,la parole est à mme émilie chalas.,True
638042,"je ne voterai pas cet amendement, je vais vous expliquer pourquoi.l'article 6 porte sur un contrat entre une collectivité ou des élus d'une part et un",False
638044,la parole est à m. françois pupponi.,True
638045,"madame rossi, après avoir lu votre amendement, j'ai consulté l'alinéa 2 de l'article l. 1111-1-1 du cgct. il y est précisé que l'élu local poursuit le",True
639688,"(la séance, suspendue à seize heures cinquante, est reprise à dix-sept heures, sous la présidence de mme laetitia saint-paul.)",False
639990,"(à vingt et une heures vingt -cinq , mme laetitia saint-paul remplace m. david habib au fauteuil de la présidence.)",False
640354,très bien !,True
640682,"(les amendements nos 317 et 1421, successivement mis aux voix, ne sont pas adoptés.)",False
644976,"les amendements nos 962 de m. françois pupponi et 1027 de m. julien ravier, qui peuvent être soumis à une discussion commune, sont défendus.",True
647547,"(à dix heures cinquante-cinq, mme laetitia saint-paul remplace mme annie genevard au fauteuil de la présidence.)",False
647626,"(à douze heures dix, mme annie genevard remplace mme laetitia saint-paul au fauteuil de la présidence.)",False
647944,"(la séance, suspendue à dix-huit heures, est reprise à dix-huit heures dix, sous la présidence de mme annie genevard.)",False
648885,très juste !,True
649463,"inas, inas, mayrix ad-ass ix i-zmane. una ur yufin maradic yuna ditmun.",False
649553,"elles invitent notre regard, et plus encore notre conscience, à se tourner vers cette jeunesse. aujourd'hui, 68 % des français sont favorables à l'ouv",True
650137,"la parole est à mme la rapporteure de la commission des lois constitutionnelles, de la législation et de l'administration générale de la république, p",True
652267,très bien !,True
653757,"(à dix heures, m. marc le fur remplace mme annie genevard au fauteuil de la présidence.)",False
653762,"j'évoquerai tout d'abord le projet d'élargissement de l'autoroute a 46 sud dans la plaine de l'ozon, au sud-est de l'agglomération lyonnaise. l'enjeu ",True
653844,"(à onze heures vingt-cinq, mme annie genevard remplace m. marc le fur au fauteuil de la présidence.)",False
654176,"(la séance, suspendue à seize heures cinquante-cinq, est reprise à dix-sept heures, sous la présidence de mme annie genevard.)",False
654739,"(à dix-neuf heures vingt-cinq, mme annie genevard remplace m. sylvain waserman au fauteuil de la présidence.)",False
655544,"(la séance, suspendue à dix-sept heures cinq, est reprise à dix-sept heures quinze, sous la présidence de m. marc le fur.)",False
655756,"la discussion générale est close.la parole est à m. le garde des sceaux, ministre de la justice.",False
656386,"j'entends certains dire que nous agissons dans la précipitation, que nous n'avons pas suffisamment pris notre temps ; permettez-moi de vous dire que c",True
658194,la suite de la discussion est renvoyée à la prochaine séance.,True
658439,"la parole est à m. julien aubert, pour soutenir l'amendement no 303.",False
658440,"il est défendu, même si c'est avec beaucoup moins de talent que mes deux collègues !",False
658506,"oui, tout à fait, je l'ai dit.nous avons l'occasion, puisque cela relève d'une disposition constitutionnelle…",False
658850,"je comprends que nous soyons en désaccord sur certains points, mais différents amendements nous permettront d'en discuter et de les surmonter – je pen",True
659374,"je rappelle enfin que nous parlons d'une relation qui n'a donné lieu ni à violences, ni à contrainte, ni à menaces, ni à surprise – auquel cas il s'ag",True
660145,"(la séance, suspendue à dix-sept heures cinquante-cinq, est reprise à dix-huit heures cinq, sous la présidence de mme annie genevard.)",False
662829,la suite de la discussion est renvoyée à la prochaine séance.,True
663657,"madame la présidente, mesdames et messieurs les députés, je vous remercie de m'avoir invitée. je suis ravie de m'exprimer devant vous aujourd'hui.je c",False
663658,ce n'est pas mal !,True
663659,"il en va de même, au niveau national, pour près de 50 % des personnes de plus de 75 ans – même si de légères différences territoriales existent, ce ch",True
663660,"la parole est à m. jean-paul hamon, médecin généraliste et président d'honneur de la fédération des médecins de france.",True
663661,"nous sommes tous conscients que les vaccins arrivent lentement. néanmoins, nous qui sommes sur le terrain, nous trouvons la gestion des stocks inaccep",True
663662,"la parole est à mme anne souyris, adjointe à la maire de paris chargée de la santé publique et des relations avec l'ap-hp.",True
663663,"parmi les mots que vous avez prononcés, docteur hamon, j'en retiens deux particulièrement : anticipation et adaptation. j'en ajoute un troisième : pri",True
663666,la parole est à mme laetitia buffet.,True
663667,"j'apporterai quelques éléments de réponse factuels.pour ce qui est de l'accès aux données, les chiffres relatifs aux livraisons, aux stocks et à l'uti",False
663670,"la parole est à m. jean-paul hamon, puis à mme laetitia buffet.",True
663671,"je répondrais volontiers à la question relative à doctolib, puisque j'ai moi-même été surpris de l'attribution de la gestion des rendez-vous à la plat",True
663672,la parole est à mme laetitia buffet.,True
663673,"concernant doctolib, le docteur hamon a répondu à la question, à la fin de son intervention. le conseil d'état s'est prononcé : il ne m'appartient pas",True
663674,"en effet, une réponse très rapide. c'est frustrant car vous êtes trois et vous avez tous des choses à dire, mais l'exercice est contraint !",True
663675,"en seine-saint-denis, la couverture vaccinale de la principale population cible – les plus de 75 ans – est de 51,5 %.",True
663679,merci pour ces précisions ! la parole est à mme laetitia buffet.,True
663680,"le rôle de l'assurance maladie est déjà important, mais vous avez raison d'indiquer qu'il a vocation, de manière certaine, à s'amplifier dans certains",True
663683,la parole est à m. jean-paul hamon.,True
663684,"les professionnels de santé sont déjà soumis à l'obligation de se faire vacciner contre l'hépatite b. ils se sont tous fait vacciner, y compris durant",True
663687,la parole est à mme laetitia buffet.,True
663688,"vous avez raison, l'outre-mer se caractérise par une spécificité en matière de niveau d'adhésion de la population à la vaccination et, par conséquent,",True
663691,la parole est à mme laetitia buffet.,True
663692,"tout d'abord, je partage votre constat : il est vrai que tout est inédit. les vaccins sont inédits, tout comme leurs caractéristiques de transport et ",True
663693,"veuillez conclure, madame buffet.",True
663694,"quant au vaccin astrazeneca, nos options sont encore différentes : nous avons pu passer par la médecine de ville pour nous placer au plus près des fra",True
663696,"je ne sais pas à quel moment j'ai fait un mouvement de tête, mais oui, on réussit, dans certaines situations, à extraire une septième dose du vaccin p",True
663699,la parole est à m. jean-paul hamon.,True
663700,"je précise que, depuis mardi dernier, nous disposons tout de même d'un courrier officiel de m. salomon nous permettant d'administrer les sept doses qu",True
663703,la parole est à mme laetitia buffet.,True
663704,nous allons vers 10 millions de vaccinés à la mi-avril. c'est l'objectif que nous a fixé le gouvernement et je pense que nous réussirons à l'atteindre,True
663707,"oui, madame la présidente. je souhaite revenir sur le sujet de doctolib et du dispositif « aller vers », destiné aux populations les plus éloignées de",True
663708,"un dernier mot, docteur hamon ?",True
663709,"il serait bon qu'on ait davantage de souplesse pour pratiquer la vaccination. certes, le vaccin pfizer se conserve à -80o, mais il est possible de le ",True
664568,"(la séance, suspendue à dix-huit heures vingt, est reprise à dix-huit heures vingt-cinq, sous la présidence de m. marc le fur.)",False
665962,la suite de la discussion est renvoyée à la prochaine séance.,True
665988,"nous n'avons pas, lorsque nous faisons des propositions, à nous autocensurer par avance en spéculant sur la constitutionnalité ou l'inconstitutionnali",True
666217,venons-en à la fourchette et à nos assiettes. l'article 59 ouvre le débat de la place du repas végétarien dans nos cantines et l'article 60 celui de l,True
667073,"(la séance, suspendue à seize heures cinquante, est reprise à dix-sept heures, sous la présidence de m. david habib.)",False
669175,"(à neuf heures cinquante, m. sylvain waserman remplace m. richard ferrand au fauteuil de la présidence.)",False
669218,"(à dix heures, m. richard ferrand remplace m. sylvain waserman au fauteuil de la présidence.)",False
669899,l'avis du conseil d'état sur le projet de loi indique que les dispositions prévues à l'article 4 doivent être proportionnées : il nous faut interdire ,True
670268,l'amendement no 5419 rectifié et le sous-amendement no 7300 ont été présentés ; la rapporteure a donné un avis favorable à son amendement et défavorab,False
670271,"merci, monsieur potier, pour vos mots. en effet, nous avons travaillé de manière à clarifier les sanctions qui pourraient être appliquées demain au bl",True
672087,la suite de la discussion est renvoyée à la prochaine séance.,True
672254,"le fameux plan national d'action pour les achats publics durable, que j'ai déjà évoqué, procure des formations, des outils d'accompagnement, du réseau",True
672994,"(la séance, suspendue à seize heures cinquante, est reprise à dix-sept heures, sous la présidence de mme annie genevard.)",False
674389,"je vous proposerai enfin, par le sous-amendement no 7358, de supprimer l'alinéa 17. en effet, les aides publiques pour les forêts sont déjà conditionn",True
674650,"madame fiat, vous avez raison de soulever le problème de l'après-mine. c'est d'ailleurs l'un des objets de la réforme du code minier sur lequel nous a",True
674913,"m. le ministre me rétorque que ces familles appartiennent aux catégories socioprofessionnelles supérieures, les csp « plus plus », mais il n'est pas l",True
675020,"mais non, je suis en train de défendre un amendement.",True
675022,"il faut suivre, surtout pour ceux qui n'ont pas l'habitude et qui sont aux ordres !monsieur le ministre, donner une telle précision revient à évacuer ",False
675187,"c'est un amendement important dont chacun doit mesurer la portée et les risques.tout d'abord, il entraîne la création d'une dépense obligatoire non né",False
675724,pourquoi ? parce que l'acte médical est un acte de soin. il y a donc une contradiction totale dans les termes d'« assistance médicalisée active à mour,True
675725,"la parole est à m. xavier breton, pour soutenir le sous-amendement no 3749.",True
675774,"la parole est à m. marc le fur, pour soutenir le sous-amendement no 3789.",True
678709,la suite de la discussion est renvoyée à la prochaine séance.,True
678842,"(à quinze heures trente-cinq, m. david habib remplace mme laetitia saint-paul au fauteuil de la présidence.)",False
679102,nous en venons aux amendements portant article additionnel après l'article 31.les amendements identiques nos 647 de m. didier le gac et 4688 de m. jea,False
679338,"(à dix-huit heures vingt, mme laetitia saint-paul remplace m. david habib au fauteuil de la présidence.)",False
679559,"enfin, je tiens à dire que nous nous engageons, grâce à un amendement à l'article 36 de jean-luc fugit, à étudier la question du fret aérien. la repré",True
684853,il ne s'agit pas de documents contraignants puisqu'ils ne seront pas exigés pour la demande de permis de construire. ils ont pour but de faire évoluer,True
685564,"nous partageons l'objectif que vous recherchez, mais nous allons vous proposer une autre manière de l'atteindre. en effet, je ne crois pas qu'il faill",True
686666,"ces amendements proposent de rendre compatible le psn, qui est la déclinaison française de la pac, avec de nombreux autres plans ou stratégies. certai",True
687033,"aujourd'hui, vous avez des icpe et des installations, ouvrages, travaux et activités ayant une incidence sur l'eau et les milieux aquatiques (iota). e",True
690705,"ce matin, il s'agissait de faciliter la possibilité de présenter un candidat, mais nous proposons également de donner le droit aux citoyens, entre deu",True
690794,"entendez bien que cet argument ne tient pas. pire, il repose sur une vision déformée de ce que doit être un député. si nous voulons réhabiliter son rô",True
690975,"selon certains d'entre vous, les outils du droit commun sont suffisants ; je ne le crois pas. selon d'autres, il suffirait de proroger l'état d'urgenc",True
694355,"de même que l'ensemble des institutions de notre pays – nous sommes bien placés, sur ces bancs, pour le savoir –, la justice est fréquemment confronté",True
694430,"je me réfère aux travaux parlementaires de mm. mazars et savignat, qui sont allés voir et ont entendu des gens, contrairement à ce qu'affirme m. berna",True
694835,à ces dispositions s'ajoute la police de l'audience. imaginons – l'hypothèse a été évoquée – que l'enregistrement crée une émotion particulière et que,True
701215,"le conseil d'état considère également que leur efficacité n'est pas suffisamment établie. pour ces deux raisons, cette disposition ne nous paraît pas ",True
701353,"cela étant, je répète que, dans la pratique – et c'est ce qui importe –, la personne qui cherche à pénétrer dans un périmètre de protection et qui ref",True
701354,"par la suite, comme vous l'avez rappelé, monsieur ciotti, en cas de refus, les opj disposent d'instruments de nature judiciaire. de fait, en cas de ri",True
701739,"je crains donc qu'en réécrivant ainsi l'alinéa 7, on n'aggrave encore le risque d'inconstitutionnalité attaché à l'extension de douze à vingt-quatre m",True
702116,le scrutin est annoncé dans l'enceinte de l'assemblée nationale.l'amendement no 181 de m. éric diard est défendu.,False
703760,"la commission spéciale a donné la semaine dernière un avis défavorable à la totalité des amendements, tant à ceux opposés à la ropa qu'à ceux qui la p",True
704121,"monsieur le rapporteur, vous avez dit que cet article 2 était nécessaire pour que la fertilité des femmes « puisse perdurer ». or il s'agit justement ",True
704362,il est donc bien évident qu'aucun parent n'est jamais mis en cause. nous assistons simplement à un changement dans la culture de l'état et nous en som,True
704925,"les amendements identiques nos 208 de m. patrick hetzel, 413 de m. xavier breton, 855 de mme anne-laure blin et 1329 de m. marc le fur sont défendus.",False
704926,il en est de même des amendements nos 867 et 935 de mme emmanuelle ménard.,False
704932,"l'amendement vise donc à faire en sorte que le régime de droit commun pour l'établissement de la filiation s'applique, notamment lorsque des personnes",True
704939,le gouvernement a déjà refusé d'ouvrir la procréation médicalement assistée aux personnes transgenres qui en ont la possibilité physique. pour quelle ,True
704955,"les amendements identiques nos 212 de m. patrick hetzel, 416 de m. xavier breton et 1337 de m. marc le fur sont défendus.",False
704956,"la parole est à mme blandine brocard, pour soutenir l'amendement no 1627.",False
704962,quel est l'avis de la commission ?,True
704964,"vous émettez l'hypothèse selon laquelle un enfant, devenu majeur, retrouve un donneur et noue des liens avec lui. s'ils le souhaitent, ils construiron",True
704967,"quant à l'amendement no 1628, cela me terrifie un peu d'imaginer qu'une femme abandonnerait son enfant après un parcours d'amp – vous êtes une femme, ",False
704972,"vous n'êtes pas d'accord avec moi, madame brocard ?",True
704996,l'amendement no 883 de mme emmanuelle ménard est défendu.,False
705004,l'amendement no 1268 de m. thibault bazin est défendu.,False
705101,l'amendement no 909 de mme emmanuelle ménard est défendu.,False
705128,cette privation des droits fondamentaux de l'enfant a fait condamner la france à plusieurs reprises par la cour européenne des droits de l'homme. or l,True
705374,ces dispositions législatives nous semblent donc indispensables pour soutenir ces axes de recherche qui non seulement participent au rayonnement scien,True
706379,"le chapitre iii, qui est aussi le troisième levier, propose de promouvoir le développement d'usage du numérique écologiquement vertueux. la création d",True
708506,"c'est pourquoi davantage d'entreprises biotech et du secteur des technologies médicales – medtech – sont cotées en bourse très vite, parce qu'elles on",True
709721,"l'ame est donc devenue une prestation injuste qu'il convient de réformer avec une vraie ambition, à la fois pour permettre à ceux qui y ont droit d'en",True
709725,"alors que les migrations sont et seront l'un des défis majeurs de notre siècle, on ne peut que se désespérer de voir le débat toujours aussi mal posé ",True
709726,"croire que l'on pourrait tarir les flux migratoires comme on coupe l'eau en fermant le robinet relève de la pure illusion, et donc du pur mensonge. qu",True
709727,"non, l'immigration n'est pas un problème ; l'immigration est un fait, un fait majeur de notre siècle qu'il nous faut aborder avec raison et dignité. l",True
709728,"parce que le débat sur l'immigration est décidément mal posé dans notre pays, le groupe libertés et territoires a voulu lancer une commission d'enquêt",True
709729,"au lieu de subir les migrations dans un esprit de forteresse assiégée au détriment de tous, migrants comme français, en multipliant jusqu'à la nausée ",True
709730,"aussi, à l'idée de diminuer l'assistance médicale aux migrants qui traverse votre proposition de résolution, je réponds qu'il faut, au contraire, amél",True
709734,le dangereux climat qui prévaut en france sur les thèmes de la sécurité et de la stigmatisation d'une certaine frange de la population se retrouve dan,True
709735,"la démagogie voudrait nous faire croire que ces personnes passent leurs journées aux urgences à profiter de notre système de santé. un chiffre, qui pa",True
709736,"par ailleurs, c'est oublier que soigner les personnes se trouvant sur le territoire français est une nécessité de santé publique et que toute restrict",True
709737,faire une telle proposition est une preuve d'inconséquence politique. c'est ignorer l'ensemble des prospectives sur une problématique aussi fondamenta,True
709738,"comment, à travers cette proposition de résolution, pouvez-vous souhaiter le recentrage de l'ame sur les seuls soins d'urgence, comme dans les autres ",True
709739,"la proposition de résolution exprime également la volonté de renforcer les statistiques sur les personnes en situation irrégulière, sur la nationalité",True
709740,"enfin, la proposition de résolution cite des exemples de soins non essentiels financés par l'ame, tels que le recollement des oreilles ou la pose d'un",True
709741,"que dire en conclusion, tant cette proposition de résolution manque de rigueur ? elle est symptomatique d'un agenda politique devenu l'otage d'une sur",True
709744,en pleine pandémie à l'échelle mondiale qui a déjà fait plusieurs millions de morts et augmenté très sensiblement le degré de précarité et de pauvreté,True
709745,"je vais donc répéter ce que j'ai déjà dit à l'une de vos collègues et rappeler la position des autorités morales judéo-chrétiennes, dont vous faites b",True
709746,"quelques éléments chiffrés, même si nous avons manifestement des chiffres fort différents les uns des autres : sur 225 000 titres de séjour délivrés e",True
709747,"madame la ministre déléguée, à l'occasion de ce bref débat, nous demandons pour notre part une évaluation des dispositions relatives à l'accès aux soi",True
710541,"je suis bien sûr défavorable à ces amendements. j'ai bien entendu vos arguments, madame dubié, nous en avons longuement discuté ensemble, et je mainti",True
710543,je mets aux voix les amendements identiques nos 2 et 20.,False
710553,la séance est levée.,True
711075,nous commençons par le groupe udi et indépendants.la parole est à mme nicole sanquer.,False
711335,"nous avons engagé des actions massives contre la précarité, en compensant les pertes de revenus de ces travailleurs pendant la crise et en nous attaqu",True
711336,la mission que le gouvernement a confiée à votre collègue jean-françois mbaye et au sénateur xavier iacovelli a abouti ; ils m'ont remis leur rapport ,True
711340,vous ne dissimulez même pas votre acharnement à leur égard. les intermittents de l'emploi seront les premières victimes de votre réforme indigne de l',True
711341,"on connaît la chanson, madame la ministre : quoi qu'il en coûte pour les multinationales et pas d'argent magique pour les intermittents de l'emploi et",True
711350,"à vous entendre, on a l'impression que le gouvernement n'a pas agi. nous avons mobilisé 40 milliards pour protéger les salariés pendant la durée de la",True
711351,"s'agissant de ceux qui, avant la crise, alternaient des contrats courts ou saisonniers et des périodes sans activité, nous avons instauré dès le mois ",True
711354,"certains, dans votre majorité, faisaient mine de découvrir que les bas salaires étaient paradoxalement souvent réservés à celles et ceux dont l'activi",True
711355,"plus d'un an après, que voyons-nous ? rien, à peu près. parce que, disons-le, votre prime de 1 000 euros ne répond en rien aux besoins des salariés. e",True
711359,je peux vous assurer que le chantier des travailleurs de la deuxième ligne me tient à cœur. c'est bien pour cela qu'il est inscrit à notre agenda soci,True
711360,"ce temps de négociation pouvant être long, le gouvernement a souhaité répondre à l'impatience légitime de ces travailleurs : c'est le sens de la prime",True
711361,"je peux vous assurer qu'au-delà de la prime, dont j'invite les entreprises à se saisir, nous allons poursuivre le chantier de restructuration durable ",True
711364,"je voudrais plus particulièrement vous poser une question sur l'apprentissage, qui a été au cœur d'une longue discussion lors de l'examen de la loi po",True
711368,nous sommes parvenus à lever les freins qui pesaient depuis trop longtemps sur le développement de l'apprentissage. je le redis : l'apprentissage est ,True
711369,"avec la crise de la covid-19, nous avons voulu préserver, mais aussi amplifier cette dynamique prometteuse. c'est pour cela que l'apprentissage se tro",True
711370,"face à ce succès inédit de l'apprentissage, nous avons aussi une bataille culturelle à mener. cela passe par de nombreuses actions de sensibilisation ",True
711371,"dans ce contexte, nous voulons retrouver, pour la rentrée 2021, le niveau atteint lors de la rentrée 2020. c'est pour cela que nous avons décidé de pr",True
715794,j'ai déjà évoqué les principes qui s'opposent à l'interdiction des listes communautaires ou de tenir des propos contraires à la souveraineté nationale,True
716142,"en outre, je rappelle que la rédaction de cet article a évolué au fil des lectures. si la rédaction initiale pouvait effectivement paraître inappropri",True
719045,"quant au zonage d'implantation potentielle de l'éolien (zip) préconisé par l'amendement no 68 de m. leseul, il serait soumis à la majorité qualifiée, ",False
723040,il est proposé d'exclure les sociétés foncières agréées « entreprise solidaire d'utilité sociale » (esus) assurant un sieg des personnes morales à pré,True
723587,la suite de la discussion budgétaire est renvoyée à la prochaine séance.,True
725335,ces subventions permettront de financer la transition énergétique et numérique. la quasi-totalité du dispositif maprimrénov' sera par exemple financée,True
726342,"monsieur le secrétaire d'état, j'entends bien les arguments que vous avez développés tout à l'heure, expliquant qu'il fallait prévoir une période asse",True
726343,mais vous savez que le parlement ne peut pas donner d'injonction au gouvernement. c'est la raison pour laquelle nous n'avons pas pu déposer d'amendeme,True
726352,"aujourd'hui, contrairement au début de la crise, nous avons des masques en quantité suffisante ; aujourd'hui, contrairement au début de la crise, nous",True
726353,"vous ne pouvez pas dire aux français que, jusqu'à ce que la situation s'améliore, nous devons vivre avec le virus dans un régime d'exception, lorsque ",True
729747,"s'agissant des épidémies de bronchiolite, de grippe et de gastro-entérite qui pourraient se développer, je suis tout à fait d'accord avec vous pour co",True
731258,"un parcours de soins pour les enfants victimes de violence est en cours de création, afin de structurer des parcours de soins sur l'ensemble du territ",True
732258,"lorsque vous supprimez des postes dans le second degré, vous accentuez les inégalités sociales et territoriales – quoi qu'en ait dit tout à l'heure le",True
733743,ce sont cinq années de dialogue constant et de concertation avec les associations et les représentants du monde combattant qui se poursuivent. par cet,True
733744,je souhaite revenir sur quelques points saillants de notre politique.,True
733745,"tout d'abord, après une réflexion collective, nous venons mettre fin à une longue attente, en apportant des réponses à l'ensemble du monde combattant ",True
733748,"une loi de reconnaissance et de réparation en faveur des harkis sera soumise au parlement, conformément aux annonces du président de la république. no",True
733749,"enfin, parce que la relation entre l'armée et la jeunesse est un enjeu de société et de citoyenneté, mais aussi un enjeu fort pour nos armées, nous av",True
734056,"l'objet de cet amendement est donc d'obtenir enfin, dans les six mois suivant l'adoption de ce texte, un rapport sur les modalités qui permettraient d",True
734059,"avec mme sylvie bonnet, je souhaite vous alerter sur la situation des 30 000 veuves d'anciens combattants de tout conflit. l'attribution de la demi-pa",True
734067,"ils font partie des ressortissants de l'onacvg en leur qualité de pupilles de la nation. en 2020, l'office a ainsi procédé à 2 215 interventions finan",True
734068,la demi-part fiscale est un point dont nous ne pouvons discuter ici parce qu'il s'agit d'une recette en moins. elle est accordée aux veuves si leur ma,True
734077,"ensuite, vous vous êtes exprimée de manière, je trouve, un peu maladroite. nul ne demande pas la charité ni ne fait la mendicité. vous parlez d'être a",True
734082,"par ailleurs, pour le conflit en indochine, le bénéfice de la campagne double est accordé sur le seul critère de la présence sur le territoire, ce qui",True
734087,"en revanche, je ne trouve pas cette campagne double très équitable, parce qu'elle est mise en œuvre pour les fonctionnaires et non pour les travailleu",True
734088,"tout cela a été calé sur les jours de combat, les jours de feu, et cela fonctionne quand même bien car nous avons des services d'archives très perform",True
734093,la suite de la discussion budgétaire est renvoyée à la prochaine séance.,True
734095,"examen des crédits des missions administration générale et territoriale de l'état ; sécurités ; immigration, asile et intégration.la séance est levée.",False
736505,"en effet, le développement de nos outre-mer crée souvent des différences très importantes avec les pays proches géographiquement. ces collectivités ap",True
736506,"cette demande de rapport me semble donc très intéressante, car il nous permettrait de mieux répondre aux spécificités des territoires voisins de nos o",True
736517,"je maintiens donc cette demande de rapport qui, j'insiste, serait de nature à éclairer les collègues qui nous succéderont sur ces bancs.",True
736520,"la parole est à m. le secrétaire d'état, pour soutenir l'amendement no 1558.",False
736522,"c'est une bonne nouvelle, la reprise est très forte au niveau mondial, et nombre de nos entreprises sont bien positionnées. c'est pourquoi les crédits",True
736523,"c'est ainsi avec une certaine satisfaction que je sollicite votre assentiment pour procéder à cette augmentation de crédits, destinés à soutenir nos e",True
736527,"quoi qu'il en soit, sur le fond, c'est une bonne chose : nous encourageons nos entreprises et veillons à ce qu'elles soient concurrentielles au niveau",True
736532,"vous le savez, aux termes de ce contrat, la côte d'ivoire continuera à honorer le service de sa dette, en contrepartie de quoi le pays percevra une su",True
736535,"de quoi s'agit-il ? nos autorités ont la possibilité d'accorder des remises de dette à certains états jusqu'à un certain plafond, dit de yaoundé. celu",True
736536,"cela étant, nous n'avons connaissance des termes de ce contrat que parce que le plafond de yaoundé est franchi. j'en parlais tout à l'heure, nous n'av",True
736537,"toutefois, afin de ne pas mettre le gouvernement dans l'embarras dans ses relations avec la côte d'ivoire, je donne un avis de sagesse à cet amendemen",True
736543,la suite de la discussion budgétaire est renvoyée à la prochaine séance.,True
738114,la parole est à m. guillaume gouffier-cha.,True
738818,"le présent amendement vise donc à établir un critère simple, le taux d'incidence – qui pourrait ne pas être unique, puisque d'autres éléments entrent ",True
739774,"le président se fendait d'un tweet : « on va résister, tous ensemble. ayez confiance. » avant de s'autodésigner épidémiologiste et de rabrouer le cons",True
740071,"la commission n'a pas examiné ces amendements. à titre personnel, je m'en remets à la sagesse de l'assemblée en attendant l'avis de mme la ministre, e",True
740105,ces questions demeurent invisibles alors qu'elles constituent une réalité quotidienne pour de nombreuses filles et femmes. en cas d'effets secondaires,True
740106,"employeurs, ressources humaines et médecine du travail ne sont pas assez formés sur ces sujets qui demeurent absents de notre culture de société, en r",True
740107,"il apparaît donc opportun de lancer une étude nationale sur la santé menstruelle des femmes au travail, afin d'obtenir des données plus concrètes sur ",True
740110,il est évident que toutes les femmes ici présentes ont de l'empathie vis-à-vis des situations que vous avez énumérées et que nous déplorons.,True
740113,"de plus, il me semble que votre demande est déjà largement satisfaite : dans une interview donnée à brut le 4 décembre 2020, le président de la républ",True
740114,"je le répète, votre proposition n'entre pas dans le champ de la mission travail et emploi et des choses importantes sont déjà engagées dans ce domaine",False
740119,"ce sujet est tabou, non reconnu : les femmes n'osent pas en parler ; comme elles sont parfois empêchées de travailler, elles peuvent se retrouver dans",True
740122,"nous sommes bien conscients de ces enjeux, qui sont douloureux. attendons d'évaluer les résultats de cette stratégie, car je suis convaincue que des m",True
740125,"cela étant, le financement d'une campagne publique d'information sur la santé menstruelle ne relève pas du programme 111 de la mission travail et empl",False
740133,"à cet égard, je crois que vous faites une confusion. je laisserai à mme la ministre le soin de vous l'expliquer, mais il y a effectivement eu un manqu",True
740134,"à titre personnel, je vous demande donc de bien vouloir retirer votre amendement : à défaut, l'avis sera défavorable.",True
740137,"la baisse de 6,39 millions d'euros apparue dans le projet de loi de finances initiale pour 2021 et que vous entendez compenser par cet amendement n'ét",True
740138,"l'objet de cet amendement étant satisfait, je vous demande de le retirer, à défaut de quoi je lui donnerai un avis défavorable.",True
740144,"que va donc faire votre ministère, quelle loi allez-vous défendre, quel règlement allez-vous appliquer pour que cesse cette injustice qui fait que les",True
740145,"cela permettrait aussi de répondre à un défi, dont la dares a également fait état dans une note, et selon lequel si des secteurs sont sous tension et ",True
740146,"il apparaît ainsi qu'on ne peut se contenter de faire confiance au dialogue social, en espérant que quelque chose d'intéressant en ressortira pour tou",True
740149,"chaque année, nous avons ainsi l'impression d'être mis en défaut, étant donné que vous évoquez des problèmes réels et que je ne puis que vous répondre",True
740150,"nous convenons qu'il s'agit de questions importantes dont il faut débattre, mais le gouvernement et le parlement ne sont pas les employeurs de ces per",True
740151,"je suis donc désolée, mais je vous demanderai, à titre personnel, de retirer l'ensemble de ces amendements, à défaut de quoi je leur donnerai un avis ",True
740156,"en ce qui me concerne, je ne me contente pas de brandir un rapport à la tribune de l'assemblée nationale pour faire ma publicité personnelle : nous av",True
740157,"vous ne semblez pas avoir suivi ces discussions mais, par exemple, la branche de la sécurité a décidé d'une revalorisation de 10 % de la masse salaria",True
742457,le programme création permet de soutenir le spectacle vivant et les arts visuels. de nombreux dispositifs d'aide d'urgence ont été proposés ; le jeune,True
742744,"je rejoins donc tout à fait les propos de m. stéphane claireaux. madame la ministre, je vous demande d'être vraiment très attentive : un millier d'emp",True
742754,"l'audiovisuel public étant fragilisé, c'est la raison pour laquelle nous défendons un amendement d'appel visant à créer une nouvelle ligne budgétaire ",True
742758,"comme cela a été rappelé, souvent sous l'impulsion des pouvoirs publics mais aussi du fait des sociétés de l'audiovisuel public elles-mêmes, des proje",True
742834,j'ai déposé un amendement sur ce sujet !,True
743459,"je remercie la rapporteure spéciale valérie rabault : en nous apportant son expertise sur l'amendement, elle nous explique comment la sardine a bloqué",True
743581,nous essaierons d'être fidèles !,True
745120,"nous avons été nombreux à faire des propositions sur ces sujets, lors de l'examen du plf mais aussi lors de l'examen en commission de ce projet de loi",True
745121,"une nouvelle répartition des richesses est aujourd'hui essentielle, répartition que le ministre le maire a plusieurs fois appelée de ses vœux mais pou",True
745122,"face à ces enjeux, les mesures d'urgence ont été plus qu'insuffisantes, et même inexistantes dans le plan de relance. à quelques mois de la présidenti",True
749498,"on est bien d'accord, je le redis parce que ce sujet est important : en aucun cas, le devoir de réserve n'empêche le lanceur d'alerte d'effectuer un s",True
751574,"ainsi, sont admises en déduction du résultat imposable les charges effectivement supportées par l'entreprise, qui sont liées à l'exercice de son activ",True
753206,"je pense que cela renforcerait la capacité de contrôle du parlement. j'ai exercé, durant plusieurs années, les fonctions de parlementaire et de maire ",True
753341,"quant à l'amendement no 11, il prévoit l'impossibilité d'un cumul d'indemnités en cas de cumul de fonctions figurant à l'article 1er, dont la suppress",False
753724,"il est vrai que de nombreux rapports, dont celui de 2018 du conseil économique, social et environnemental (cese), soulignent le développement timide d",True
754177,"parce que le combat des socialistes s'est toujours fondu avec le féminisme, nous avions décidé de faire avancer cette proposition de loi en l'inscriva",True
754181,"« le scénario catastrophe type : se présenter ric-rac avant la date butoir, en été. juste au moment où un maximum de médecins sont en congé, dans l'un",True
754182,"ces situations, des milliers de françaises les vivent chaque année ; 3 000 à 5 000 d'entre elles, selon les estimations, partent alors à l'étranger po",True
754183,"le coût dans les cliniques étrangères peut facilement atteindre les 1 000 euros, non remboursés bien entendu. c'est là un fardeau de plus pour les fem",True
754184,"avant que nous n'entamions l'examen des articles, je tiens à adresser à certains de mes collègues une mise en garde. les femmes qui avortent n'ont pas",True
754185,"alors que nous examinons cette proposition de loi que j'ai cosignée, je voudrais sincèrement remercier albane gaillot pour son combat sans relâche sur",True
754186,"j'insiste également sur le fait que les concertations ont largement eu lieu, depuis le début de cette législature, avec l'ensemble des acteurs concern",True
754187,"nous voterons pour la fin de la double clause de conscience, qui n'a plus aucune raison d'être. à l'époque où simone veil l'avait défendue, c'était po",True
754188,nous voterons aussi le texte pour permettre aux sages-femmes de pratiquer des ivg chirurgicales.,True
754189,"à de nombreuses reprises au cours de notre histoire, la société a tenté de reléguer les femmes au rang de procréatrices, comme nous avons pu l'entendr",True
754190,"mais de longue date aussi, les femmes ont utilisé la contraception et l'avortement comme moyens de protestation, avec des périodes plus ou moins sombr",True
754194,"la rédactrice en chef du magazine nous interpelle en ces termes : « vous qui avez pratiqué une ivg, en avez-vous déjà parlé librement avec vos amis ? ",True
754195,"si ces femmes s'expriment d'abord en soutien à d'autres femmes, ces quelques mots s'adressent aussi, évidemment, aux censeurs en tout genre, aux tartu",True
754196,la situation sanitaire a lourdement affecté l'accès à l'ivg pour toutes les femmes. mais le covid a déjà le dos bien large : regardons aussi l'œuvre d,True
754197,"nous le rappelions, chaque année en france, environ 220 000 ivg sont réalisées. près des trois quarts concernent des femmes sous contraception. une fe",True
754198,"pour reprendre les mots de la tribune des 160 : « l'avortement n'est pas une exception, une erreur de parcours ou un échec. il fait partie de la vie d",True
754199,nous examinons une proposition de loi transpartisane qui vise justement à garantir aux femmes le droit fondamental de disposer de leur corps en allong,True
754200,cette mesure contribue à diminuer le risque d'avortement non sécurisé en permettant à toutes les femmes d'accéder à l'ivg dans des conditions sûres en,True
754201,beaucoup de demandes d'ivg après le délai légal de douze semaines de grossesse concernent les femmes victimes de violences. elles sont souvent dans de,True
754202,l'allongement des délais d'ivg permet aussi d'éviter de creuser les inégalités sociales entre les femmes : aller faire une ivg à l'étranger coûte troi,True
754203,"cette proposition de loi est sérieuse. elle est soutenue par bon nombre de médecins, non pour des raisons politiques, mais pour des raisons médicales,",True
754204,"ce droit que les femmes ont arraché, parfois au péril de leur vie, est fortement mis en danger par la fragilisation des services publics avec la ferme",True
754205,"pour conclure, je citerai quelques mots d'annie ernaux issus de l'ouvrage qu'elle a consacré à son avortement : « il était impossible de déterminer si",True
754209,"je veux ici remercier le président de mon groupe, christophe castaner, d'avoir proposé l'inscription de ce texte lors de cette semaine de l'assemblée.",True
754210,"nous nous retrouvons pour examiner le texte adopté en commission le 10 février dernier, puisque le groupe socialistes et apparentés l'avait finalement",True
754211,"ce mur d'amendements est aujourd'hui à peu près le même mais, cette fois-ci, nous le surmonterons sans problème. ce qui est infranchissable lors des t",True
754212,"si la loi n'est pas une maïeutique des mœurs, la norme qu'elle fixe se déduit de la réalité sociale. et la réalité sociale de notre pays est la suivan",True
754691,même à l'amp !,True
755872,"et puis quel cours pourrait-on supprimer pour faire une place à celui-ci ? en effet, l'empilement des cours est aussi un problème de l'éducation natio",True
756715,l'article 4 vise quant à lui à planifier une hausse progressive du montant de l'apa afin de réduire le reste à charge en établissement pour les plus m,True
756716,"toutefois, il faut rappeler que la caisse nationale de solidarité pour l'autonomie (cnsa) tient compte de l'insularité et de l'éloignement des territo",True
756717,"l'article 5 vise à favoriser le retour des jeunes docteurs en médecine en martinique, notamment ceux spécialisés en médecine gériatrique. si cette dem",True
756718,"l'article 6 vise à étendre, à titre expérimental, l'éligibilité de l'emploi franc à des publics issus d'un parcours d'insertion sur le territoire de l",True
756722,"en effet, comme l'explique la rapporteure, la martinique était en 2000 le département le plus jeune de france et devrait, à l'horizon 2050, devenir le",True
756723,c'est à la lumière de ces constats et à la suite de la remise du rapport libault en 2019 que cette proposition de résolution a été rédigée et déposée ,True
756724,"ainsi, à travers différents véhicules législatifs, les solutions ici proposées ont été soumises au débat parlementaire et votées. je pense notamment a",True
756725,"la création de la cinquième branche dès l'été 2020 et sa structuration financière autour de la cnsa, selon l'article 33 du plfss pour 2021, ont permis",True
756726,"le plfss pour 2022, qui a été voté en lecture définitive lundi dernier dans cet hémicycle, consacre de nouveaux financements à l'autonomie, particuliè",True
756727,"par ailleurs, le projet de loi 3ds, dont l'examen débutera la semaine prochaine en séance publique, contient une mesure visant à favoriser le développ",True
756728,"enfin, sur la question des emplois francs évoquée dans le texte, il nous semble cohérent d'attendre le terme de l'expérimentation en cours, qui doit s",True
756732,"comme cela vient d'être rappelé à plusieurs reprises, la martinique, qui était un des départements les plus jeunes de france il y a vingt ans, est auj",True
756733,"différentes raisons expliquent cette problématique, et d'abord la transition démographique que le territoire connaît depuis vingt ans. en effet, même ",True
756734,"une autre explication, historiquement malheureuse, concerne l'envoi vers l'hexagone de jeunes de moins de 35 ans par le bureau pour le développement d",True
756735,"enfin, la martinique fait face à une fuite de jeunes talents. ils sont nombreux à s'installer durablement dans l'hexagone pour exercer une activité ap",True
756736,"par ailleurs, les difficultés économiques imposées par le vieillissement de la population sont exposées par les chiffres inscrits dans la proposition ",True
756737,"madame la ministre déléguée, voici quelques propositions qui permettent de lutter contre le déclin démographique et ses effets sur la martinique : fac",True
756741,la séance est levée.,True
757367,"madame la secrétaire d'état, vous semblez oublier que l'aah est attribuée après une évaluation médicale qui apprécie le taux d'incapacité, le seuil ét",True
757461,les experts sont unanimes pour constater que les investissements nécessaires sont gigantesques. la cour des comptes européenne a évoqué un montant de ,True
759353,"à écouter notre collègue rudigoz, il faudrait changer le cadre légal en fonction de ceux qui gouvernent, ce qui n'est pas une bonne démarche.",True
759357,certains amendements sont-ils retirés ?,True
759568,"contraire au principe même de l'intercommunalité, le dispositif que vous proposez appelle trois critiques possibles : il risque de complexifier les re",True
760720,les territoires sont des lieux d'élaboration et de construction d'une politique commune. nous courons là le risque d'affaiblir des coopérations exista,True
761063,"deuxièmement, afin d'éviter le caractère trop intrusif et stigmatisant de l'aide du mes, l'accord introduit un nouvel outil : la ligne de crédit assor",True
761265,"cette préoccupation milite pour un amendement de suppression. je suis, pour ma part, toujours très réservé lorsque l'état se décharge d'une responsabi",True
764493,"c'est mettre fin aux vies non vécues, empêchées, que l'on retrouve, comme l'écrivait virginia woolf, « dans les couloirs sombres de l'histoire où se d",True
765328,"vous savez comme moi que quand bien même des dispositifs sont prévus par la loi, s'ils ne sont pas accompagnés, s'il n'y a pas de pédagogie ni de disp",True
766225,"certes, la conférence des organes spécialisés dans les affaires communautaires – cosac – se tiendra ici au début du mois de mars, alors que nos travau",True
767562,"je vous rappelle qu'il ne s'agirait que d'une possibilité de délégation et non d'une obligation. le conseil délibérant peut tout à fait, s'il le souha",True
768060,"en dix-huit mois, je n'ai jamais pu prendre contact avec la directrice générale de l'ars de ma région, en dépit de mes demandes répétées. cette distan",True
768075,"depuis les dix-huit mois que dure la pandémie, trois préfets et deux directeurs d'ars se sont succédé dans mon département. ça marche avec le second, ",True
770153,deux grandes enquêtes cyber d'envergure ont eu lieu à lyon et à paris. elles ont montré que des piratages des sites des médecins ou des cabinets médic,True
772942,"jusqu'en 2016, j'ai été reçue par l'ambassade de france, mais c'était toujours pour me faire dire tout le bien possible du maroc. cependant, à partir ",True
774917,"je peux vous dire d'expérience qu'une interprofession est en équilibre instable. c'est comme un vélo : si elle n'avance pas, elle tombe, et moins l'ét",True
775349,"mon amendement prévoit que le texte n'entre pas dans ce niveau de détail mais prévoit que, conformément à l'esprit de la loi, les responsables profess",True
775625,"en tout état de cause, une telle mesure exceptionnelle trouve un instrument juridique dans le code du commerce, dont l'article 410-2 autorise le bloca",True
775669,venezuela !,True
775934,"je récuse l'expression : « rétablir la confiance », car la confiance est un sentiment : en tant que républicain, ce sont des droits que je veux. la co",True
776063,"d'autre part, l'exposé sommaire de votre amendement me semble incohérent. vous indiquez que dans dix ans, « l'état pourra récupérer gratuitement la ge",True
776341,"je profite d'avoir la parole pour remercier les cosignataires de ce texte, car je ne suis pas sûr qu'ils auront l'occasion de s'exprimer. outre mes ca",True
780355,"c'est un terrible échec – et, j'en ai bien conscience, un échec collectif.",True
780591,"tournez-vous vers le québec et regardez ce qui s'y passe, dans ce pays très libéral qu'est le canada ! le québec a instauré une politique de régulatio",True
780722,"en l'absence de véritable revalorisation, le rythme de croissance du smic réel a été divisé par dix entre la décennie 2000 et la décennie 2010. en con",True
781043,"reste que l'attractivité du métier ne s'améliore pas, car les salaires ne sont pas du tout satisfaisants et les conditions de travail sont trop diffic",True
782838,"l'adoption de l'amendement no 26 de mme six limiterait très fortement la partie facultative de la lfss ainsi que les dépenses, car le droit d'amendeme",False
782945,"l'idée n'est pas de contraindre. avec votre amendement, vous cassez un outil que vous prenez pour une politique. le gouvernement sera obligé d'expliqu",True
783944,"depuis 2019, année de leur création, l'objectif des maisons france services est à la fois simple et ambitieux : faire vivre les services publics dans ",True
784979,"la seconde disposition, qui vise à ce que le premier adjoint soit d'un sexe différent de celui du maire, avait elle aussi été envisagée, avant d'être ",True
785536,"par ailleurs, vous soutenez que ma proposition de loi est inopérante, mais ce n'est pas le cas : ce sont les engagements internationaux dont vous vous",True
787237,"enfin, l'article 3 du même arrêté indique que tout enseignant d'éducation physique et sportive peut, lorsqu'il l'estime nécessaire, demander l'examen ",True
791539,et méfiez-vous de marcel déat !,True
791608,et la défiance à l'égard de m. baupin ?,False
791609,…que pour sa lutte contre le dérèglement climatique et l'interdiction des néonicotinoïdes tueurs d'abeilles. (mêmes mouvements.),False
792398,la discussion générale est close.,True
794280,"cette prime pérenne doit permettre de redistribuer rapidement la valeur produite au sein des entreprises. pour rappel, depuis 2019, plus de 8 milliard",True
795920,"cela ne vous coûte rien, cela ne coûte rien aux finances publiques et cela n'enlève rien à personne. cet amendement de bon sens permettrait d'aider de",True
796141,"il y a des gens qui meurent de faim, vous pouvez attendre deux minutes, non ?",False
796142,"s'il s'agit simplement d'aller à la buvette cinq minutes plus tôt, vous pouvez patienter encore un peu. (applaudissements sur plusieurs bancs du group",False
798421,,False
800582,mme le pen est la candidate non du pouvoir d'achat mais du pouvoir des chats !,False
800583,"et je tiens à la remercier au nom de tous les gens qui, à cette heure précise, vont se lever pour que le pays tienne debout. (applaudissements sur les",False
800934,"exonérer d'impôt sur le revenu les jeunes de moins de 30 ans est une mesure de bon sens. monsieur le ministre, je vous ai entendu dire que les prélève",True
800935,"monsieur sansu, vous avez parlé des jeunes riches. pour les jeunes qui sont banquiers d'affaires ou footballeurs, nous avons proposé une flat tax, l'i",False
803023,l'amendement no 358 de m. éric pauget est retiré.,False
803041,"l'amendement no 346 de m. jérôme nury est défendu.sur l'amendement no 820, je suis saisie par le groupe rassemblement national d'une demande de scruti",False
803060,les amendements nos 253 de m. fabien di filippo et 83 de mme émilie bonnivard sont retirés.,False
803086,"les amendements nos 106 de mme véronique louwagie, 335 de m. jérôme nury, 367 de m. éric pauget et 21 de mme véronique louwagie sont retirés.",False
803114,avis défavorable.,True
803562,je remercie les présidents de groupe de bien vouloir me retrouver pour évoquer la suite des débats.la suite de la discussion est renvoyée à la prochai,False
803689,"madame la présidente, face à ce déni de démocratie, je demande une suspension de séance de cinq minutes. (applaudissements sur les bancs des groupes g",False
804502,"merci, monsieur le député. les deux rappels au règlement figureront évidemment au compte rendu. si vous évitiez de citer les articles de presse qui no",True
804959,quel est l'avis du gouvernement ?,True
806102,"la parole est à mme véronique louwagie, pour soutenir l'amendement no 148.",False
806433,excellent amendement !,True
807886,"cher collègue, les rappels au règlement ne sont pas faits pour répondre aux orateurs. je rappelle toutefois que, dans cet hémicycle, il n'y a que des ",True
807997,la parole est à m. gabriel amard.,True
809347,"dans la perspective de l'accueil de ce grand rendez-vous populaire – pour mémoire, la décision de la fifa remonte à 2010 –, le qatar a souhaité priori",True
810090,le projet de loi pose les fondations d'une justice économique en procédant à un élargissement expérimental des compétences du tribunal du commerce. il,True
812425,il ressort des auditions que nous avons menées que les personnes soumises à ces enquêtes connaissent parfaitement les balises : elles savent les repér,True
812632,"vous avez mentionné un certain nombre de professions, mais celles-ci bénéficient déjà d'une protection spécifique, puisque le présent article les excl",True
812788,"le président houlié a proposé un amendement apportant des précisions utiles. ne pas permettre l'usage de la visioconférence dans cette jirs, c'est acc",True
812829,"la première est qu'il n'est possible de recourir à cette technique spéciale qu'après autorisation d'un magistrat : le jld, pour ce qui concerne une en",True
813443,"encore une fois, cet amendement nous semble essentiel, parce que la mesure de réparation, très souvent prononcée quand l'ordonnance de 1945 s'appliqua",True
813873,les représentants des opj que nous avons auditionnés ont indiqué que la présence de l'avocat était susceptible de compliquer l'opération dans la mesur,True
814599,"si nous sommes prêts sur le plan politique et à titre collectif à adopter des solutions nouvelles, je doute que ce soit le cas sur le plan technique e",True
815130,"par conséquent, même si vous n'en serez pas ravis, je demande le retrait de ces amendements ; à défaut, avis défavorable. nous pourrons ainsi continue",True
815382,c'est vous qui avez interrompu m. léaument !,True
815389,"j'ajoute que la partie concernée peut faire appel d'une décision de refus par le procureur. il me semble que cette rédaction, que nous avons travaillé",True
819788,je rappelle qu'il existe déjà des audiences foraines. il y a eu d'ailleurs récemment un très bel article dans un journal du soir qui montrait comment ,True
822926,"l'article 3 a fait l'objet d'ajustements en commission spéciale, de manière à mieux prendre en compte l'accélération des impacts liés au dérèglement c",True
823587,"à l'inverse, l'amendement présenté par m. delautrette est un peu trop précis quant aux objectifs à fixer en matière de développement industriel, et ri",True
823764,nous en venons à l'amendement no 656.,False
824404,faites ruisseler !,True
826048,"je suis saisie de trois amendements identiques, nos 331, 615 et 1065, tendant à supprimer l'article 3. sur ces amendements, je suis saisie par le grou",False
826576,"c'est une question importante, donc, et je souhaiterais vous faire part des expériences qui nous ont été rapportées lors de nos auditions.vous souhait",False
828825,pas du tout !,True
828826,ce n'est vraiment pas le cas !,True
828969,eh si !,True
828970,"si, évidemment !",True
829268,"c'est vous qui portez le maillot jaune, madame la présidente ? ou plutôt le maillot à pois, à en juger par votre tenue !",True
829269,"je possède tous les maillots, monsieur le ministre délégué ! (sourires.)l'amendement no 735 de mme marie-agnès poussier-winsback, rapporteure, est réd",False
830040,la séance est ouverte.,True
830486,favorable.,True
830487,la parole est à m. gérard leseul.,True
831171,votre temps de parole est écoulé.,True
831486,"madame chikirou, le sénat a supprimé l'abondement par l'état du plan d'épargne avenir climat. même s'il figure encore dans l'exposé des motifs et l'ét",True
832846,je vous visualisais avec la robe que vous portiez tout à l'heure.,True
833399,"monsieur guedj, je vous ai laissé aller au terme de votre intervention parce que je suis toujours très souple en début de séance mais, comme je viens ",True
835642,on n'a plus le droit d'être en désaccord avec vous !,True
835841,"j'aurais souhaité reprendre la parole, madame la présidente !",True
835842,"j'ai déjà annoncé la mise aux voix, monsieur vallaud.",True
835843,si seulement il avait claqué des doigts pour appeler votre attention…,True
835844,"s'il vous plaît, cher collègue ! vous vous honoreriez à ne pas vous livrer à ce genre de réflexion…",True
836502,la séance est ouverte.,True
844205,"je m'explique. les fonds mobilisés pour des replantages de haies, qui permettent de recréer de la biodiversité, font l'objet d'appels à projets gérés ",True
845145,la parole est à m. philippe lottiaux.,True
850899,la parole est à mme sophie panonacle.,True
851884,"ce débat est intéressant. l'état a besoin de percevoir des impôts, l'important est de savoir lesquels. il existe des impôts sur la consommation, dont ",True
853008,nous avons terminé les questions au gouvernement.,True
854546,"s'agissant des mesures contenues dans le texte, je tiens à saluer l'amélioration de la réparation des accidents du travail et des maladies professionn",True
854835,"…reposant sur le principe « travailler plus tôt, c'est travailler plus dur, donc partir plus tôt »,…",False
854953,"ce n'est pas un rappel au règlement, madame la députée.",True
856965,"vous proposez également que les autorités de tarification publient, a posteriori, un rapport détaillé, ce qui me semble superfétatoire. en effet, la n",False
861539,"la vraie priorité du ministère, celle qu'il assume depuis quatre ans, c'est le rattrapage indemnitaire. j'ai reçu tous les syndicats, et c'est le prem",True
862117,"la parole est à m. mansour kamardine, pour soutenir l'amendement no 1140.",False
862966,"la parole est à m. stéphane lenormand, pour soutenir l'amendement no 1508.",False
862967,je le retire.,True
863174,"concernant les crédits de la mission écologie, développement et mobilité durables consacrés à l'énergie, j'insisterai sur trois points.premièrement, a",False
864608,"…que la sécurité et la coopération collectives permettant à tous les peuples de la terre d'acquérir un minimum de souveraineté, qui leur confère digni",False
865147,"il aura lieu mercredi, madame la présidente panot. tous les membres du bureau et tous les présidents de groupe ne sont pas présents. je souhaite que l",True
865632,l'avis est donc défavorable.,True
869772,la parole est à mme la première ministre.,True
875658,"l'adoption de l'amendement no 416 ayant fait tomber l'amendement no 613, la parole est à mme sophie taillé-polian, pour soutenir les amendements nos 8",False
875719,la suite de la discussion est renvoyée à la prochaine séance.,True
876383,c'est un mensonge !,True
876384,"madame martin, veuillez vous reprendre, c'est la présidente de l'assemblée nationale qui vous le demande. vous ne pouvez pas affirmer que ce que je di",True
876434,l'amendement no 597 tend à alerter la représentation nationale sur l'impérieuse nécessité d'accélérer le recrutement et la formation de nos unités de ,False
880020,la parole est à mme caroline yadan.,True
880554,"quant aux députés du groupe rn, ils ne sont que deux, ce soir…",True
882471,"le squat est un délit, monsieur piquemal, il n'y a pas de débat sur cette question : ce n'est pas une invention du rapporteur kasbarian, c'est un déli",True
883051,"oui, j'aurais adoré en débattre avec vous.nous aurions adoré parler de financements innovants de notre système de sécurité sociale et de protection so",False
883315,nous nous sommes également rendu compte que certains centres ont recouru à des pratiques totalement déviantes. les soins qui y ont été prodigués ont p,True
883766,"un certain nombre d'agriculteurs ne partiront pas à la retraite avant 2030 ; avec le système que nous proposons, ils pourront continuer à cumuler leur",True
884416,"c'est enfin le cas de celui qui vous réunit dans cette partie de l'hémicycle, le président de la république lui-même, dont la parole devrait vous guid",True
884629,"c'est le jeu et, au fond, je peux comprendre que vous vous y livriez. cependant, convenez que la situation actuelle nécessiterait d'agir plutôt que de",True
884741,"l'âge des auteurs ne cesse de diminuer, s'approchant de plus en plus des 30 ans. attendre, attendre encore, alors que trois quarts des femmes assassin",True
884924,heureusement que nous ne vous avons pas attendus pour avancer !,True
885115,"mais avant de vous donner une réponse plus complète, je note que, contrairement à ce que vous aviez fait en commission, vous n'avez pas déposé d'amend",True
885410,… – mais vous me reprocherez ensuite de perdre du temps…,False
888372,"ces obstacles, les voici.c'est d'abord le règlement européen de dublin, en vertu duquel est rendu responsable du traitement d'une demande d'asile le p",False
890332,nous avons tous dû vivre dans notre enfance des événements sportifs qui ne se sont pas déroulés comme prévu et qui nous ont déçus. moi qui étais fan d,True
890348,la discussion générale est close.,True
890389,"j'appelle maintenant, dans le texte de la commission, l'article unique du projet de loi.",True
891454,la parole est à mme barbara pompili.,True
893307,je rappelle aussi que le présent article vise à favoriser l'installation de panneaux photovoltaïques sur des terrains déjà artificialisés et non sur d,True
893870,la suite de la discussion est renvoyée à la prochaine séance.,True
894207,"la parole est à m. stéphane delautrette, pour soutenir l'amendement no 909.",False
894450,la suite de la discussion est renvoyée à une prochaine séance.,True
896530,"nous avons tous les atouts pour faire émerger une filière maritime en plus de la filière industrielle, sur laquelle il existe un accord dans cette ass",True
897379,"madame brulebois, souhaitez-vous défendre l'amendement no 2779 rectifié de mme laurence maillart-méhaignerie ?",False
897599,"la parole est à m. maxime laisney, pour un rappel au règlement.",True
897600,"sur le fondement de l'article 49, alinéa 3, je voudrais dire que cette discussion s'engage très mal. nous avons l'impression d'avoir été pris pour des",True
897602,…et cela ne sera pas sans conséquence sur le vote sur l'ensemble du texte par notre groupe. (applaudissements et exclamations sur les bancs des groupe,False
897603,la parole est à mme laurence maillart-méhaignerie.,True
899143,"enfin, la commission de régulation de l'énergie (cre) encadrera bien évidemment le développement de ces contrats dans le cadre de son rôle de régulate",False
900446,quel est l'avis de la commission sur ces deux amendements ?,True
900861,"non, c'est injuste !",True
901233,"toutefois, le lycée professionnel est une filière importante qui doit mener les jeunes vers un niveau scolaire supérieur, ce qui est moins le cas de l",True
901246,"quant au dispositif du chef-d'œuvre, qui occupe trois heures par semaine, il est fortement contesté par la profession et par les élèves. nous ne perce",True
901265,"depuis quelques années, je vois défiler se multiplier de nouveaux cap formant au métier d'éboueur, de femme de ménage, de repasseuse ou encore de trie",True
903309,"les solutions proposées par le gouvernement sont largement insuffisantes quand elles ne sont pas inadaptées. l'été dernier, vous avez proposé à notre ",True
903862,"et si, monsieur carrière, nous sortions des postures politiciennes ? votre seul argument est de dire que le rassemblement national est contre l'amélio",True
906418,tout en affirmant notre soutien politique à la pertinence et au bien-fondé de ce projet de législation européenne défendu par la commission européenne,True
910606,"ce qui nous réunit ici – « ensemble », comme dirait m. jumel –, c'est un accord en commission mixte paritaire. soyons fiers du travail réalisé ensembl",True
910761,"cela permettra d'amplifier les messages diffusés depuis de nombreuses années. ces encarts seront accessibles à l'état et éventuellement à ses agences,",True
911073,"nous avons d'ailleurs déposé, sur cet article, un amendement qui permettra une harmonisation, une mise en conformité à date unique des agréments actue",True
914577,ce n'est pas tout blanc ou tout noir !,True
916296,j'ai simplement disposé d'un fait nouveau en rapport avec l'article 3 bis.,False
916309,"…« les dispositions de l'article 40 de la constitution peuvent être opposées à tout moment aux propositions de loi et aux amendements, ainsi qu'aux mo",True
916916,favorable aux amendements s'ils sont sous-amendés.,False
916917,quel est l'avis du gouvernement sur les sous-amendements et les amendements ?,False
916918,favorable aux sous-amendements et aux amendements sous-amendés.,False
916919,"chers collègues, vous êtes tous d'accord : le scrutin public a été annoncé il y a cinq minutes ? (approbations sur tous les bancs.)",False
917534,…pour continuer à raconter des histoires sur la manière dont l'opposition défend son opinion.,False
917781,la parole est à m. nicolas turquois.,True
917782,"compte tenu des explications du ministre, je retire mon amendement.",False
918548,"vous dites qu'il y a un loup ; un flou, pardon !",True
918550,"je vous renvoie au texte : l'objectif de l'index est de susciter la négociation sociale dans chaque entreprise. en supprimant cet index, vous retirez ",True
918738,"rien ne nous oblige à terminer avant le 17 février à minuit : la jurisprudence du conseil constitutionnel montre, au contraire, qu'il est possible de ",True
919889,"c'est sûr, cela vous va bien, les discussions de salon de thé !",True
919890,"…un accord sur le partage de la valeur, lequel sera retranscrit par voie législative afin que tous les salariés en bénéficient.dès la semaine prochain",False
925262,c'est un peu fort de café de demander à prolonger l'examen du texte après avoir plombé les débats pendant neuf jours à l'aide de tunnels d'amendements,True
928017,"certains régimes spéciaux sont déjà dans le collimateur du gouvernement. même si, pour l'heure, la survie du régime de la fonction publique ne semble ",True
928022,"la cfdt est aussi très fortement attachée à la dimension statutaire de la prévoyance, c'est-à-dire aux garanties prévues dans le statut des agents pub",True
928031,"se pose également la question de la portabilité des droits mise en place à l'intérieur des catégories actives. ainsi, un fonctionnaire qui a exercé pe",True
928044,"le volet santé a donc été négocié au niveau interministériel, et doit maintenant se négocier ministère par ministère. le volet prévoyance, quant à lui",True
928800,le groupe démocrate tient à saluer le travail de compromis réalisé par les deux assemblées au terme de la navette parlementaire. l'équilibre des vues ,False
934715,"nous devons donc y remédier.dans son discours de belfort, le président de la république a réaffirmé l'ambition de « faire […] de la france, le premier",False
934773,"vous avez souhaité, monsieur marleix, refaire le débat sur l'arenh à l'occasion de l'examen de ce projet de loi. lors de nos débats en commission des ",False
936766,défavorable.,True
936767,quel est l'avis du gouvernement sur les amendements ?,True
939843,"la filière nucléaire en france est menacée, entre autres, depuis l'abandon du projet astrid. en effet, le prototype de réacteur de quatrième génératio",True
939864,"encore une demande de rapport sur le projet astrid. il répondait à trois enjeux majeurs : l'indépendance énergétique, en donnant à la france la capaci",True
941771,"quant à l'amendement no 26 – puisque vous l'avez également défendu –, nous avons aussi débattu du sujet en commission. la convention concernera un tou",False
942531,…c'est cette majorité qui a redéfini l'assurance récolte en y intégrant davantage d'exploitations ; c'est cette majorité qui protège le revenu agricol,False
943571,"même avis. comme je l'ai déjà expliqué tout à l'heure à vos collègues du rassemblement national, nous avons prévu une date butoir à laquelle l'expérim",True
944201,…vous ne discutez avec nous sur rien. et voilà que vous allez coconstruire avec le rassemblement national ! (exclamations sur les bancs des groupes de,False
945252,"…– car, c'est un fait, il n'en existe pas aujourd'hui.",False
948358,"néanmoins, les britanniques n'ont pas instauré de loi de police et n'ont pas à respecter le principe de proportionnalité de la peine encourue vis-à-vi",True
948633,"tout ce travail a été enrichi grâce à vous, mes chers collègues, par vos amendements déposés en deuxième lecture. je tiens à remercier tout particuliè",True
950459,"nous partageons et comprenons votre objectif, mais nous émettons une réserve sur cet amendement. je vous invite à le retirer, car ajouter un 6° au sei",True
950752,"la parole est à m. stéphane vojetta, rapporteur de la commission des affaires économiques, pour donner l'avis de la commission.",True
951755,"la cfdt souhaiterait vivement voir une déclinaison de la cnsa fonctionnant comme une caisse nationale de sécurité sociale, avec une gouvernance qui s'",True
955612,"l'article unique et les amendements portant article additionnel ayant été rejetés, la proposition de loi est rejetée.",False
958089,"j'en profite enfin pour revenir sur la question des courriers – c'est une proposition que je fais à chaque plfss. vous savez, monsieur le ministre, ch",True
958548,"au reste, plusieurs articles ont été ajoutés par voie d'amendement lors de la discussion en commission des affaires sociales, à l'initiative de député",True
967116,"monsieur catteau, je me réjouis de vous voir satisfait que des apprentis étrangers viennent étudier et travailler en france – j'ai bien fait de me lev",True
968521,avis défavorable.,True
970709,il est quasiment identique à celui de m. descoeur et vise à limiter l'instauration du régime forestier d'office aux parcelles forestières sans documen,True
970790,nous avons constaté un vide juridique concernant les 42 000 kilomètres de voies de défense des bois et forêts contre l'incendie créées par les associa,True
973202,l'économie de guerre implique de conserver de l'agilité ; on attend de la bitd qu'elle soit capable de monter en puissance et de produire plus vite en,True
975426,"la loi de programmation militaire contribue au financement de l'innovation : 10 milliards d'euros seront déployés à ce titre. bien entendu, les marché",True
976703,"je ne comprends pas bien ce que vous entendez par « l'identité propre » du soldat, même si je crois comprendre le sens général de l'expression. je vou",True
977770,"sur le matériel, vous souhaitez rendre nos infrastructures plus robustes et vous avez raison. je rappelle que 8 milliards seront investis pour rendre ",True
983594,"il prévoit la remise par le gouvernement, au plus tard deux ans après la promulgation de la lpm, d'un rapport sur la présence de munitions anciennes e",True
983595,quel est l'avis de la commission ?,True
983839,quel est l'avis de la commission ?,True
983840,"cette obligation existe dans la loi, et le rapport a d'ailleurs été publié en 2018 et 2019. l'amendement, qui n'apporte rien, devrait donc être retiré",False
984895,l'ordre du jour appelle le débat consacré à la restitution des travaux des commissions des finances et des affaires sociales sur le printemps de l'éva,True
986634,"troisième objectif : financer les collectivités locales – communes, départements, régions. l'octroi de mer est leur deuxième source de revenus. en gua",True
986837,sagesse.,True
986838,quel est l'avis du gouvernement ?,True
987886,"c'est aussi pour cette raison que les articles relatifs aux padhue, sur lesquels m. vigier a insisté à juste titre, sont si importants, même si tout l",True
987902,"j'aimerais ensuite dissiper certaines incompréhensions dont font l'objet les cts. premièrement, ils ne constituent pas une nouveauté : ils existent de",True
990456,"enfin, je tiens à saluer l'ensemble des collègues de tous les groupes qui se sont mobilisés pour travailler sur cette proposition de loi, en particuli",True
990585,"pour être précis, la dispense concerne seulement les employeurs qui n'atteindront pas l'objectif de 50 % de primo-nominations, mais dont le stock comp",True
994496,"vous proposez que les saisies ne puissent avoir lieu que lorsque les sommes dépasseraient différents montants. si nous suivions votre raisonnement, no",True
998300,"oui, la définition des projets concernés est large – des amendements visent d'ailleurs à la réécrire –, mais c'est heureux : il nous faut pouvoir sais",True
998301,"en revanche, chacune des catégories des projets d'envergure nationale ou européenne doit être suffisamment claire, qu'il s'agisse d'industrie verte, d",True
998348,"nous y reviendrons, une clause de revoyure est prévue à mi-parcours, en 2026, précisément pour faire le point sur l'ensemble des projets concernés. à ",True
998509,"vous avez évoqué la position du gouvernement : c'est le sens de l'arbitrage qu'il a rendu et qui devrait, me semble-t-il, emporter un certain soutien.",True
998577,"nous entendons donc vous simplifier le travail en vous proposant de supprimer, à la fin de l'alinéa 11, la référence au port autonome de strasbourg. s",True
1000013,"je constate que le vote est acquis à l'unanimité. (applaudissements sur les bancs du groupe re.)la parole est à mme catherine couturier, pour soutenir",False
1002574,c'est vrai !,True
1002575,exactement !,True
1004237,"monsieur bazin, j'approuve totalement les arguments que vous avez avancés en présentant l'amendement de m. viry. en effet, dans la perspective d'une i",True
1006393,"néanmoins, cette exigence d'humilité ne doit pas aboutir à une forme de paralysie collective et de renoncement de la part des pouvoirs publics. elle d",True
1006549,je retire l'amendement !,True
1007228,l'objet du titre ier est plus large !,True
1009627,la parole est à mme marine le pen.,True
1011661,"non, nous ne sommes pas d'accord ! ça ne se fait pas !",False
1013466,"l'heure avance, les bancs se sont vidés ; il reste des jeunes dans les tribunes. je constate que l'assemblée, au fur et à mesure que la nuit progresse",True
1013721,"chers collègues de la minorité présidentielle, enivrés d'autosatisfaction, vous pouvez faire mentir les chiffres, mais pas les images. faites preuve d",True
1016128,la suite de la discussion budgétaire est renvoyée à la prochaine séance.,True
1023963,la parole est à m. paul vannier.,True
1024435,"malgré votre coup de pied de l'âne, madame rilhac, vous noterez que nous avons voté pour votre amendement !",True
1024691,"votre temps de parole est écoulé. (mme la présidente coupe le micro de l'oratrice, laquelle est applaudie par quelques députés du groupe lfi-nupes.)qu",False
1025069,la suite de la discussion de la seconde partie du projet de loi de finances est renvoyée à une prochaine séance.,False
1026325,"la parole est à mme nathalie bassire, pour soutenir l'amendement no 2570.",False
1026347,"la parole est à m. christian baptiste, rapporteur spécial de la commission des finances, de l'économie générale et du contrôle budgétaire, pour donner",True
1027127,nous avons terminé les questions au gouvernement.,True
1027705,très bien !,True
1027961,la parole est à m. arthur delaporte.,True
1028994,vous avez raison !,True
1028995,notre pays ne compte pas moins de 637 000 ascenseurs – c'est le premier transport en commun du quotidien. je voulais déposer ces amendements car j'ai ,True
1031360,la parole est à m. le ministre délégué chargé des transports.,True
1032085,eux !,True
1032086,"non, eux !",False
1032087,"qui a consommé l'intégralité des crédits de la mission outre-mer du projet de loi de finances (plf) pour 2024 dans une outrance d'amendements, forçant",False
1033786,"nous savons bien que ce que vous proposez est une vraie solution pour de nombreuses personnes. néanmoins, inscrire dans la loi une injonction à respec",True
1034462,"de même, l'article 5 prévoit le report, pendant une période transitoire de quinze mois, de l'application pleine et entière du cadre social territorial",True
1036291,avis défavorable également.,True
1037506,"les mots ont un sens et il me semble important d'approfondir ceux que vous avez utilisés, monsieur le rapporteur, afin de mieux comprendre l'esprit qu",True
1040118,quel est l'avis de la commission sur les sous-amendements ?,True
1040313,quel est l'avis de la commission ?,True
1040314,défavorable.,True
1041025,"…parce qu'elles doivent s'adapter à leur territoire.les besoins ne sont pas les mêmes dans le monde rural, dans les zones périurbaines et dans les gra",False
1041094,je mets aux voix l'article 1er.,True
1042545,la suite de la discussion est renvoyée à la prochaine séance.,True
1043100,le vote est donc acquis à l'unanimité. (applaudissements sur les bancs des groupes re et hor.),False
1045192,"la parole est à m. le ministre délégué chargé du commerce extérieur, de l'attractivité et des français de l'étranger.",True
1045313,vous n'allez pas vous en tirer comme ça !,True
1046080,…mais aussi pour les habitants de ces quartiers.,False
1047966,"la parole est à m. bruno millienne, rapporteur de la commission mixte paritaire.",True
1049438,la parole est à mme la ministre de l'europe et des affaires étrangères.,True
1049529,la séance est levée.,True
1051178,"par ailleurs, l'entretien de janvier 2021 entre le premier ministre arménien et le président de la république française a permis une reprise de l'acti",True
1052699,quel est l'avis de la commission ?,True
1052700,c'est une des particularités des discussions communes : nous avons deux amendements très différents sur le fond de leur argumentation.,True
1052918,la parole est à mme emmanuelle ménard.,True
1053268,la séance de questions est terminée. merci à tous d'avoir respecté les temps de parole décidés en conférence des présidents. après une suspension d'en,True
1053316,la parole est à mme léna normand.,True
1053732,"il y a aussi des situations administratives très complexes, en particulier dans les cas d'indivisions successorales. notre collègue emeline k/bidi, ab",True
1054243,ce n'est pas la mesure la plus adaptée. l'article 8 vise à « délégaliser » la définition du contenu du registre national d'immatriculation des copropr,True
1054991,je me propose de vous donner lecture des cinq alinéas que nous souhaitons ajouter à l'article 9 ter : cela me permettra de vous exposer la procédure d,True
1055250,"résultat : dans de très nombreux cas, l'absence des indivisaires empêche toute procédure pour ces terrains, maisons ou immeubles de centres anciens.po",False
1056493,"en revanche, la législation actuelle s'agissant de l'accès à l'avortement repose sur la loi du 17 janvier 1975, rapidement pérennisée par la loi du 31",True
1056834,"je suis saisie de six amendements, nos 80, 17, 134, 167, 16, 95, pouvant être soumis à une discussion commune. les amendements nos 17, 134, 167 sont i",False
1056860,quel est l'avis de la commission sur ces deux amendements identiques ?,True
1056873,"la parole est à m. philippe gosselin, pour soutenir l'amendement no 103.",False
1057281,nous avons achevé l'examen des articles de la proposition de loi.,True
1059159,"cet après-midi, l'assemblée a commencé d'entendre les orateurs inscrits dans la discussion générale.la parole est à mme aude luquet.",False
1059220,il a été question d'inflation législative. or nous n'avons pas adopté de loi relative à la sécurité routière depuis 2017.j'en viens à la critique selo,False
1060173,"quant à la semaine de quatre jours, qui fera bientôt l'objet d'une proposition de loi – je salue le travail de notre collègue bertrand petit du groupe",True
1063868,la suite de la discussion est renvoyée à la prochaine séance.,True
1065123,"la première concerne, dans la commune de cussac-sur-loire, la réalisation d'une déviation au niveau du lieu-dit les baraques, dans le prolongement de ",True
1065720,"je mets aux voix l'amendement no 1. (le vote à main levée n'ayant pas été concluant, il est procédé à un scrutin public.)voici le résultat du scrutin ",False
1068588,"ensuite, la contrefaçon et la contrebande freinent les actions de contrôle et de lutte contre le tabagisme, particulièrement chez les jeunes. ce comme",True
1069379,"ma question s'adresse à m. durand. la loi « immigration » a renforcé la stigmatisation des étrangers, notamment des mineurs et des jeunes majeurs dans",True
1070199,"ceux-ci peuvent être légitimement inquiets : s'ils ont été exposés au chlordécone, ils peuvent croire qu'ils sont d'ores et déjà malades et, dès lors,",False
1070867,"la parole est à mme danielle brulebois, pour soutenir les amendements nos 28 et 29.",False
1070868,je les retire.,True
1072212,la proposition de loi modifie l'un des paramètres de l'ordonnance de protection et crée une ordonnance provisoire de protection immédiate. l'amendemen,False
1072460,bravo !,True
1073945,quel est l'avis du gouvernement ?,True
1073946,avis défavorable.,True
1075235,"nous avons également prévu, à la demande des syndicats, que le changement soit spécifiquement accompagné.enfin, j'insiste sur ce point, le parlement d",False
1076789,"le bruit est tel que personne ne m'entend, mais je me refuse à élever la voix dans cette enceinte. monsieur leseul, vous avez invoqué l'article 70, al",True
1077003,"troisièmement, pour répondre à l'argument relatif à la dosimétrie, je rappelle que, dans tous les cas, l'asnr sera une autorité indépendante, qu'elle ",True
1078058,je n'irais pas jusque-là !,True
1080471,nous les reprenons tous ! nous voulons le débat !,True
1080548,l'amendement no 21 de m. david valence est défendu.,False
1081580,"sur le fond, la réduction des émissions de gaz à effet de serre et le captage du carbone ne me semblent pas des solutions exclusives l'une de l'autre.",True
1082683,"face à ce constat, le choix de notre majorité est d'agir, sans attendre. agir dans la continuité de l'action menée depuis 2017, dont le point d'orgue ",True
1082758,l'ordre du jour appelle la discussion du projet de loi visant à renforcer la lutte contre les dérives sectaires et à améliorer l'accompagnement des vi,True
1083161,"la parole est à mme brigitte liso, rapporteure de la commission des lois constitutionnelles, de la législation et de l'administration générale de la r",True
1083162,défavorable.,True
1083163,"la parole est à mme la secrétaire d'état chargée de la ville et de la citoyenneté, pour donner l'avis du gouvernement.",True
1083164,même avis.,True
1083301,pas toujours !,True
1083302,…mais vous reprendrez la parole tout à l'heure.,False
1083404,je mets aux voix le sous-amendement no 85.,False
1083406,voici le résultat du scrutin : nombre de votants 121 nombre de suffrages exprimés 119 majorité absolue 60 pour l'adoption 73 contre 46,True
1083685,"la parole est à m. jocelyn dessigny, pour soutenir l'amendement no 8.",False
1083770,"autre chose : ces mesures budgétaires, qui découlent d'une véritable volonté politique, ne seraient-elles pas à l'origine de la baisse de 4,8 % de nos",True
1083938,la parole est à mme la ministre déléguée à l'agriculture et à la souveraineté alimentaire.,True
1084082,"j'en suis convaincu : la population des gardes champêtres a beau décliner, ils exercent un métier d'avenir. dans ma circonscription rurale, ils consti",True
1084855,quel est l'avis du gouvernement ?,True
1085080,"s'agissant de l'ingérence des états-unis, je témoigne que constance le grip a consacré tout un pan de son rapport à l'extraterritorialité du droit amé",True
1085270,"la parole est à mme cécile untermaier, pour soutenir le sous-amendement no 174.",False
1086020,"la parole est à mme ingrid dordain, pour soutenir l'amendement no 1.",False
1087741,"en élargissant l'union européenne aux balkans occidentaux, nous ne ferions que la compléter. si vous avez la carte de l'europe en tête, vous savez qu'",True
1087839,,False
1088210,"depuis leur création, les questions au gouvernement sont un temps fort de la vie parlementaire et n'ont cessé d'évoluer. nous inaugurons aujourd'hui u",True
1088442,"ce débat a été demandé par le groupe la france insoumise-nouvelle union populaire, écologique et sociale. à la demande de ce dernier, il se tient sall",True
1088443,"la parole est à mme noémie ninnin, chargée de plaidoyer france et expertise protection à l'unicef france.",True
1089109,"oh, c'est pas bien !",True
1089355,nous ne sommes pas seuls !,True
1089439,"même pour les jo, vous n'avez pas fait appel à des entreprises françaises !",True
1089721,quel est l'avis de la commission ?,True
1090858,quel est l'avis du gouvernement ?,True
1091145,"vous-même, vous réagissez en permanence quand nous parlons !",True
1091366,"je vais donner la parole à chacun de nos invités pour une courte intervention liminaire, de cinq minutes, puis les questions de nos collègues vous per",True
1092225,"cette réforme permettra aussi une mutualisation des moyens – nous l'avons dit –, ainsi qu'une simplification des procédures, au service aussi bien de ",True
1093912,"la parole est à m. gérard leseul, pour soutenir l'amendement no 28, qui fait l'objet d'un sous-amendement.",False
1094190,vous avez déguisé en proposition de loi ce qui est en réalité un projet de loi venu tout droit de bercy. le but ? éviter l'avis du conseil d'état et l,False
1094708,la parole est à m. philippe brun.,True
1094709,"compte tenu de ce qui a été dit au sujet d'un amendement de notre collègue nadia hai, je retire le mien.",True
1094902,vous avez dit que nous avions voté contre l'article 1er parce que nous étions défavorables au pluralisme. or le groupe renaissance a déposé un amendem,False
1095297,vous procédez ensuite à un amalgame en confondant la confidentialité des juristes d'entreprise et le secret professionnel des avocats.or il s'agit d'u,False
1095548,quel est l'avis de la commission sur ces sous-amendements ?,True
1095973,en conférence des présidents !la suite de la discussion est donc renvoyée à une prochaine séance.,False
1096330,"compte tenu de l'enjeu, faire explicitement figurer leur contribution au repérage des tnd parmi les missions dévolues aux professionnels de l'accueil ",True
1096555,"ce débat, organisé à la demande du groupe socialistes et apparentés, se tient dans la salle lamartine afin que des personnalités extérieures puissent ",True
1096610,la parole est à mme la secrétaire d'état chargée de la ville et de la citoyenneté.,True
1096730,"permettez-moi, d'ailleurs, de ne pas partager votre constat. nos indicateurs macroéconomiques, dites-vous, sont dans le rouge : rien n'est plus faux !",True
1098351,"je suis saisie de cinq amendements identiques, nos 11, 27, 37, 43 et 183, visant à supprimer l'article.la parole est à m. arthur delaporte, pour soute",False
1099148,"madame la ministre, je profite de votre présence pour vous faire part d'une demande. l'organisation de cette séance a été quelque peu chaotique puisqu",True
1100109,"la parole est à mme mathilde panot, pour soutenir l'amendement no 63.",False
1101302,"je suis saisie de deux sous-amendements identiques, nos 4821 et 5092.le sous-amendement no 4821 de m. pierre meurin est défendu.",False
1101303,"la parole est à mme lisa belluco, pour soutenir le sous-amendement no 5092.",False
1101319,"la parole est à mme anne-laure blin, pour soutenir le sous-amendement no 4958.",False
1101333,"la parole est à m. marc le fur, pour soutenir le sous-amendement no 4869.",False
1101805,"la parole est à m. loïc prud'homme, pour soutenir le sous-amendement no 5332.",False
1102289,"la parole est à m. loïc prud'homme, pour soutenir le sous-amendement no 5382.",False
1102770,la suite de la discussion est renvoyée à la prochaine séance.,True
1102771,"avant de lever la séance, je vous indique qu'il reste quatre-vingt-quatre sous-amendements à examiner avant de pouvoir passer au vote sur l'ensemble d",True
1102779,"nous poursuivons l'examen des sous-amendements.la parole est à mme emmanuelle ménard, pour soutenir le sous-amendement no 5185.",False
1102782,"je suis saisie de deux sous-amendements identiques, nos 5102 et 5350.le sous-amendement no 5102 de mme marie pochon est défendu.la parole est à mme ma",False
1102785,"la parole est à mme manon meunier, pour soutenir le sous-amendement no 5353.",False
1102788,"la parole est à m. jean-claude raux, pour soutenir le sous-amendement no 5397.",False
1102791,"la parole est à m. sylvain carrière, pour soutenir le sous-amendement no 5357.",False
1103370,la suite de la discussion est renvoyée à la prochaine séance.,True
1105111,la suite de la discussion est renvoyée à la prochaine séance.,True
1105117,l'ordre du jour appelle la suite de la discussion du projet de loi d'orientation pour la souveraineté alimentaire et agricole et le renouvellement des,True
1105118,"cet après-midi, l'assemblée a poursuivi la discussion des articles, s'arrêtant à l'amendement no 1340 à l'article 2.eu égard au nombre d'amendements r",False
1105119,"la parole est à mme la rapporteure pour avis de la commission des affaires culturelles et de l'éducation, pour soutenir l'amendement no 1340.",False
1105602,"la parole est à m. vincent descoeur, pour soutenir l'amendement no 105.",False
1106852,je suis saisie d'un amendement no 2911 de m. loïc prud'homme.,False
1108011,"il vise à créer à titre expérimental, pendant trois ans et dans trois régions, des formations de btsa en agroforesterie.l'agroforesterie est une techn",False
1108894,"au mois de janvier, ce texte a été adopté à l'unanimité en première lecture à l'assemblée nationale. encore une fois, je salue l'accord trouvé en cmp ",True
1108919,"la parole est à m. pascal lecamp, rapporteur de la commission des affaires économiques pour le titre iii, pour donner l'avis de la commission sur ces ",True
1108981,"sur les amendements nos 1021 et identique, je suis saisie par le groupe la france insoumise-nouvelle union populaire, écologique et sociale d'une dema",False
1109009,quel est l'avis du gouvernement ?,True
1109010,même avis.,True
1109527,quel est l'avis de la commission ?,True
1109766,"je suis saisie de trois amendements, nos 2447, 2463 et 4440, pouvant être soumis à une discussion commune.la parole est à mme lisa belluco, pour soute",False
1109947,"la parole est à m. dominique potier, pour soutenir l'amendement no 3688.",False
1110433,"la parole est à m. éric girardin, rapporteur général de la commission des affaires économiques, pour donner l'avis de la commission sur cet amendement",True
1110471,la parole est à m. le ministre.,True
1111240,"nous en venons aux amendements portant article additionnel après l'article 10.la parole est à m. dominique potier, pour soutenir les amendements nos 2",False
1112634,quel est l'avis de la commission sur ces amendements identiques ?,True
1112687,"la parole est à mme manon meunier, pour soutenir l'amendement no 1192.",False
1112784,quel est l'avis de la commission sur ces amendements en discussion commune ?,True
1112838,la suite de la discussion est renvoyée à la prochaine séance.,True
1113013,exactement !,True
1113041,"les amendements identiques nos 42 de m. julien dive, 1060 de m. vincent descoeur et 1550 de m. francis dubois sont retirés.",False
1113043,les amendements nos 2966 de mme manon meunier et 3324 de mme lisa belluco sont défendus.,False
1113048,"les amendements identiques nos 41 de m. julien dive, 208 de m. vincent descoeur et 689 de m. francis dubois sont retirés.",False
1113547,quel est l'avis de la commission ?,True
1113693,quel est l'avis de la commission sur ces amendements identiques ?,True
1113942,"je vous remercie tous pour ces débats. aujourd'hui, nous avons siégé durant treize heures et trente minutes et nous avons examiné 936 amendements. je ",True
1115440,la suite de la discussion est renvoyée à la prochaine séance.,True
1115539,"n'avez-vous pas l'impression que, quand on veut s'en donner les moyens, on trouve les fonds ? et les soins palliatifs ne sont-ils pas une cause qui va",True
1115966,"ça ne fait pas si longtemps, finalement !",False
1115967,"…et je me souviens, tout comme, je l'imagine, chacun ici, des débats de l'époque…",False
1116192,la parole est à m. le secrétaire d'état.,True
1116982,"la parole est à mme isabelle valentin, pour soutenir l'amendement no 1177.",False
1117617,"je vous informe que, sur le vote de la proposition de résolution, je suis saisie par le groupe gauche démocrate et républicaine-nupes d'une demande de",False
1117950,je vous rappelle qu'il est interdit de brandir des documents à la tribune de l'assemblée nationale.,True
1117952,"non, vous ne faites pas ce que vous voulez. cela vous a été rappelé récemment.",True
1118362,"la parole est à mme béatrice piron, pour le soutenir.",True
1118423,la parole est à mme la présidente de la commission des affaires sociales.,True
1118990,"je suis saisi de trois amendements, nos 1261, 1685 et 1697, pouvant être soumis à une discussion commune. la parole est à mme emmanuelle ménard, pour ",False
1120418,"la parole est à mme caroline fiat, pour soutenir l'amendement no 1834.",False
1120454,"la parole est à mme elsa faucillon, pour soutenir l'amendement no 2912.",False
1120586,les amendements nos 943 de mme julie delpech et 3147 de m. christophe bentz sont également défendus.cette grande discussion nous permet du moins d'avo,False
1121322,il est défavorable. il ne me paraît pas souhaitable et il me semble surtout extrêmement complexe de hiérarchiser les proches d'un malade en fin de vie,True
1121396,"la parole est à mme sandrine rousseau, pour soutenir les amendements nos 2126 et 2125.",False
1123153,"sur les amendements identiques nos 546, 1663 et 3171, je suis saisie par le groupe rassemblement national d'une demande de scrutin public. le scrutin ",False
1123656,la parole est à m. philippe latombe.,True
1124111,cette culpabilisation des soignants n'est donc pas la bienvenue. (applaudissements sur certains bancs du groupe re.),False
1124263,"sur les amendements no 555 et identiques, je suis saisie par le groupe libertés, indépendants, outre-mer et territoires d'une demande de scrutin publi",False
1124821,"je rappelle au député isaac-sibille que le texte prévoit de proposer les soins palliatifs aux malades, mais en aucun cas de conditionner l'aide à mour",True
1125649,"je mets aux voix les sous-amendements identiques nos 3457 de mme julie laernoes, 3461 de m. stéphane delautrette, 3512 de m. hadrien clouet et 3522 de",False
1125714,"la parole est à m. olivier falorni, rapporteur général de la commission spéciale, pour donner l'avis de la commission.",True
1125983,la parole est à m. philippe juvin.,True
1125996,"la parole est à m. thibault bazin, pour soutenir l'amendement no 67.",True
1126740,"je suis saisie de trois amendements, nos 3194, 913 et 79, pouvant être soumis à une discussion commune.la parole est à m. christophe bentz, pour soute",False
1127123,"nous en venons à une nouvelle série d'amendements identiques, nos 164, 936 et 3200.l'amendement no 164 de m. patrick hetzel a été défendu.la parole es",False
1127400,cependant il ne s'agit pas seulement de repérer ces situations. l'alinéa 9 de l'article 8 dispose clairement que « lorsque la personne fait l'objet d',False
1127446,nous souhaitons que la décision d'accorder ou non l'aide à mourir soit vraiment collégiale. les amendements que je défends sont gagés pour éviter qu'i,False
1127811,"la parole est à mme monique iborra, pour soutenir le premier d'entre eux, le no 518.",False
