index,snippet,found
39,"monsieur le secrétaire d'état chargé des relations avec le parlement, monsieur le doyen, mes chers collègues, je sais que beaucoup parmi vous partagen",True
41,"je n'oublie pas le goût pour la diversité régionale que mes parents m'ont transmis. de la bretagne à la lorraine, de la corse à l'alsace…",True
240,la séance est ouverte.,True
243,"le parlement est réuni en congrès, conformément au décret du président de la république publié au journal officiel du 29 juin 2017. l'ordre du jour ap",False
245,"monsieur le président de la république, au nom du congrès du parlement, je vous souhaite la bienvenue.",False
247,"avant de vous donner la parole, monsieur le président de la république, je voudrais évoquer un exemple, un symbole, une référence. simone veil occupe ",False
250,"monsieur le président de la république, vous avez la parole.",False
251,"monsieur le président du congrès, monsieur le président du sénat, monsieur le premier ministre, mesdames et messieurs les membres du gouvernement, mes",False
253,"car le sentiment d'appartenance, en définitive, existe moins qu'auparavant. nos sociétés modernes ont tendance à se fractionner au gré des intérêts, d",False
255,"la france est un pays qui résiste aussi longtemps qu'il est possible de ne pas réformer, un pays qui se cabre quand on lui parle mal, quand on ne lui ",False
257,"la paix n'est pas seulement le socle de l'europe, elle en est en l'idéal, toujours à promouvoir, et seule l'europe, et la france dans l'europe, aujour",False
259,je vais suspendre la séance quelques instants pour raccompagner le président de la république.,False
261,la séance est reprise.,True
263,l'ordre du jour appelle le débat sur la déclaration du président de la république. je vous rappelle que chaque groupe dispose d'un temps de parole de ,False
264,"monsieur le président du congrès, monsieur le président du sénat, monsieur le premier ministre, mesdames et messieurs les membres du gouvernement, che",False
266,"nous devons également bâtir une france et une europe protégeant des dangers réels que rencontrent nos concitoyens au xxie siècle, et non de dangers pa",False
268,"alors, mes chers collègues, évaluons, corrigeons, améliorons, simplifions et choisissons de ne légiférer que sur l'essentiel ! sinon, nous deviendrons",False
270,"la parole est à m. bruno retailleau, pour le groupe les républicains du sénat.",False
271,"monsieur le président du congrès, monsieur le président du sénat – cher gérard larcher –, monsieur le premier ministre, mesdames, messieurs les membre",False
273,"si vous me le permettez, cette réponse civique doit aussi s'accompagner d'une lutte contre les communautarismes, qui déchirent notre tissu social. per",False
275,"la parole est à mme virginie duby-muller, pour le groupe les républicains de l'assemblée nationale.",False
276,"monsieur le président du congrès, monsieur le président du sénat, monsieur le premier ministre, mesdames, messieurs les membres du gouvernement, mes c",False
278,"car supprimer une partie des élus revient à augmenter la taille des circonscriptions, et induit donc le risque d'un éloignement par rapport à son dépu",False
280,"la parole est à m. didier guillaume, pour le groupe socialiste et républicain du sénat.",False
281,"monsieur le président du congrès, monsieur le président du sénat, monsieur le premier ministre, mesdames et messieurs les membres du gouvernement, che",False
283,"la france est le seul pays au monde où le président de la république ne peut pas débattre avec les parlementaires. oui, comme l'a dit le président de ",False
285,"il peut d'ailleurs même nous arriver parfois d'y souscrire. mes chers collègues, scellons donc aujourd'hui le pacte de versailles : parce que nous som",False
287,je conclurai en répondant aux projets d'améliorations de nos institutions annoncés par le président de la république. on nous annonce une dose conséqu,False
289,"pour l'oratrice qui m'a précédé à la tribune, rien ne va et il faut tout changer mais, au bout de du compte, rien ne doit changer. eh bien, non ! il f",False
291,"la parole est à m. marc fesneau, pour le groupe du mouvement démocrate et apparentés de l'assemblée nationale.",False
292,"monsieur le président du congrès, monsieur le président du sénat, monsieur le premier ministre, mesdames et messieurs les membres du gouvernement, che",False
294,"la parole est à m. vincent capo-canellas, pour le groupe de l'union des démocrates et indépendants-union centriste du sénat.",False
295,"monsieur le président du congrès, monsieur le président du sénat, monsieur le premier ministre, mesdames et messieurs les membres du gouvernement, mes",False
297,"la parole est à m. franck riester, pour le groupe les constructifs : républicains, udi, indépendants de l'assemblée nationale.",False
298,"monsieur le président du congrès, monsieur le président du sénat, monsieur le premier ministre, mesdames et messieurs les ministres, chers collègues, ",False
299,très bien !,True
300,"cette fracture territoriale qui divise les français n'en est qu'une parmi tant d'autres. regardons la réalité en face, nos politiques publiques sont e",False
302,"la parole est à m. françois patriat, pour le groupe la république en marche du sénat.",False
303,"monsieur le président du congrès, monsieur le président du sénat, monsieur le premier ministre, mesdames et messieurs les ministres, mes chers collègu",False
305,"la parole est à m. olivier faure, pour le groupe nouvelle gauche de l'assemblée nationale.",False
306,"monsieur le président du congrès, monsieur le président du sénat, monsieur le premier ministre, mesdames et messieurs les membres du gouvernement, mes",False
307,très bien !,True
308,"choisir, ce n'est pas prétendre moraliser la vie publique et, en même temps, oublier vos engagements en matière d'incompatibilité entre mandat parleme",False
310,"choisir, ce n'est pas affirmer que l'on veut protéger le monde du travail et, en même temps, revenir sur le compte pénibilité, faciliter les licenciem",False
312,"choisir, ce n'est pas afficher la volonté d'augmenter le pouvoir d'achat des classes populaires et des classes moyennes et, en même temps, augmenter l",False
314,menteur !,True
315,"choisir, ce n'est pas affirmer la volonté d'en finir avec la taxe d'habitation, impôt injuste, et, en même temps, prévoir de le faire supporter aux co",False
317,"choisir, ce n'est pas crier au monde que nous devons rendre notre planète « great again » et, en même temps, envisager de revenir sur l'interdiction d",False
319,menteur !,True
320,"il n'y a qu'un « en même temps » que je regrette de ne pas avoir entendu : on ne peut réformer la puissance publique sans, en même temps, évoquer la t",False
322,"la parole est à m. gilbert barbier, pour le groupe rassemblement démocratique et social européen du sénat.",False
323,"monsieur le président du congrès, à l'issue de votre élection à la présidence de l'assemblée nationale, la semaine dernière, vous déclariez : « nous a",False
325,"le 8 mai dernier, les français ont fait le choix de porter à la présidence de la république un homme qui s'est affranchi des partis politiques traditi",False
326,"la france est aussi un territoire en proie à des fractures sociales, culturelles et numériques. à côté du monde urbain, il y a le monde rural, des ter",False
328,"la parole est à m. philippe adnot, sénateur non inscrit.",False
329,"je vous prie, monsieur le premier ministre, de saluer le président de la république de ma part et de lui dire qu'il a prononcé un discours très beau, ",False
332,la séance est levée.,True
1816,je mets aux voix l'ensemble du projet de loi.,True
1818,voici le résultat du scrutin :,True
2892,"mes chers collègues, je précise que nous avons examiné 50 amendements, à la vitesse moyenne de 15 amendements à l'heure, et qu'il en reste 291.",True
5457,"ce peut être une bonne solution, à condition que les choses soient bien encadrées par les partenaires sociaux. or moi je fais confiance au dialogue so",True
5760,cet amendement vise à substituer à un décret en conseil d'état un décret simple pour la fixation des critères qui président au calcul de l'indemnité d,True
5761,quel est l'avis du gouvernement ?,True
5762,"légiférer, c'est déterminer la meilleure solution, de façon pragmatique, cohérente avec ses valeurs, en écoutant à la fois la concertation sociale et ",True
10182,je mets aux voix la motion de rejet préalable sur le projet de loi organique.,True
10184,voici le résultat du scrutin : nombre de votants 233 nombre de suffrages exprimés 226 majorité absolue 114 pour l'adoption 25 contre 201,False
13046,"… à partir des vrais chiffres et non à partir de sous-budgétisations. vous aurez un budget sincère, un budget qui correspondra ainsi au contrôle démoc",False
13058,"… je me suis rendu dans les locaux de l'asp, l'agence de services et de paiement, pour travailler avec l'ensemble de ses services et surtout pour éval",False
16367,"la parole est à mme laurence dumont, pour soutenir l'amendement no 418 rectifié.",True
16370,"merci, monsieur le président. « la ruse avilit la politique », disait étienne de jouy il y a plus de 200 ans – il pensait sans doute à m. bompard. plu",False
18295,"je vous annonce qu'à la demande du gouvernement et en application de l'article 95, alinéa 4, du règlement, l'assemblée nationale examinera par priorit",True
24839,"défendre la sécurité, c'est d'abord défendre nos libertés. tel est l'esprit dans lequel le groupe les républicains abordera ce débat capital et essent",True
24840,"d'abord, il y a urgence à sortir de l'état d'urgence, car si nous y restons, nous ne parviendrons pas à expliquer pourquoi nous n'avons pas réussi à é",True
24841,"nous suivons toujours ce « long chemin tragique » et nous ne pouvons, hélas ! en percevoir le terme. depuis ces dates tragiques – 7 janvier 2015, 13 n",True
24842,"par ailleurs, au sénat, une majorité républicaine a voté un texte dans l'intérêt général. le rejeter contredit ce qu'elle a réalisé avec vous, monsieu",True
24843,nous avons collectivement le devoir de répondre à cette situation. une guerre a été déclarée à notre nation. la france est en guerre à l'extérieur de ,True
24844,"dès lors, dans l'intérêt général et pour notre sécurité, monsieur le ministre d'état, mes chers collègues, nous ne voterons pas la motion de rejet pré",True
24847,"nous le savons, monsieur le ministre d'état, et nous partageons avec vous ce constat. nous savons aussi que vous êtes animé, comme nous tous, collecti",True
24849,"chaque jour, l'âme de la france est mise à rude épreuve par des barbares qui veulent détruire tout ce que nous sommes et tout ce que nous avons été, t",True
24850,"premièrement, nous avons indiqué en commission que nous sommes prêts à affronter ce débat en formulant des propositions, notamment au sujet du contrôl",True
24870,"nous devons ici, mes chers collègues, au moment où nous ouvrons ce débat essentiel, exprimer avec gravité et responsabilité notre reconnaissance à ceu",True
32424,"mais vous n'êtes plus au pouvoir ! monsieur le premier ministre, un homme politique a écrit ceci : « la vie politique est ainsi faite qu'elle oblige à",False
32447,très bien !,True
32450,"… et ce, quelles que soient les ressources dont disposent ses parents.",False
32452,"mme la ministre des solidarités et de la santé, mme buzyn, a présenté des priorités fortes en matière de politique familiale, que nous saluons et que ",True
32454,"il est, à nos yeux, essentiel de réparer l'erreur qu'a commise françois hollande en confondant politique sociale et politique familiale.",False
32455,c'est valls qui déteste les familles ! le groupe modem soutient la volonté du gouvernement de redonner à france une politique familiale forte et puiss,False
32467,c'est une erreur.,True
32468,"elle s'adresse à tous les parents qui élèvent seuls leurs enfants et qui rencontrent, plus que les autres, des difficultés à concilier vie professionn",True
32471,il y a toujours autant d'enfants pauvres – 3 millions.,True
32472,vous ne répondez pas à la question !,True
32473,… un soutien renforcé aux familles qui en ont le plus besoin et un véritable investissement dans la garde des enfants.,False
32474,ce n'est pas la question !,True
35568,l'ordre du jour appelle la discussion de la proposition de loi de m. arnaud viala et plusieurs de ses collègues visant à restaurer la compétitivité de,True
37438,"la parole est à m. didier martin, rapporteur pour avis de la commission des affaires économiques.",True
37441,"constatant que ces articles contiennent des dispositions fiscales qui sont de nature à dynamiser la reprise de notre économie, la commission des affai",True
59054,"monsieur le président, monsieur le ministre d'état, ministre de l'intérieur, chers collègues, les crédits de la mission « sécurités » pour 2018 montre",True
74876,"nous proposons, quant à nous, qu'un dialogue social performant se poursuive dans la durée. c'est la raison pour laquelle nous proposons de remettre en",True
89435,"en application de l'article 50, alinéa 4, du règlement, qui prévoit que la dernière séance de la journée s'achève à une heure du matin, je vais lever ",True
90000,pourquoi interdire à une collectivité de mettre en oeuvre une solution intelligente et adaptée à son territoire ? je rappelle que beaucoup de ces camp,False
94843,la mesure figure en seconde partie !,False
96924,"la parole est à mme valérie rabault, pour soutenir l'amendement no 60.",True
97160,"merci, madame la présidente !",True
101880,"… ou, au contraire, prendrez-vous des dispositions pour sanctionner ces occupations illégales ?",False
101894,soyez un peu honnêtes !,False
113665,la proposition d'un récépissé n'est donc pas la bonne solution. le groupe la république en marche votera la motion de rejet préalable.,True
125252,"chers collègues, ne vous inquiétez pas de la disparition du compteur du tableau d'affichage. en attendant que ce problème technique soit réglé, je peu",True
129977,"ce pas plus grand ne dérangera pas les militaires, eux qui ont l'habitude de marcher.",True
132167,iu,True
132168,"comme la prévention et la promotion de la santé doivent être mises en place le plus tôt possible, je focaliserai ma question sur la politique de préve",True
153616,merci.,True
153617,"… et, on l'aura compris, du plan de 10 % de régularisations ?",False
165714,"madame autain, je n'ai pas pour habitude de prendre part aux débats, mais je ne laisserai pas faire des mises en cause personnelles sans répondre. peu",False
165718,"… mais, s'agissant des nominations, depuis que je suis président de l'assemblée nationale, j'ai transmis aux présidents de groupe l'intégralité des no",False
165720,"pour ma part, j'ai tout fait avec les groupes. il y a de cela des traces écrites : courriers papiers et électroniques ; je vous les fournirai si vous ",True
188631,"la parole est à m. lionel causse, pour soutenir l'amendement no 1946.",True
218133,la séance est ouverte.,True
218136,"le parlement est réuni en congrès, conformément au décret du président de la république publié au journal officiel du 19 juin 2018.",False
218138,"l'ordre du jour appelle, en application de l'article 18, alinéa 2, de la constitution, la déclaration du président de la république. cette déclaration",False
218140,"monsieur le président de la république, au nom du congrès du parlement, je vous souhaite la bienvenue. monsieur le président de la république, vous av",False
218141,"monsieur le président du congrès, monsieur le président du sénat, monsieur le premier ministre, mesdames, messieurs les membres du gouvernement, mesda",False
218143,"je crois au bicamérisme, qui garantit une démocratie mieux équilibrée. je salue ici le travail accompli cette année par le sénat pour permettre que le",False
218145,"c'est donc une réforme de confiance, de renforcement de la représentation nationale. le parlement ainsi rénové aura le pouvoir de mener avec le gouver",False
218147,"oui, l'année écoulée aura été celle des engagements tenus. ce que nous avons dit, nous l'avons fait, dans le dialogue, en acceptant les désaccords, ma",False
218149,"c'est, au fond, l'affirmation et la proposition du projet français pour le xxie siècle. après tant de doutes, après tant d'incertitudes, il s'agit que",False
218151,"ce projet nous impose d'être solidaires. un peuple qui se défait, qui se disloque, se condamne lui-même à échouer. ce projet nous impose d'être justes",False
218153,mettons les choses dans l'ordre : ce projet ne peut être porté que si nous sommes forts et dotés d'une économique solide. c'est la réponse que nous de,False
218155,"une politique pour les entreprises, ce n'est pas une politique pour les riches ! c'est une politique pour toute la nation, une politique pour l'emploi",False
218157,"sinon comment, d'un côté, dénoncer les faiblesses de notre modèle économique, le capital qui quitterait les frontières nationales, et, de l'autre, cré",False
218159,"l'investissement est celui de la nation, celui de l'état avec un grand plan d'investissement de 50 milliards d'euros, mais doit aussi être celui de ch",False
218161,cela passe ainsi par l'implication directe des salariés dans la réussite de l'entreprise à travers un nouvel élan de la participation et de l'intéress,False
218163,"si l'on veut partager le gâteau, la première condition est qu'il y ait un gâteau… et ce sont les entreprises, rassemblant actionnaires, dirigeants et ",False
218165,"et il est impossible de prétendre distribuer quand on ne produit pas assez. l'argent qui s'investit, qui circule, qui crée de l'emploi n'est pas celui",False
218167,"libérer l'investissement en france par une fiscalité adaptée et compétitive, c'est ainsi faire revenir dans notre pays les investisseurs étrangers qui",False
218169,"il s'agit, là aussi, de nous confronter collectivement à nos propres contradictions. tout le monde souhaite la baisse des impôts – d'aucuns en proposa",False
218171,"en cette première année, beaucoup d'instruments ont été mis en place pour soutenir l'investissement et l'innovation à travers toute l'économie. je pen",False
218173,"contre ceux qui condamnaient l'agriculture française à la mortifère fuite en avant, dans une concurrence dévorante avec les grands pays de production ",False
218175,"cette politique de filières, que nous allons structurer et amplifier dans l'année qui vient, doit permettre de retisser les réseaux économiques et les",False
218177,"contre ceux, enfin, qui pensaient qu'il fallait choisir entre croissance et transition environnementale et climatique, nous avons décidé d'équiper nos",False
218179,"c'est pour cette même raison que, dans les semaines qui viennent, le gouvernement aura à présenter une stratégie ambitieuse pour réduire la pollution ",False
218181,"je l'affirme devant vous, représentants de la nation, la force de notre économie, quand nous l'aurons pleinement retrouvée, sera le socle même de notr",False
218183,"certaines ont déjà commencé à le payer, lorsque les classes populaires et les classes moyennes se sont réveillées pour rappeler à leurs dirigeants que",False
218185,"c'est cela qui m'obsède : le modèle français de notre siècle, le réel modèle social de notre pays doit choisir de s'attaquer aux racines profondes des",False
218187,"oui, à mes yeux, le coeur même d'une politique sociale, celle que nous devons porter, n'est pas d'aider les gens à vivre mieux la condition dans laque",False
218189,"le pilier premier de la politique sociale à laquelle je crois est l'émancipation de chacun, qui libère du déterminisme social et qui s'affranchit des ",False
218191,les enfants déscolarisés à cet âge-là ne rattrapent plus leur retard de socialisation et d'apprentissage. or ce sont les enfants des milieux modestes ,False
218193,"on y distribue, en effet, de façon différenciée, le savoir fondamental : lire, écrire, compter, se comporter. la réforme de l'orientation assure des c",False
218195,"l'émancipation passe aussi par le mérite et par le travail. il y a un an, les entreprises n'avaient pas les moyens d'embaucher ; désormais, elles les ",False
218197,nous mettons ainsi au coeur du système le jeune et son maître d'apprentissage et nous reconstruisons tout autour d'eux avec un seul objectif : en fini,False
218199,"l'émancipation par le travail suppose, en effet, cet investissement dans les compétences. encore faut-il savoir de quels emplois nous parlons. là auss",False
218201,"or je crois qu'il y a, là aussi, une voie française : celle qui permet de conjuguer en même temps le progrès économique et le progrès social.",False
218203,"c'est pourquoi je souhaite que les partenaires sociaux révisent les règles de l'assurance chômage afin que, dans cette période de reprise économique, ",False
218205,"le projet de loi pour la liberté de choisir son avenir professionnel sera modifié en ce sens dans les prochains jours, et ces règles seront négociées ",False
218207,"nous avons besoin d'un nouvel aménagement économique, qui soit un aménagement de projets – vous le savez bien, vous qui êtes ici présents. je ne revie",False
218209,"là aussi, nous avons le droit de proposer à nos concitoyens mieux que le bégaiement de querelles que nous ne connaissons que trop.",False
218211,"le progrès social, s'il découle de l'émancipation individuelle et de la capacité de chacun à se hisser au sein de la société grâce à l'école, au mérit",False
218213,"ce sera un état providence émancipateur, universel, efficace, responsabilisant, c'est-à-dire couvrant davantage, protégeant mieux et s'appuyant sur le",False
218215,"nous devons protéger nos concitoyens non selon leur statut ou leur secteur d'activité, mais de manière plus juste, plus universelle. dès cette année, ",False
218217,"à cet égard, faire croire que nous voudrions supprimer les pensions de réversion est une rumeur malsaine qui ne vise qu'à faire peur.",False
218219,je le dis clairement : rien ne changera pour les retraités d'aujourd'hui.,False
218221,"rien ! et cela, pour une raison simple : pour la première fois, on n'a pas choisi de réaliser des économies sur le dos des retraités d'aujourd'hui ou ",False
218223,"qui ne croit plus au système de retraite aujourd'hui ? ce sont les jeunes, parce qu'ils pensent que ce système ne permettra pas de financer leur propr",False
218225,"c'est sur la mise en place de ce système unique, transparent et juste que vous aurez à discuter, travailler et voter au cours de la prochaine année. l",False
218227,"cet état providence devra, enfin, être plus civique et responsabilisant. la solidarité nationale est financée de plus en plus par l'impôt. les disposi",False
218229,"cette réforme a permis d'accroître le pouvoir d'achat des travailleurs, tout en préservant la compétitivité et en garantissant le maintien des droits.",False
218231,"c'est en contribuant, chacun selon ses possibilités, que l'on devient citoyen. c'est pourquoi nous allons transformer notre système de solidarité pour",False
218233,c'est cette philosophie qui sera mise en oeuvre dans le cadre de la réforme de l'assurance chômage et de la réforme des minima sociaux. la solidarité ,False
218235,nous investirons pour sortir les enfants de la pauvreté et de ses conséquences dramatiques. nous déploierons en particulier une action à l'endroit des,False
218237,"les plus fragiles, ce sont encore nos concitoyens qui vivent en situation de pauvreté. la stratégie de lutte contre la pauvreté sera présentée en sept",False
218239,"je veux une stratégie de lutte contre la pauvreté qui ne permette pas à nos concitoyens pauvres de vivre mieux, mais bien de sortir de la pauvreté, un",False
218241,"les plus fragiles, ce sont enfin les plus âgés, vivant en situation de dépendance. là se niche l'angoisse des personnes âgées et de leurs familles. no",False
218243,"ce que nous avons vu émerger ces dernières années, c'est un nouveau risque social, auquel nous serons tous et toutes confrontés. une partie de l'angoi",False
218245,"nous devons venir au secours des familles, organiser les choses différemment, répondre aussi aux besoins des personnels des établissements d'hébergeme",False
218247,"l'année 2019 y sera consacrée, et je souhaite que soit votée durant cette année une loi qui le permette.",False
218249,il est cependant certain que répondre aux peurs contemporaines n'impose pas seulement une action économique et sociale. nous vivons dans un pays qui r,False
218251,"c'est pourquoi il nous faut restaurer l'ordre et le respect républicains,",False
218253,"c'est-à-dire restaurer cette idée que la démocratie n'est pas un espace neutre ouvert à tous les relativismes, mais d'abord la reconnaissance partagée",False
218255,"la réforme de la procédure pénale permettra d'aller plus loin, et d'alléger les charges inutiles pour nos policiers et nos gendarmes comme pour nos ma",False
218257,"pendant ces derniers mois, nous avons aussi mis fin aux occupations illégales du domaine public auxquelles nous nous étions trop habitués depuis des a",False
218259,"la sécurité recouvre également la lutte contre le terrorisme. sur ce point, nous avons poursuivi les transformations indispensables et réarmé notre or",False
218261,"comme à nos forces de sécurité intérieure qui, avec courage et calme, assurent la protection de nos concitoyens.",False
218263,"au-delà de la sécurité, l'ordre républicain est fondé sur un système de droits et de devoirs dont chaque citoyen est le dépositaire et que nous devons",False
218265,"mais nous le ferons aussi par le service national universel, qui sera précisé d'ici à la fin de l'année, à l'issue d'une nécessaire consultation. depu",False
218267,"la société républicaine que nous voulons est une société du respect et de la considération. nous l'avons constaté pendant la campagne présidentielle, ",False
218269,"ce combat, souvenez-vous, a d'abord surpris. à certains, il avait même pu paraître dérisoire lorsque, dès avant mon élection, je m'étais engagé à en f",False
218271,"mais nous avons, ce faisant, précédé un mouvement mondial. la france, lorsque ce mouvement a surgi chez nous, était prête et consciente. de cela, nous",False
218273,"c'est, du reste, ce qui s'est aussi produit dans des territoires entiers, enfermés dans le mépris et la condescendance. notre politique pour les quart",False
218275,"l'ordre républicain, c'est aussi cette nécessité de ramener dans le giron de la république des pans de la société qui s'en sont éloignés. la républiqu",False
218277,"la laïcité, du reste, commande qu'elle n'ait pas à en connaître et veut simplement que soit garantie à chacun la liberté de croire ou de ne pas croire",False
218279,"mais il y a une lecture radicale et agressive de l'islam, qui se fixe pour but de mettre en cause nos règles et nos lois de pays libre et de société l",False
218281,il faut que tout le monde sache que nulle mise en cause de ces principes ne peut être acceptée sur le fondement d'un dogme religieux.,False
218283,"la laïcité, c'est le respect réciproque : respect de la société et de l'état à l'égard des croyants ; respect des croyants à l'égard de la société et ",False
218285,"je sais que l'immense majorité de nos concitoyens musulmans le savent, le partagent, l'approuvent et sont prêts à participer à cette affirmation de no",False
218287,"nous le ferons avec les français dont c'est la confession et avec leurs représentants. l'ordre public, la civilité ordinaire, l'indépendance des espri",False
218289,"cette démarche avait été différée au nom de cette idée que tout se vaut et qu'au fond, notre pays n'est qu'un assemblage chaotique de traditions et de",False
218291,"cet ordre républicain, enfin, se construit dans la cohésion nationale et donc dans le rapport à l'autre : l'étranger. la peur que nous devons entendre",False
218293,"il n'y a qu'une voix exigeante, celle de la république et de la coopération en europe. elle passe par une politique que nous devons repenser, à laquel",False
218295,"cette jeunesse qui quitte l'afrique aujourd'hui pour prendre tous les risques et qui n'a pas droit, dans une large majorité, à l'asile, c'est la jeune",False
218297,"la deuxième de nos réponses passera par un renforcement de nos frontières communes en europe – un investissement assumé que la france porte, un invest",False
218299,elle sèmera la division en europe. toute politique qui voudrait mélanger toutes les situations et ne pas voir qu'il en existe aujourd'hui de différent,False
218301,"cet ordre républicain auquel nous croyons est le fondement d'une nation d'hommes et de femmes libres. il repose sur une tension éthique permanente, ce",False
218303,depuis quand n'avions-nous pas attendu les crises pour avancer concrètement ? cette europe-là n'est pas incantatoire ni éloignée. elle prend en charge,False
218305,"ni les défis commerciaux, ni les défis du climat, ni les défis de la défense, ni les défis économiques et monétaires ne peuvent se relever dans l'isol",False
218307,c'est au coeur de ces interrogations que se joue l'europe de demain. elle sera nécessairement une europe des peuples. peut-être les vingt-huit peuples,False
218309,"nous en avons pour au moins une décennie. ce sera difficile, mais le combat est clairement posé. il sera au coeur des enjeux des élections européennes",False
218311,"la crise que nous traversons nous dit une chose : l'europe des assis, l'europe des assoupis est terminée.",False
218313,"un combat est en train de se livrer, qui définira le projet de l'europe à venir : celui d'un repli nationaliste ou celui d'un progressisme contemporai",False
218315,"tel est, mesdames et messieurs, le cap que je fixe à la france. vous l'aurez compris, je souhaite renouer avec ce projet français que nous avons perdu",False
218317,"pour mener ce projet, nous partons du réel. nous ne nous alourdirons pas d'idées préconçues, de clivages recuits, d'idées surannées. le progrès, la di",False
218319,"notre seule idéologie, c'est la grandeur de la france, n'en déplaise à certains",False
218321,"et ce que nous construisons, n'en déplaise aux adeptes de l'immédiat, nous le faisons pour aujourd'hui, mais aussi pour demain, c'est-à-dire pour la j",False
218323,"pour qu'elle grandisse dans un pays où elle puisse choisir sa vie, ressentir pleinement cette appartenance qui fait la force d'un peuple et contribuer",False
218325,"merci, monsieur le président de la république.",False
218327,"mesdames et messieurs les députés, mesdames et messieurs les sénateurs, je vais suspendre la séance quelques instants pour raccompagner le président d",False
218329,la séance est reprise.,True
218331,l'ordre du jour appelle le débat sur la déclaration du président de la république. je vous rappelle que l'orateur désigné par chaque groupe dispose d',False
218332,"monsieur le président du congrès, monsieur le président du sénat, monsieur le premier ministre, mesdames et messieurs les membres du gouvernement, che",False
218334,"depuis un an, nous n'avons rien cédé, ni à la tentation de l'immobilisme ni à celle du renoncement. le travail accompli le démontre, nous sommes en ma",False
218336,"dès la première année, la feuille de route de la majorité présidentielle a été scrupuleusement respectée. et que chacun en soit convaincu : notre volo",False
218338,"nous irons plus loin, car le contrôle de l'exécution des lois et l'évaluation des politiques publiques sont indissociables de notre conception du mand",False
218340,"avec les ouvriers, les paysans, les salariés, les enseignants, les commerçants et artisans, les fonctionnaires, les professions libérales et les entre",False
218342,"la meilleure, la plus juste, la plus efficace des protections sociales, c'est de faire baisser le chômage et de protéger, dans la dignité, nos compatr",False
218344,"une bonne politique sociale consiste à prévenir les inégalités et pas seulement à les corriger, à s'attaquer à leurs racines et pas seulement à leurs ",False
218346,"cette compréhension toute évidente que la bretagne n'est pas l'alsace, qui elle-même n'est pas la corse, qui elle-même n'est pas l'île de la réunion, ",False
218348,"dans notre république laïque, notre société est traversée par des débats éthiques et philosophiques dont le parlement aura à se saisir pour les faire ",False
218350,"il y va de notre bien commun et de la préservation de l'humanité. c'est aussi une obligation pour tous les peuples qui, sans développement vertueux, s",False
218352,"la parole est à m. bruno retailleau, pour le groupe les républicains du sénat.",False
218353,"monsieur le président du congrès, monsieur le président du sénat, monsieur le premier ministre, mesdames et messieurs les ministres, chers collègues, ",False
218355,"s'ils doutent, c'est parce qu'ils n'ont rien oublié, ni les promesses présidentielles, ni cette impatience française qu'emmanuel macron avait diagnost",False
218357,"qu'en est-il ? vous avez confondu la transformation avec la communication et, au nom de l'émancipation des français, vous avez pris le risque de diste",False
218359,"malgré la mélodie des discours habiles, y a-t-il eu transformation ? oui, il y a eu quelques avancées,",False
218361,"mais de transformations, trop peu ! comme hier, la france est championne pour la dépense publique et pour les prélèvements obligatoires. comme on dit ",False
218363,"comme hier, vous avez négligé le déclassement de la compétitivité française ; bien sûr, vous avez consenti un petit vent de liberté à nos entreprises,",False
218364,merci de le reconnaître !,True
218365,… mais vous allez réussir ce tour de force de les transformer en collecteurs d'impôt avec cette toquade technocratique qu'est le prélèvement à la sour,False
218367,"comme hier, vos initiatives fiscales ont été aussi désordonnées qu'injustes : d'un côté, l'augmentation de la csg, touchant y compris les retraités le",False
218369,"les français et les européens veulent une autre europe, une europe qui les protège des chocs migratoires et qui protège leurs emplois. ils ne veulent ",False
218371,"d'abord, le lien entre les générations, à travers les attaques répétées contre la politique familiale et l'opposition entre les actifs et les retraité",False
218373,"ensuite, vous fragilisez le lien avec les territoires, ces petites patries charnelles dont parlait péguy, ces petites républiques affectives dont aura",False
218375,"tout n'est que recentralisation vers paris : les compétences, l'apprentissage, la politique budgétaire et fiscale,",False
218377,la politique du logement… vous vous apprêtez de surcroît à nous proposer une révision constitutionnelle qui affaiblira la représentation de nos territ,False
218379,"lesquelsont pourtant déjà perdu leurs instituteurs, leurs commerçants et leurs facteurs.",False
218381,"monsieur le premier ministre, depuis cinquante ans, jamais les maires n'ont été aussi proches du désespoir. entendez-les, car ils constituent la trame",False
218383,"ce lien, vous le distendez au risque de favoriser un phénomène que vous voulez pourtant combattre : le glissement d'une république des citoyens vers u",False
218385,"si nous voulons lutter contre ces poisons, il faut d'abord une parole publique claire. or où est la clarté lorsque le président de la république peut ",False
218387,"la parole est à m. christian jacob, pour le groupe les républicains de l'assemblée nationale.",False
218388,"monsieur le président du congrès, monsieur le président du sénat, monsieur le premier ministre, mesdames et messieurs les ministres, mes chers collègu",False
218390,"le président de la république a choisi de parler beaucoup, beaucoup de lui et beaucoup à votre place, monsieur le premier ministre, car c'est vous qui",False
218392,"il a également choisi de parler très peu de la constitution, alors que c'est lui et lui seul qui a décidé de mobiliser le parlement sur ce sujet penda",False
218394,"il est temps, mes chers collègues, de lever la tête ! lever la tête, c'est commencer par dire que la révision constitutionnelle que nous propose le ch",False
218396,"depuis 1974, tous les présidents de la république – et particulièrement nicolas sarkozy, comme le montre la révision constitutionnelle de 2008 –",False
218398,"ont compris et accepté que la france doit présenter un équilibre des pouvoirs, entre son parlement d'un côté et son gouvernement de l'autre. qu'un gra",False
218400,"depuis plusieurs mois, une immense campagne de déstabilisation vise le pouvoir parlementaire. nous, parlementaires, serions tour à tour incompétents, ",False
218402,"ceux qui défendent simultanément de grandes circonscriptions et le scrutin proportionnel ne connaissent pas la france, ni la subtilité de sa construct",False
218404,"la décision que vous avez prise, monsieur le premier ministre, de créer des circonscriptions à taille inhumaine, deux fois plus grandes que les circon",False
218406,voilà pourquoi nous lui demandons solennellement de ne pas prendre le risque d'évolutions institutionnelles hasardeuses. voilà pourquoi nous lui deman,False
218408,"en instaurant l'élection de certains députés à la proportionnelle, vous placez le ver dans le fruit institutionnel. vous prendriez une décision insens",False
218410,"au demeurant, la même entreprise de déconstruction est à l'oeuvre dans votre politique à l'égard des collectivités locales, monsieur le premier minist",False
218412,"ce qui choque, c'est votre refus d'écouter les acteurs de terrain, et souvent votre mépris à leur égard. ce que vous considérez comme du courage n'est",False
218414,à quel autre président de la république aurait-on pardonné de considérer que certains de nos concitoyens ne sont rien ? à qui aurait-on pardonné cela ,False
218416,à quel autre président de la république aurait-on pardonné le limogeage d'un grand chef militaire ?,False
218418,"à quel autre président de la république pardonnerait-on d'augmenter la csg de nos retraités de 25 %, de surtaxer l'essence et de sacrifier fiscalement",False
218420,pour quel autre président de la république aurait-on fait preuve d'une telle indulgence à l'égard d'une politique si dangereuse et si naïve en matière,False
218422,"les français qui n'ont jamais cédé un pouce de terrain aux sirènes macronistes, et ceux qui en reviennent, comprennent que le « en même temps » est un",False
218424,"nous sommes cette opposition parlementaire, qui supporte de moins en moins le caractère et les attitudes d'un homme qui lui-même, dans un éclair de lu",False
218425,voilà qui est gaulliste !,False
218426,"c'est lui qui l'a dit ! parce qu'il est le fruit d'une effraction, il repartira sans doute comme il est arrivé.",False
218428,"en 1958, les français ont choisi leur constitution. c'était le monde d'avant. en 2018, nous nous apprêtons, dans un entre-soi très peu démocratique, à",False
218430,"la parole est à m. patrick kanner, pour le groupe socialiste et républicain du sénat.",False
218431,"monsieur le président du congrès, monsieur le président du sénat, monsieur le président de la république – où que vous soyez ! – , monsieur le premier",False
218433,"dans notre pays, la parité politique n'a jamais progressé sans contrainte de la loi. nous avons renforcé la place des femmes en politique, vous êtes e",False
218435,"mais revenons au bilan. dans cette première année de quinquennat, vous avez également engagé un certain nombre de réformes. vous avez fait le choix, d",False
218436,très bien !,True
218437,"nous vous reconnaissons l'honnêteté d'avoir prévenu avant de ce que vous feriez après. seulement, vous aviez promis un équilibre : libérer, mais aussi",False
218439,"nous défendrons aussi un principe : pour lutter contre la pauvreté, il ne suffit pas d'aider ceux qui vivent dans la pauvreté à en sortir. il faut aus",False
218441,"un an après votre élection, ce pilier de la protection est donc en chantier et suscite bien trop d'interrogations, alors que nous avons bien trop de c",False
218442,c'est fait !,True
218443,"et là, monsieur le président, je crois que nous avons une grave divergence. beaucoup vous ont entendu parler de cette unité bien à propos après les ép",False
218445,"vous avez parlé d'un lien abîmé à réparer entre l'état et l'église ; mais de quel lien parlez-vous, sous le régime de la loi de 1905 ? s'il s'agit de ",False
218447,"aucune conviction ne peut être supérieure à la loi de la république. nous vous le disons solennellement, monsieur le président : pour faire vivre notr",False
218449,nous aimerions aussi vous voir renouer le dialogue avec les instances sociales de notre pays. l'unité de la nation passera par un dialogue avec les sy,False
218451,"la parole est à m. marc fesneau, pour le groupe du mouvement démocrate et apparentés de l'assemblée nationale.",False
218452,"monsieur le président du congrès, monsieur le président du sénat, monsieur le premier ministre, mesdames et messieurs les ministres, mesdames et messi",False
218454,"urgence économique, urgence du chômage, urgence territoriale, urgence sanitaire, urgence éducative, urgence budgétaire, urgence migratoire, urgence éc",False
218456,"je ne connais pas un seul des sujets exposés ici dont on ne puisse pas objectivement dire qu'il aurait dû être traité il y a des années, voire des déc",False
218458,"quant à la majorité, elle ne doit pas croire que nous partons d'une page blanche ; nous devons tirer leçon des échecs de nos prédécesseurs et défendre",False
218460,"pour nous, le travail est l'un des éléments essentiels de l'intégration sociale. il est un droit fondamental et l'on sait à quel point la déstructurat",False
218462,"qui n'a vécu cette crise ne peut mesurer l'effet de la disparition du dernier commerce, des derniers paysans, des dernières industries, du dernier méd",False
218464,"il est le cri de ceux qui voient la modernité comme un retour en arrière ou une régression pour eux. l'économie, la croissance, la capacité d'attracti",False
218466,"la parole est à m. hervé marseille, pour le groupe de l'union centriste du sénat.",False
218467,"monsieur le président du congrès, monsieur le président du sénat, monsieur le premier ministre, mesdames et messieurs les ministres, chers collègues d",False
218468,très bien !,True
218469,"tel est le cas des ordonnances, qui ont assoupli le code du travail pour donner aux entreprises les marges de manoeuvre dont elles ont aujourd'hui bes",False
218471,"par-delà même le bilan législatif du chef de l'état, il y a un troisième élément que nous mettons à son crédit. avec lui, nous avons gagné en incarnat",False
218473,voilà qui est sympathique pour les élus locaux !,False
218474,"et si l'action gouvernementale marque un peu le pas, c'est sans doute aussi parce que les français n'ont pas totalement discerné les objectifs à attei",False
218476,"supprimer la taxe d'habitation ne fait pas une politique fiscale, et bénéficier de la croissance ne fait pas une politique de redressement des comptes",False
218478,"sur ce dernier point, nous restons sur notre faim. visiblement, la ligne budgétaire de l'exécutif n'est pas celle de la maîtrise des dépenses, puisque",False
218480,"sans le parlement, nous ne réformerons pas la france, pas plus que nous ne relancerons l'europe. plus que jamais, compte tenu de la situation allemand",False
218482,"la parole est à m. jean-christophe lagarde, pour le groupe udi, agir et indépendants de l'assemblée nationale.",False
218483,"monsieur le président du congrès, monsieur le président du sénat, monsieur le premier ministre, mesdames et messieurs les ministres, chers collègues p",False
218485,"et je sais de quoi je parle : l'an dernier, je considérais que le président de la république ne devait pas s'exprimer avant le discours de politique g",False
218487,"je comptais regretter que le président de la république ne puisse pas nous répondre, mais il vient de demander au gouvernement de préparer un amendeme",False
218489,excellent !,True
218490,"en attendant, c'est à vous monsieur le premier ministre, mesdames et messieurs les ministres, et à l'ensemble de la majorité parlementaire que nous no",False
218492,ces réformes obéissent à une logique : libérer les capacités de production de notre pays pour rétablir la compétitivité et créer de l'emploi. nous par,False
218493,tout à fait !,True
218494,"au premier tour de l'élection présidentielle, le président de la république a été choisi par la france mondialisée, celle qui s'en sort bien, qui sait",False
218495,très bien !,True
218496,"… permettant de rétablir l'égalité républicaine dans ces quartiers – je les connais bien – qui concentrent toutes les pauvretés et dans lesquels, cont",False
218497,bravo !,True
218498,c'est aussi un mauvais signal adressé au monde rural que le retard pris pour mettre en place l'agence nationale pour la cohésion des territoires que n,False
218499,très bien !,True
218500,"à ces territoires ainsi qu'aux outre-mer que le président de la république n'a pas mentionnés,",False
218502,nous vous appelons à redonner des perspectives grâce à des politiques publiques ambitieuses qui garantissent leur place dans la république. c'est ce q,False
218504,"la parole est à m. jean-claude requier, pour le groupe du rassemblement démocratique et social européen du sénat.",False
218505,"monsieur le président du congrès, monsieur le président du sénat, monsieur le premier ministre, mesdames et messieurs les ministres, chers collègues p",False
218507,"dans cette optique, nous ne partageons pas le choix de certains élus de ne pas être présents aujourd'hui. être parlementaire, c'est s'honorer de savoi",False
218509,"pour notre part, nous sommes favorables à ce que le chef de l'état prenne la parole devant le congrès, écoute nos débats et puisse répondre aux interr",False
218510,très bien !,True
218511,"oui, nous sommes face à des choix difficiles qui renvoient à notre responsabilité d'élus de la nation. ne nous dérobons pas ! le chef de l'état l'a ra",False
218513,excellent !,True
218514,bravo !,True
218515,"peut-être nous sommes-nous trop éloignés de l'idéal européen. peut-être avons-nous aussi perdu au passage le consentement éclairé de nos concitoyens, ",False
218516,ah !,True
218517,ah !,True
218518,ah !,True
218519,il y a deux édouard !,False
218520,"… « combattons la haine imbécile, l'immonde haine, qui n'a jamais rien su créer ». faisons de la laïcité le premier rempart aux divisions de la nation",False
218522,très bien !,True
218523,"la meilleure réponse à y apporter, c'est de faire vivre nos principes républicains, à commencer par l'égalité réelle entre tous les citoyens. nous sav",False
218524,très bien !,True
218525,"c'est aussi au parlement de porter ces voix, dans son dialogue institutionnel avec le pouvoir exécutif, qu'il s'agisse de faire la loi ou de contrôler",False
218527,quel talent !,True
218528,"notre pays dispose pourtant de nombreux atouts, et nous devrions donc regarder l'avenir avec confiance. tordons le cou aux clichés, surmontons nos ine",False
218530,"la parole est à mme valérie rabault, pour le groupe nouvelle gauche de l'assemblée nationale.",False
218531,une seule femme aura pris la parole cet après-midi !,False
218532,cela mérite d'être souligné !,True
218533,"monsieur le président du congrès, monsieur le président du sénat, monsieur le premier ministre, mesdames et messieurs les membres du gouvernement, mes",False
218535,très bien !,True
218536,très bien !,True
218537,très bien !,True
218538,"pour la première fois, il a ainsi rappelé la portée de la fraternité au coeur de notre république de manière explicite : « il ressort que la fraternit",False
218539,très juste !,True
218540,or les choix opérés depuis un an par le président de la république et sa majorité à l'assemblée nationale conduisent à s'interroger sur la place réell,False
218541,elle frappe tout le monde !,False
218542,"… avec une ponction de 200 à 400 euros par an en moyenne. ainsi, pour compenser les recettes manquantes de l'état, le gouvernement n'a pas hésité à ro",False
218543,ça s'appelle l'écologie !,False
218544,… qui frappe de plein fouet les territoires ruraux. cette hausse va frapper avant tout celles et ceux qui ne disposent pas de services publics de tran,False
218545,pas de chance !,True
218546,c'est faux !,True
218547,"depuis lors, la réalité a dépassé nos craintes : au 4 juillet, seuls 400 000 lycéens sur 665 000 ont arrêté leur choix, et 150 000 n'ont reçu aucune p",False
218549,très juste !,True
218550,très juste !,True
218551,"quant aux bacheliers professionnels, ils sont les grands perdants de l'opération, puisqu'un grand nombre d'entre eux se retrouvent sur le carreau pour",False
218553,"ces derniers se sont retrouvés à plancher sur les épreuves sans la moindre perspective d'avenir à court terme, …",False
218554,elle a raison !,True
218555,"… y compris pour celles et ceux qui disposaient de bonnes notes dans leur dossier. aussi, parcoursup est devenu l'emblème de l'anti-fraternité décliné",False
218557,"encore un exemple, celui de la loi elan – portant évolution du logement, de l'aménagement et du numérique – , qui devient l'anti-fraternité en matière",False
218558,rien que ça !,True
218559,"lors de son discours à lyon le 4 février 2017, en pleine campagne présidentielle, celui qui allait devenir président de la république déclarait : « no",False
218560,"la fraternité est une valeur, pas une institution !",False
218561,"la fraternité ne se confond pas avec l'angélisme. elle est un acte volontaire, ambitieux et complexe. si jaurès disait que, pour la république, il fal",False
218562,ne vous en faites pas pour nous !,False
218563,inspirez-vous directement de notre triptyque républicain. que la fraternité se retrouve au coeur de vos décisions et de vos votes. la france s'est con,False
218565,"la parole est à m. françois patriat, pour le groupe la république en marche du sénat.",False
218566,"monsieur le président du congrès, monsieur le président du sénat, monsieur le premier ministre, mesdames et messieurs les membres du gouvernement, mes",False
218568,l'action politique demande du courage. elle demande du courage et de la constance. il faut du courage pour dire la vérité à nos concitoyens. il faut d,False
218570,"oui, nous sommes fiers de ce projet. face aux conservatismes et à l'immobilisme, nous continuerons à oeuvrer pour son succès. la véritable échéance, p",False
218571,mais si ! tous les jours !,False
218572,"monsieur le président du congrès, monsieur le président du sénat, chers collègues, un an déjà, et voilà que, dès aujourd'hui, nous voulons nous projet",False
218573,tant mieux !,True
218574,"ce chiffre, c'est la traduction d'une décentralisation assumée et responsable. ce chiffre, c'est la volonté de ces élus qui ont su prendre leurs respo",False
218575,n'importe quoi !,True
218576,"sans dévoyer les principes de neutralité totale, de laïcité, nous savons, monsieur le premier ministre, que vous aurez à coeur de préserver l'espace p",False
218578,"la parole est à m. andré chassaigne, pour le groupe de la gauche démocrate et républicaine de l'assemblée nationale.",False
218579,"messieurs les présidents, monsieur le premier ministre, mesdames et messieurs les ministres, mes chers collègues, le discours du président de la répub",False
218580,carrément !,True
218581,ce n'est pas à un renouveau de la pratique des institutions que l'on assiste mais à la mise en scène de ses travers : concentration et centralisation ,False
218583,"la manière dont le devenir de la sncf a été traité illustre la technocrature mise en oeuvre par le président macron. derrière ce déficit démocratique,",False
218585,"à moins que l'exécutif ne refuse cette option, par peur de voir nos concitoyens rejeter cette réforme et, dans le même temps, la politique antisociale",False
218587,"cette politique, aussi amorale qu'inefficace, aggrave considérablement les inégalités économiques, sociales et territoriales. mais la réalité, c'est a",False
218589,le dossier syrien illustre l'appétence de la diplomatie macroniste pour la pure communication et les coups d'éclat. c'est ainsi que dans l'affaire de ,False
218591,"la parole est à m. pierre laurent, pour le groupe communiste républicain citoyen et écologiste du sénat.",False
218592,bis repetita !,True
218593,"monsieur le président du congrès, monsieur le président du sénat, monsieur le premier ministre, mesdames et messieurs les ministres, chers collègues, ",False
218594,c'est une honte !,True
218595,c'est bien là qu'il aurait fallu presser le pas.,False
218597,"quelle urgence y avait-il à cette nouvelle démonstration de communication gouvernementale ? une seule, en vérité : le président emmanuel macron est ve",False
218599,"je précise que cette proposition de loi avait été acceptée, à notre initiative, par tous les groupes politiques du sénat, sauf le groupe la république",False
218600,exactement !,True
218601,cette atteinte aux droits souverains du parlement restera comme une tache indélébile. un analyste de la communication du président de la république éc,False
218603,tout à fait !,True
218604,"avec des circonscriptions de plus de 200 000 habitants, vous allez éloigner le pouvoir législatif des citoyens comme dans aucun autre pays européen. v",False
218606,nous mènerons ce combat pour la démocratie avec d'autant plus de détermination que le pays est en train de prendre conscience de la raison pour laquel,False
218607,eh oui !,True
218608,"le cac 40 est en bonne santé : les profits et les dividendes atteignent des niveaux records. mais cet argent ne ruisselle absolument pas, et pour caus",False
218609,c'est une honte !,True
218610,"une fois encore, vous n'avez rien entendu des premiers concernés, élus, associations et habitants, qui s'étaient pourtant mobilisés avec espoir à la f",False
218611,exactement !,True
218612,"la crise du logement est gigantesque. et votre réponse, c'est la loi elan – évolution du logement, de l'aménagement et du numérique – , une prime à la",False
218614,vous vous vantez de parvenir à chaque fois à faire voter vos réformes malgré les oppositions qu'elles suscitent. mais où est la gloire de cette politi,False
218615,exactement !,True
218616,"même quand le gouvernement déclare une grande cause nationale – pense à la lutte contre les violences faites aux femmes – , il est capable de manquer ",False
218618,"tout au long de l'année, nous avons résisté et alerté sur les dangers de votre politique, nous avons multiplié les propositions et les pistes de trava",False
218620,"la parole est à m. claude malhuret, président du groupe les indépendants - république et territoires du sénat.",False
218621,"monsieur le président du congrès, monsieur le président du sénat, monsieur le premier ministre, mesdames, messieurs les membres du gouvernement, mes c",False
218623,"et, de l'autre, une extrême droite passée en quelques années du népotisme aux atrides, dont le programme repose sur la farce des deux euros à usage in",False
218625,"il faut vous complimenter aussi, monsieur le président, pour une partie substantielle de votre action depuis un an et pour celle que mène avec sérieux",False
218626,c'est un peu vrai !,True
218627,"« il faut souvent changer d'opinion pour être toujours de son parti », disait le cardinal de retz. c'était bien observé ! en ce qui concerne notre gro",False
218629,"comme disait staline, « ce qui compte ce n'est pas le vote, c'est la façon dont on compte les votes ». il fallait leur résister. vous l'avez fait et l",False
218631,"je souhaite donc que vous considériez les remarques qui suivent comme constructives et non pas comme corrosives. certaines portent sur les périls, sur",False
218633,brillant !,True
218634,"la parole est à m. olivier falorni, député non inscrit à l'assemblée nationale.",False
218635,"monsieur le président du congrès, monsieur le président du sénat, monsieur le premier ministre, mesdames, messieurs les membres du gouvernement, mes c",False
218636,"si, il en a parlé !",False
218637,"… et quand il en parle, c'est toujours devant les cultes. le président aurait pu exprimer clairement aujourd'hui, devant tous les parlementaires réuni",False
218639,"en affirmant, comme il l'a fait, que l'état est laïc, mais que la société ne l'est pas, il s'est livré à une distinction inexacte, car il a confondu l",False
218641,"la france a un ardent besoin de faire république et de rassembler toutes les femmes et tous les hommes, qu'importent leurs origines, couleur de peau, ",False
218644,la séance est levée.,True
218923,et les autres ?,True
219721,lamentable !,True
230975,cela n'est pas autorisé et nous y serons dorénavant attentifs. je mets maintenant aux voix les amendements identiques nos 210 et 1825.,True
231278,"la parole est à m. sébastien jumel, pour un rappel au règlement.",True
231401,"mes chers collègues, nous ressentons une émotion commune face aux images qui montrent des actes de violence inacceptables commis par un individu salar",True
231429,"mes chers collègues, à la suite des échanges que nous avons eus sur les révélations faites dans la presse depuis hier soir, j'ai réuni pendant une heu",True
231690,j'aimerais que l'on prête attention à mes propos…,True
231691,"pour notre part, nous voulons établir la possibilité de faire valoir le respect des biens communs. ce n'est rien moins que cela, et en même temps tout",True
231692,"monsieur potier, il faut cesser ce conciliabule et écouter m. wulfranc, comme il vous a écouté.",True
231693,tel est le sens profond des amendements que nous défendons dans cette discussion commune. nous savons que le principal défi auquel est confrontée notr,True
231694,"oui, monsieur le président ; vous avez raison.",True
232496,la parole est à mme la présidente de la commission des lois.,True
233481,"la parole est à m. christian jacob, pour un rappel au règlement.",True
233676,"la parole est à m. éric coquerel, pour un rappel au règlement.",True
233929,rappel au règlement !,True
233930,"monsieur furst, je crois que chacune et chacun souhaitaient que la présidente de la commission des lois puisse intervenir à la reprise de nos travaux.",False
233931,"chers collègues, comme vous le savez, la commission des lois s'est réunie hier pour demander à l'unanimité à se voir octroyer les pouvoirs d'une commi",True
234516,la parole est à mme marine le pen.,True
234645,"la parole est à m. andré chassaigne, pour un rappel au règlement.",True
242437,voici le résultat du scrutin : nombre de votants 66 nombre de suffrages exprimés 58 majorité absolue 30 pour l'adoption 46 contre 12,False
242674,voici le résultat du scrutin : nombre de votants 71 nombre de suffrages exprimés 69 majorité absolue 35 pour l'adoption 14 contre 55,False
242678,voici le résultat du scrutin : nombre de votants 70 nombre de suffrages exprimés 67 majorité absolue 34 pour l'adoption 10 contre 57,False
242693,voici le résultat du scrutin : nombre de votants 70 nombre de suffrages exprimés 67 majorité absolue 34 pour l'adoption 4 contre 63,False
242736,voici le résultat du scrutin : nombre de votants 73 nombre de suffrages exprimés 68 majorité absolue 35 pour l'adoption 15 contre 53,False
242740,voici le résultat du scrutin : nombre de votants 78 nombre de suffrages exprimés 77 majorité absolue 39 pour l'adoption 69 contre 8,False
243009,voici le résultat du scrutin : nombre de votants 76 nombre de suffrages exprimés 75 majorité absolue 38 pour l'adoption 24 contre 51,False
243324,voici le résultat du scrutin : nombre de votants 77 nombre de suffrages exprimés 65 majorité absolue 33 pour l'adoption 48 contre 17,False
243429,voici le résultat du scrutin : nombre de votants 77 nombre de suffrages exprimés 63 majorité absolue 32 pour l'adoption 62 contre 1,False
243520,voici le résultat du scrutin : nombre de votants 68 nombre de suffrages exprimés 68 majorité absolue 35 pour l'adoption 4 contre 64,False
243866,voici le résultat du scrutin : nombre de votants 55 nombre de suffrages exprimés 54 majorité absolue 28 pour l'adoption 54 contre 0,True
245894,voici le résultat du scrutin : nombre de votants 167 nombre de suffrages exprimés 167 majorité absolue 84 pour l'adoption 137 contre 30,False
246005,voici le résultat du scrutin : nombre de votants 136 nombre de suffrages exprimés 125 majorité absolue 63 pour l'adoption 100 contre 25,False
246212,voici le résultat du scrutin : nombre de votants 100 nombre de suffrages exprimés 92 majorité absolue 47 pour l'adoption 92 contre 0,False
250676,"la parole est à m. olivier faure, pour un rappel au règlement.",True
250677,"à la suite de ce que vient de dire delphine batho, et même si nous n'en traiterons pas maintenant, je souhaiterais que la conférence des présidents re",True
252287,"j'avais déposé un amendement de suppression de l'article 7, que, pour des raisons totalement indépendantes de ma volonté, je n'ai pas pu soutenir hier",True
252289,"il faut évidemment sanctionner les tiers et les complices – j'ai toujours oeuvré en ce sens et ce n'est pas moi qui vous dirai le contraire – , mais p",False
260670,"de même, je proclame secrétaires : m. lénaïck adam ; mme ramlati ali ; mme danielle brulebois ; m. luc carvounas ; m. lionel causse ; m. alexis corbiè",False
260924,"le barcelonais, le français, le républicain, l'européen est reconnaissant aux français ; il ne vous oubliera jamais, jamais. merci.",True
277378,"la parole est à m. fabien roussel, pour soutenir l'amendement no 1338.",True
279071,il est défendu.,True
279072,la parole est à m. le rapporteur général.,True
279246,je le retire également.,True
279248,"la parole est à m. nicolas forissier, pour soutenir l'amendement no 560.",False
279249,je le retire également.,True
279251,"la parole est à mme lise magnier, pour soutenir l'amendement no 1048.",False
279252,je le retire également.,True
279254,"la parole est à mme cendra motin, pour soutenir l'amendement no 1648.",False
279255,retiré !,True
284991,"l'ordre du jour appelle la suite de la discussion du projet de loi de financement de la sécurité sociale pour 2019 (nos 1297, 1336, 1309). ce matin, l",True
299372,"cet après-midi, l'assemblée a commencé la discussion des articles du projet de loi, s'arrêtant à l'article 4 et à l'état a annexé.",False
328091,quel est l'avis du gouvernement ?,True
328092,j'ai déjà expliqué pourquoi l'urgence et le caractère particulier d'une éventuelle sortie du royaume-uni sans accord exigeaient le passage par les ord,True
330822,"nous avons eu l'occasion de dire combien une justice sans juges, dématérialisée, désincarnée, pouvait limiter l'accès au droit. nous continuons à voir",True
336950,"la parole est à m. le rapporteur général, pour soutenir l'amendement no 962, qui fait l'objet de trois sous-amendements nos 1289, 1346 et 1335.",False
360751,"ma langue, c'est ma couleur de peau. je rêve en corse, je parle en corse, je fais des poèmes en corse – et parce que j'aime la poésie corse, j'aime au",True
360753,"dès lors qu'on touche à l'identité profonde et à la couleur de peau, on touche aux libertés fondamentales. les petites avancées techniques, c'est bien",True
361985,"même avis. je félicite les deux députés pour ce travail très intéressant, qui permet de souligner l'importance de la question. hier, lorsque nous avon",False
364368,nous voici arrivés au bout de la première étape du parcours législatif du projet de loi pour une école de la confiance. nos débats en commission et en,True
378484,rédactionnel.,True
379257,la commission a supprimé l'article 27 octies.,False
391503,la commission a maintenu la suppression par le sénat de l'article 16,True
406289,quel est l'avis de la commission ?,True
406290,avis défavorable.,True
406291,quel est l'avis du gouvernement ?,True
406292,même avis.,True
448907,nous avons achevé l'examen des articles de la proposition de loi.,True
462000,la parole est à m. hervé saulignac.,True
462001,on comprend très bien pourquoi certains voudraient qu'on maintienne absolument la notion d'infertilité dans la loi : on pourrait exiger d'un couple de,True
462006,"la parole est à mme coralie dubost, rapporteure de la commission spéciale chargée d'examiner le projet de loi relatif à la bioéthique.",True
462007,"je suis très touchée par l'amendement qui porte la reconnaissance du projet parental, et j'ai bien entendu m. saulignac dire que ce droit nouveau ne d",True
465462,"… nous espérons voir cette grande cause nationale figurer dans le projet de loi. nous savons que l'amendement n'est pas parfait, comme l'a dit tout à ",False
475635,… et je vous assure que cela fonctionne et donne toute satisfaction aux femmes concernées. la parole est à mme florence provendier.,False
476700,la parole est à mme patricia lemoine.,True
476701,"madame lemoine, retirez-vous l'amendement ?",False
482431,"sur l'amendement no 712, je suis saisi par le groupe socialistes et apparentés d'une demande de scrutin public. le scrutin est annoncé dans l'enceinte",False
495947,"la parole est à m. bastien lachaud, pour soutenir l'amendement no 917.",True
496743,"l'ordre du jour appelle la suite de la discussion de la seconde partie du projet de loi de finances pour 2020 (nos 2272, 2301).",True
497877,"j'appelle les crédits de la mission « aide publique au développement », inscrits à l'état b. la parole est à m. vincent ledoux, suppléant m. marc le f",False
499917,"cela, c'est fini depuis un an !",True
501067,"nous avons aussi profondément réformé le dispositif d'exonération de cotisations sociales en 2019, pour donner, là encore, la priorité à l'emploi. je ",True
501326,il dit « sagesse » et il vote pour !,False
503673,quel est l'avis de la commission ?,True
503674,"mon cher collègue, nous avons eu le même débat l'année dernière, sur des amendements similaires. ceux que vous défendez aujourd'hui représentent un mo",True
511254,quel est l'avis du gouvernement ?,True
543285,"j'ai rappelé tout à l'heure que le rapport de m. dominique libault était issu d'une très large concertation citoyenne, à laquelle ont participé plus d",True
566664,bien sûr que si : ils n'auront pas de points !,True
575681,"la parole est à m. stéphane viry, pour soutenir l'amendement no 95.",True
580003,"le moins que l'on puisse dire, c'est que vous savez revivifier un hémicycle.",True
596764,l'amendement no 581 de m. pascal brindeau est défendu. l'amendement no 105 de mme marie-france lorho est défendu. l'amendement no 439 de mme agnès thi,False
600766,"la parole est à m. m'jid el guerrab, pour soutenir l'amendement no 383.",True
600824,je retire l'amendement no383 au profit du no 409 de m. alexandre holroyd.,False
600825,ces deux amendements sont pourtant identiques.,False
600851,"la parole est à m. guillaume kasbarian, rapporteur, pour soutenir l'amendement no 591.",False
615354,l'amélioration de la situation sanitaire a permis à la conférence des présidents de faire évoluer nos règles de fonctionnement : tous les députés peuv,True
621378,"l'ordre du jour appelle la suite de la discussion du projet de loi de finances rectificative pour 2020 (nos 3074, 3132). cet après-midi, l'assemblée a",False
646048,la parole est à m. pierre-alain raphan.,True
646049,"l'alinéa 5 de l'article 2 prévoyant déjà l'actualisation de la programmation, l'avis sera défavorable.",True
653408,"il me paraît souhaitable qu'au sein d'une ville, d'une société, puissent se mêler des fonctionnaires et des agents privés, chacune de ces populations ",True
659867,"avis défavorable. monsieur breton, à vous écouter, il ne faudrait rien changer, de peur qu'un changement en amène un autre, puis un autre et ainsi de ",True
659871,"on ne peut nier l'importance de ces questions dans le débat public. l'assemblée doit se réjouir que cette discussion ait lieu, même si les délais, trè",True
665885,la suite de la discussion budgétaire est renvoyée à la prochaine séance.,True
675699,"l'ordre du jour appelle la suite de la discussion du projet de loi de financement de la sécurité sociale pour 2021 (nos 3397, 3432, 3434).",True
677579,il tend à donner au gouvernement une habilitation supplémentaire pour adapter les règles de fonctionnement et les règles budgétaires et comptables des,True
678284,"l'amendement no 1379 vise à affecter à l'ifpen une enveloppe de 7 millions d'euros, qui correspond à la dégradation de sa trésorerie.",True
698632,"que signifierait un budget participatif à l'échelle nationale ? c'est un débat intéressant. au niveau municipal, cela permet réellement de concrétiser",True
707071,"la séance est reprise. le scrutin est annoncé dans l'enceinte de l'assemblée nationale. la parole est à m. hervé saulignac, pour soutenir l'amendement",False
707103,"ces personnels sont souvent payés au lance-pierre et, au lieu de travailler sans statut réel, ils aimeraient bénéficier d'une régularisation. donnez-l",True
708103,"la parole est à mme albane gaillot, pour soutenir l'amendement no 482.",True
708104,"si vous le voulez bien, monsieur le président, je défendrai également l'amendement no 483 qui porte sur la police municipale. au cours de nos débats, ",False
721971,je proposais de me tenir à votre disposition. notre rythme avoisine les quatre-vingts amendements de l'heure. nos débats peuvent raisonnablement se po,True
721980,l'article 50 de notre règlement prévoit que la séance peut-être prolongée pour finir l'examen d'un texte. je proposais une solution que j'espérais con,True
727614,je suspends la séance pour quelques minutes.,True
741126,"je suis saisi de trois amendements, nos 4, 315 et 463, pouvant être soumis à une discussion commune. les amendements nos 4 et 315 sont identiques et f",False
744548,"je suis saisi de neuf amendements, nos 55, 111 rectifié, 21, 1156, 1833, 1617, 1615, 1622 et 1618, pouvant être soumis à une discussion commune. sur l",False
745611,"je suis saisi de quatre amendements, nos 1400, 799, 1118 et 1119, pouvant être soumis à une discussion commune. l'amendement no 1400 de m. ludovic paj",False
745628,"je suis saisi de trois amendements, nos 1193, 1775 et 1777, pouvant être soumis à une discussion commune. l'amendement no 1193 de m. ludovic pajot est",False
745727,l'article 706-25-9 du code de procédure pénale permet aux maires d'accéder au fijait par l'intermédiaire du préfet pour toutes les décisions qui conce,True
745877,"je suis saisi de trois amendements, nos 1075, 1359 et 989, pouvant être soumis à une discussion commune. les amendements identiques nos 1075 de mme na",False
746754,"de manière tout à fait exceptionnelle, mes chers collègues, le ministre souhaite intervenir, en application de l'article 31 de la constitution : « les",False
746756,"monsieur le président, je ne souhaite pas déroger à quoi que ce soit, mais seulement que le règlement de l'assemblée nationale, sur lequel il me sembl",True
746926,je vous remercie.,True
747576,"et y voient de la naïveté. pour moi, la solution au problème passe par l'application de la loi de 1905, telle qu'elle est rédigée. vous le savez comme",False
748152,"je ne voterai pas cet amendement, je vais vous expliquer pourquoi. l'article 6 porte sur un contrat entre une collectivité ou des élus d'une part et u",False
748154,"madame rossi, après avoir lu votre amendement, j'ai consulté l'alinéa 2 de l'article l. 1111-1-1 du cgct. il y est précisé que l'élu local poursuit le",True
748156,"il faudrait donc dire à certains députés que, lorsqu'ils votent une loi de finances, ils doivent mettre de côté leur intérêt particulier et leurs prop",True
755237,l'amendement no 868 de m. marc le fur est défendu.,False
760765,numerus clausus !,True
760766,"… persistera dans les prochaines années, comme cela a été dit à plusieurs reprises. la pratique avancée permet en outre de mieux reconnaître les parco",False
762157,"la parole est à mme isabelle santiago, rapporteure de la commission des lois constitutionnelles, de la législation et de l'administration générale de ",True
763346,considérable !,True
763357,bravo !,True
768744,"la parole est à m. le garde des sceaux, ministre de la justice.",True
771699,"le no 303 l'est également, même si c'est avec beaucoup moins de talent que mes deux collègues !",False
771700,l'amendement no 303 de m. philippe gosselin est défendu.,False
777691,"madame la présidente, mesdames et messieurs les députés, je vous remercie de m'avoir invitée. je suis ravie de m'exprimer devant vous aujourd'hui. je ",False
777692,ce n'est pas mal !,True
777693,"il en va de même, au niveau national, pour près de 50 % des personnes de plus de 75 ans – même si de légères différences territoriales existent, ce ch",True
777694,"la parole est à m. jean-paul hamon, médecin généraliste et président d'honneur de la fédération des médecins de france.",True
777695,"nous sommes tous conscients que les vaccins arrivent lentement. néanmoins, nous qui sommes sur le terrain, nous trouvons la gestion des stocks inaccep",True
777696,"la parole est à mme anne souyris, adjointe à la maire de paris chargée de la santé publique et des relations avec l'ap-hp.",True
777697,"parmi les mots que vous avez prononcés, docteur hamon, j'en retiens deux particulièrement : anticipation et adaptation. j'en ajoute un troisième : pri",True
777700,la parole est à mme laetitia buffet.,True
777701,"j'apporterai quelques éléments de réponse factuels. pour ce qui est de l'accès aux données, les chiffres relatifs aux livraisons, aux stocks et à l'ut",False
777704,"la parole est à m. jean-paul hamon, puis à mme laetitia buffet.",True
777705,"je répondrais volontiers à la question relative à doctolib, puisque j'ai moi-même été surpris de l'attribution de la gestion des rendez-vous à la plat",True
777706,la parole est à mme laetitia buffet.,True
777707,"concernant doctolib, le docteur hamon a répondu à la question, à la fin de son intervention. le conseil d'état s'est prononcé : il ne m'appartient pas",True
777708,"en effet, une réponse très rapide. c'est frustrant car vous êtes trois et vous avez tous des choses à dire, mais l'exercice est contraint !",True
777709,"en seine-saint-denis, la couverture vaccinale de la principale population cible – les plus de 75 ans – est de 51,5 %.",True
777713,merci pour ces précisions ! la parole est à mme laetitia buffet.,True
777714,"le rôle de l'assurance maladie est déjà important, mais vous avez raison d'indiquer qu'il a vocation, de manière certaine, à s'amplifier dans certains",True
777717,la parole est à m. jean-paul hamon.,True
777718,"les professionnels de santé sont déjà soumis à l'obligation de se faire vacciner contre l'hépatite b. ils se sont tous fait vacciner, y compris durant",True
777721,la parole est à mme laetitia buffet.,True
777722,"vous avez raison, l'outre-mer se caractérise par une spécificité en matière de niveau d'adhésion de la population à la vaccination et, par conséquent,",True
777725,la parole est à mme laetitia buffet.,True
777726,"tout d'abord, je partage votre constat : il est vrai que tout est inédit. les vaccins sont inédits, tout comme leurs caractéristiques de transport et ",True
777727,"veuillez conclure, madame buffet.",True
777728,"quant au vaccin astrazeneca, nos options sont encore différentes : nous avons pu passer par la médecine de ville pour nous placer au plus près des fra",True
777730,"je ne sais pas à quel moment j'ai fait un mouvement de tête, mais oui, on réussit, dans certaines situations, à extraire une septième dose du vaccin p",True
777733,la parole est à m. jean-paul hamon.,True
777734,"je précise que, depuis mardi dernier, nous disposons tout de même d'un courrier officiel de m. salomon nous permettant d'administrer les sept doses qu",True
777737,la parole est à mme laetitia buffet.,True
777738,nous allons vers 10 millions de vaccinés à la mi-avril. c'est l'objectif que nous a fixé le gouvernement et je pense que nous réussirons à l'atteindre,True
777741,"oui, madame la présidente. je souhaite revenir sur le sujet de doctolib et du dispositif « aller vers », destiné aux populations les plus éloignées de",True
777742,"un dernier mot, docteur hamon ?",True
777743,"il serait bon qu'on ait davantage de souplesse pour pratiquer la vaccination. certes, le vaccin pfizer se conserve à -80o, mais il est possible de le ",True
780489,la suite de la discussion est renvoyée à la prochane séance.,False
785668,"la parole est à m. dominique potier, pour soutenir le sous-amendement no 7312.",False
785671,"merci, monsieur potier, pour vos mots. en effet, nous avons travaillé de manière à clarifier les sanctions qui pourraient être appliquées demain au bl",True
787622,la suite de la discussion est renvoyée à la prochaine séance.,True
791107,"il faut suivre, surtout pour ceux qui n'ont pas l'habitude et qui sont aux ordres ! monsieur le ministre, donner une telle précision revient à évacuer",False
791302,"c'est un amendement important dont chacun doit mesurer la portée et les risques. tout d'abord, il entraîne la création d'une dépense obligatoire non n",False
791306,"demain, certaines écoles privées pourront décider d'offrir une formation en langue régionale, ce qui mettra l'ensemble des maires des communes voisine",True
791308,c'est la raison pour laquelle je vous invite à une grande prudence. la volonté de défendre les langues régionales ne doit pas conduire à mettre en cau,True
792210,"le sous-amendement no 3752 de m. xavier breton a déjà été defendu. la parole est à m. marc le fur, pour soutenir le sous-amendement no 3789.",False
795503,la suite de la discussion est renvoyée à la prochaine séance.,True
795871,"sur amendement no 5867, je suis saisi par le groupe les républicains d'une demande de scrutin public. le scrutin est annoncé dans l'enceinte de l'asse",False
795930,"nous en venons aux amendements portant article additionnel après l'article 31. les amendements identiques nos 647 de m. didier le gac, 4688 de m. jean",False
949697,la séance est ouverte.,True
949700,"monsieur le président d'ukraine, monsieur le président de l'assemblée nationale, mesdames et messieurs les députés et sénateurs, mes chers collègues, ",False
949702,"chers collègues, mesdames et messieurs, le temps n'est pas seulement à l'émotion. il est avant tout à l'action. vous nous direz dans un instant, monsi",False
949704,"monsieur le président de l'ukraine, monsieur le président du sénat, mesdames et messieurs les députés et sénateurs, mesdames et messieurs les représen",False
949706,"depuis maintenant près d'un mois de guerre, les ukrainiens se battent et résistent de façon héroïque à l'agression militaire russe. soyez sûr, monsieu",False
949708,"monsieur le président de l'ukraine, vous avez la parole.",False
949709,"merci. c'est un grand honneur pour moi, pour l'ukraine et pour notre peuple. mesdames et messieurs les sénateurs, mesdames et messieurs les députés, é",False
949711,"merci. après des semaines d'invasion russe, marioupol et d'autres villes ukrainiennes frappées par l'occupant rappellent les ruines de verdun. comme s",False
949713,"ils doivent cesser de financer le meurtre de femmes et d'enfants, ou le viol. chacun doit se rappeler que les valeurs passent avant les bénéfices. nou",False
949715,"monsieur le président, au nom de la représentation nationale, je vous remercie de vous être adressé aux parlementaires et au peuple français. la séanc",False
950218,"nous mènerons des opérations de renouvellement urbain. elles sont essentielles car l'égalité se mesure en commençant par observer l'état de sa rue, de",True
950220,nous lutterons contre la fracture numérique. nous irons au bout de la couverture mobile et très haut débit de notre territoire. nous accélérerons les ,True
952353,la parole est à m. le ministre.,True
957641,les taux d'emprunt augmentent et les français ont de plus en plus de mal à acheter. pourquoi ne pas faire en sorte que les banques prennent en compte ,True
957643,"cela ne vous coûte rien, cela ne coûte rien aux finances publiques et cela n'enlève rien à personne. cet amendement de bon sens permettrait d'aider de",True
957989,"l'amendement vise à protéger les bénéficiaires théoriques des différents dispositifs évoqués depuis le début de l'examen du projet de loi, à savoir l'",True
967910,"la suppression de la tva ne réduirait le prix du carburant que de 20 % alors que le blocage des prix et leur retour à un niveau raisonnable, c'est-à-d",True
967948,"sur l'amendement n° 820, je suis saisie par le groupe rassemblement national d'une demande de scrutin public. le scrutin est annoncé dans l'enceinte d",False
968270,non !,True
968271,"vous n'avez qu'à envoyer un courrier à la cour des comptes ou au comité des finances locales (cfl) pour leur dire que c'est faux, mais c'est la réalit",True
968629,je remercie les présidents de groupe de bien vouloir me retrouver pour évoquer la suite des débats. la suite de la discussion est renvoyée à la procha,False
968858,la séance est suspendue.,True
968860,la séance est reprise.,True
968873,la séance est suspendue.,True
968875,la séance est reprise.,True
968886,la séance est suspendue.,True
968888,la séance est reprise.,True
970040,"merci, monsieur le député. les deux rappels au règlement figureront évidemment au compte rendu. si vous évitiez de citer les articles de presse qui no",True
972270,la parole est à mme véronique louwagie.,True
972730,la parole est à m. joël giraud.,True
972731,excellent amendement !,True
974958,"cher collègue, les rappels au règlement ne sont pas faits pour répondre aux orateurs. je rappelle toutefois que, dans cet hémicycle, il n'y a que des ",True
975166,la parole est à m. gabriel amard.,True
977311,nous ouvrons la discussion générale.,False
979103,exactement !,True
979104,"le texte permettra d'encourager et d'élargir ce dispositif. son article 3 précise, par ailleurs, les conditions requises pour être électeur ou élu lor",False
979106,les électeurs et les élus pourront toujours être des salariés de nationalité étrangère. nous nous en félicitons.,True
979108,la préférence nationale est une indignité dans un pays dont la devise invoque l'égalité et la fraternité. .,False
981561,excellent !,True
993247,je mets aux voix à main levée l'amendement n° 2740.,False
993249,je mets aux voix à main levée l'amendement n° 3136.,False
994931,"nous allons au bout de nos convictions, en toute cohérence.",True
994939,"ce débat est intéressant. l'état a besoin de percevoir des impôts, l'important est de savoir lesquels. il existe des impôts sur la consommation, dont ",True
996642,"votre question me permet de rappeler qu'après les élections professionnelles nous nous tenons à l'écoute des policiers, qu'il ne s'agit évidemment pas",True
996643,"vous ne pouvez pas plus nous expliquer que le taux d'élucidation est trop bas, qu'il n'y a pas assez d'arrestations de délinquants, que nous ne lutton",True
996645,– …,True
996651,nous avons terminé les questions au gouvernement.,True
999388,"ce n'est pas un rappel au règlement, madame la députée.",True
1010231,favorable.,True
1010232,quel est l'avis du gouvernement ?,True
1013570,"il aura lieu mercredi, madame la présidente panot. tous les membres du bureau et tous les présidents de groupe ne sont pas présents. je souhaite que l",True
1019579,la parole est à mme la première ministre.,True
1026807,"l'adoption de l'amendement n° 416 ayant fait tomber l'amendement n° 613, la parole est à mme sophie taillé-polian, pour soutenir les amendements n° 85",False
1026837,"vous parlez de racisme systémique et de violences : descendez de votre nuage ! vous ne savez pas ce que vous dites. aujourd'hui, dans les quartiers di",True
1027685,l'amendement n° 597 tend à alerter la représentation nationale sur l'impérieuse nécessité d'accélérer le recrutement et la formation de nos unités de ,False
1030109,eh oui !,True
1030110,"monsieur le ministre délégué, vous avez déclaré que notre pays résistait admirablement à la crise : c'est une erreur monumentale, et vous ne l'ignorez",True
1032622,la parole est à mme caroline yadan.,True
1036913,"nous aurions adoré parler de financements innovants de notre système de sécurité sociale et de protection sociale, du service public et de l'argent qu",True
1041675,"il y a quelques jours, dans ma circonscription du calvados, j'ai été interpellée par des français sur différents sujets. nous nous sommes parlé ; nous",True
1043989,"c'est d'abord le règlement européen de dublin, en vertu duquel est rendu responsable du traitement d'une demande d'asile le premier état où arrive le ",True
1043991,"d'autres états détournent volontairement le système, en incitant les migrants à traverser leur pays sans les enregistrer. c'est le cas de la hongrie. ",False
1043993,"ce n'est pas moi qui vous le dis, ce sont les chefs d'entreprise qui nous interpellent. ils appellent à une régularisation des travailleurs. ils plébi",True
1046031,je mets aux voix l'amendement n° 2170.,False
1046033,ça se compte !,True
1046666,nous sommes réunis pour examiner la ratification de la convention relative à la manipulation des compétitions sportives. nous avons tous dû vivre dans,False
1051098,"la parole est à m. stéphane delautrette, pour soutenir l'amendement n° 909.",False
1055107,"madame brulebois, souhaitez-vous défendre l'amendement n° 2779 rectifié de mme laurence maillart-méhaignerie ?",False
1055392,"la parole est à m. maxime laisney, pour un rappel au règlement.",True
1055393,"sur le fondement de l'article 49, alinéa 3, je voudrais dire que cette discussion s'engage très mal. nous avons l'impression d'avoir été pris pour des",True
1055395,…et cela ne sera pas sans conséquence sur le vote sur l'ensemble du texte par notre groupe.,True
1055397,la parole est à mme laurence maillart-méhaignerie.,True
1055581,que vous a-t-il dit d'autre ?,False
1055582,j'en viens à l'agrivoltaïsme. j'ai moi-même rencontré le président des jeunes agriculteurs. savez-vous ce qu'il m'a dit ? qu'il préférait cette loi au,True
1058095,bravo !,True
1059289,"non, c'est injuste !",True
1075585,c'est à eux que l'on doit ce succès ; c'est eux que vous critiquez quand vous le remettez en cause et quand vous le balayez d'un revers de la main !,True
1076550,ne montrez pas du doigt !,True
1076551,"si une commission spéciale avait été créée pour la réforme de 2020, permettez-moi de souligner qu'il s'agissait d'une tout autre réforme. rappelez-vou",True
1078309,ce n'est pas tout blanc ou tout noir !,True
1080985,j'ai simplement disposé d'un fait nouveau en rapport avec l'article 3 bis .,False
1081004,"le gouvernement vous demande donc une nouvelle fois, madame la présidente, qu'il soit statué sur la recevabilité de cet article…",True
1081290,"s'agissant des pme, puisque certaines boulangeries peuvent en effet appartenir à cette catégorie plutôt qu'à celle des tpe, je vous rappelle qu'elles ",True
1081292,de manière à les ramener eux aussi en dessous de 280 euros par mégawattheure (mwh).,False
1081294,"et cela ne concerne pas seulement les boulangers : l'ensemble des pme bénéficient de cette mesure. par conséquent, là encore, madame rabault, si vous ",False
1081296,"nous traiterons son problème, car si tel est le cas, cela ne correspond aucunement aux dispositions arrêtées par le gouvernement, et aucunement non pl",True
1081556,"en l'espèce, il est vrai que je suis particulièrement satisfait car, grâce à l'article 3 bis, nos petits commerçants et les tpe bénéficieront peut-êtr",True
1082114,"c'est pourquoi cette proposition de loi constitutionnelle, que je n'aurai malheureusement pas l'occasion de vous présenter dans le détail, mérite la p",True
1084373,la parole est à m. sébastien peytavie.,True
1084414,"vous dites qu'il y a un loup ; un flou, pardon !",True
1084416,"je vous renvoie au texte : l'objectif de l'index est de susciter la négociation sociale dans chaque entreprise. en supprimant cet index, vous retirez ",True
1084418,je ne comprends donc pas votre volonté de le supprimer.,True
1084657,nos collègues n'ont peut-être pas réussi à le faire par leurs amendements ; ils recourent donc à de multiples rappels au règlement.,True
1084683,"s'agissant de l'amendement n° 783, il vise à fixer un objectif clair en ce qui concerne l'amélioration de l'embauche et du maintien en activité des sa",False
1086047,"une fois ce rappel effectué, j'en viens aux amendements. on sait bien toutes les faiblesses que comporte l'index, mais il n'y a rien de surprenant à p",True
1086745,il fait les questions et les réponses !,True
1086746,"j'entends votre réponse, je ne vais pas plus loin, mais le problème, c'est que plus vous parlez, plus vous vous enfoncez.",True
1086748,vous rappelez le cadre légal tout en menaçant. il faut faire attention. toutes les chaînes de télévision ne correspondent pas à la pensée unique et à ,True
1100482,"nous sommes réunis pour valider les conclusions de la commission mixte paritaire qui, le 9 février, est parvenue à un accord sur ce projet de loi d'ad",False
1107745,"dans son discours de belfort, le président de la république a réaffirmé l'ambition de « faire […] de la france, le premier grand pays à sortir des éne",True
1107826,"monsieur le président marleix, à l'occasion de l'examen de ce projet de loi, vous avez souhaité refaire le débat sur l'arenh… lors de l'examen en comm",False
1114474,"la filière nucléaire en france est menacée, entre autres, depuis l'abandon du projet astrid. en effet, le prototype de réacteur de quatrième génératio",True
1114496,"encore une demande de rapport sur le projet astrid. il répondait à trois enjeux majeurs : l'indépendance énergétique, en donnant à la france la capaci",True
1118239,"avec ce texte, nous continuons donc ce travail de soutien à l'agriculture et de renforcement de notre souveraineté agricole et alimentaire. je remerci",False
1119514,"défavorable. même avis. comme je l'ai déjà expliqué tout à l'heure à vos collègues du rassemblement national, nous avons prévu une date butoir à laque",False
1122950,j'ai cumulé la présentation de deux amendements !,True
1128156,"quel est l'avis de la commission ? la parole est à m. stéphane vojetta, rapporteur de la commission des affaires économiques, pour donner l'avis de la",False
1133753,"chers collègues de la majorité – je m'adresse surtout à ceux d'entre vous qui croient vraiment aux engagements écologistes du gouvernement –,…",True
1133814,"en nous proposant de supprimer, ou plutôt de délocaliser vers l'espagne, l'italie, l'allemagne ou le luxembourg, 0,07 % de nos émissions, vous versez ",True
1133826,"au-delà de ces 100 000 emplois, vous déstabiliserez, voire détruirez, l'ensemble d'un secteur qui fait notre fierté. en effet, ce sont sur les modèles",True
1137429,"dans ce courrier, qui est envoyé à toutes les personnes de plus de 60 ans, on pourrait intégrer toutes les informations dont elles ont besoin pour rec",False
1144293,voici le résultat du scrutin : nombre de votants 194 nombre de suffrages exprimés 169 majorité absolue 85 pour l'adoption 77 contre 92,True
1144416,je suppose que le scrutin public est annoncé sur le texte ?,True
1154146,il est quasiment identique à celui de m. descoeur et vise à limiter l'instauration du régime forestier d'office aux parcelles forestières sans documen,True
1154236,nous avons constaté un vide juridique concernant les 42 000 kilomètres de voies de défense des bois et forêts contre l'incendie créées par les associa,True
1171189,l'ordre du jour appelle le débat consacré à la restitution des travaux des commissions des finances et des affaires sociales sur le printemps de l'éva,True
1172041,bien sûr !,True
1172042,"pourtant, la majorité et le gouvernement n'en voulaient pas, au prétexte de l'efficacité de la dépense publique. quelle ignorance du rôle clé joué par",True
1173408,"madame arrighi, s'il vous plaît !",True
1173409,"…car une telle législation serait la meilleure manière de financer la relance, les politiques d'avenir et le remboursement du plan de relance européen",False
1174164,c'est presque une mise en cause personnelle !,True
1174309,"je suis profondément ancrée dans le réel et l'action, grâce à mes racines rurales, dans l'aude. je sais écouter et c'est pour cette raison que nous av",True
1174311,c'est une nouvelle étape dans la gestion différenciée de l'eau. si nous espérons que de tels syndicats fédéreront le plus grand nombre de communes d'u,True
1187418,la parole est à m. marc le fur.,True
1187419,"vous décriez la maison individuelle, mais plaidez pourtant pour le développement d'équipements plus faciles à installer en maison individuelle qu'en l",True
1188691,"nous entendons donc vous simplifier le travail en vous proposant de supprimer, à la fin de l'alinéa 11, la référence au port autonome de strasbourg. s",True
1190254,"la parole est à mme catherine couturier, pour soutenir l'amendement n° 515.",False
1193693,c'est vrai !,True
1193694,c'est vrai ! exactement !,True
1217213,"c'est très juste, monsieur hetzel !",False
1218563,pas du tout !,True
1219938,la séance est ouverte.,True
1221206,votre temps de parole est écoulé.,True
1223934,"disons-le très clairement, il n'est pas question de laisser faire du business sur le dos des personnes en situation de handicap et de leurs familles, ",True
1224278,"monsieur guedj, je vous ai laissé aller au terme de votre intervention parce que je suis toujours très souple en début de séance mais, comme je viens ",True
1226528,très bien !,True
1226529,"… les seuls à avoir eu le courage de voter pour le rétablissement de nos finances publiques, pour le désendettement de la france et pour la réduction ",False
1226531,ce texte est fondamental pour notre crédibilité par rapport aux marchés.,True
1230234,l'amendement n° 211 de mme sophie taillé-polian est défendu.,False
1231750,285 millions de dette supplémentaire !,False
1231751,"nous avons compris, l'hiver dernier, que vous n'étiez pas les amis des pensions, mais nous ne pensions pas que vous étiez les amis des fonds de pensio",True
1231790,quelle surprise !,True
1235951,je mets aux voix l'amendement n° 381.,False
1235952,on l'a déjà voté !,False
1235953,excusez-moi : c'est le matin !,False
1235955,"vous allez devoir me supporter jusqu'à minuit, et il n'est que neuf heures vingt.",False
1235957,c'est toujours avec plaisir !,False
1236828,"monsieur le ministre délégué, je comprends que vous avez émis un avis défavorable sur toute cette série d'amendements. le confirmez-vous ?",False
1236829,"c'est exact, madame la présidente !",False
1237565,"aient toute leur place ainsi que ceux qui luttent réellement contre la lgbtphobie, les attaques contre les femmes, le racisme et l'islamophobie.",True
1239063,la parole est à mme marine le pen.,True
1244302,"puisque les débats ne peuvent se tenir, la séance est suspendue.",True
1258351,"malgré votre coup de pied de l'âne, madame rilhac, vous noterez que nous avons voté pour votre amendement !",True
1258626,quel est l'avis de la commission ?,True
1258842,voici le résultat du scrutin : nombre de votants 52 nombre de suffrages exprimés 52 majorité absolue 27 pour l'adoption 19 contre 33,True
1258939,"monsieur le rapporteur spécial, j'imagine que vous êtes favorable à votre amendement et aux amendements identiques ?",False
1258940,favorable.,True
1260584,"quel est l'avis de la commission ? la parole est à m. christian baptiste, rapporteur spécial de la commission des finances, de l'économie générale et ",False
1261667,nous avons terminé les questions au gouvernement.,True
1270734,"certaines mesures, il est vrai, posent problème, comme le nouveau plan de valorisation de l'entreprise qui peut concurrencer l'actionnariat salarié da",True
1273271,avis défavorable également.,True
1274853,nous voici réunis pour examiner une proposition de résolution visant à la création d'une commission d'enquête sur le modèle économique des entreprises,False
1279422,", notamment les personnes plus précaires, confrontées aux démarches les plus complexes.",True
1279578,"dans son rapport d'activité pour 2021, la défenseure des droits, claire hédon, dresse un bilan particulièrement critique de la politique tendant, depu",True
1279580,"rappelons que notre groupe propose chaque année, dans le cadre du projet de loi de finances, des amendements visant à renforcer les effectifs dans les",True
1279672,"les besoins ne sont pas les mêmes dans le monde rural, dans les zones périurbaines et dans les grandes zones urbaines. laissons les collectivités, les",True
1281143,merci.,True
1285070,la honte !,True
1285071,la honte !,True
1285072,la honte !,True
1285356,"pour 82 % des français, l'immigration est un sujet dont on ne peut pas parler sereinement. parmi eux, il y a, bien plus que vous ne le croyez, des fra",True
1290259,"ce n'est pas en adoptant la posture du « œil pour œil, dent pour dent », a fortiori avec vos outrances habituelles, chers collègues de l'extrême gauch",True
1295409,quel est l'avis de la commission ?,True
1295410,c'est une des particularités des discussions communes : nous avons deux amendements très différents sur le fond de leur argumentation.,True
1296105,la séance de questions est terminée. merci à tous d'avoir respecté les temps de parole décidés en conférence des présidents. après une suspension d'en,True
1303924,la parole est à mme aude luquet.,True
1309389,merci.,True
1309403,bravo !,True
1309404,"évidemment, ce sont d'abord les parents qui doivent protéger l'image de leurs enfants. c'est d'ailleurs pour cela qu'ils exercent l'autorité parentale",True
1312138,nous en venons au vote.,True
1312140,"le résultat du vote à main levée étant douteux, nous allons procéder au vote par scrutin public. je mets aux voix l'amendement n° 1.",False
1312142,voici le résultat du scrutin : nombre de votants 151 nombre de suffrages exprimés 151 majorité absolue 76 pour l'adoption 91 contre 60,True
1316725,"tout d'abord, je remercie bien évidemment les intervenants extérieurs pour leur présence afin d'éclairer les parlementaires que nous sommes sur l'enje",False
1317293,je mets aux voix l'amendement n° 43. qui est pour ? qui est contre ? il est adopté.,False
1320133,"ce débat est certes tronqué, car il s'est concentré sur des questions non pas politiciennes mais hautement politiques : nous nous sommes notamment dem",True
1320135,quelle idée de la conquête spatiale la france veut-elle proposer ? quels investissements – y compris financiers – les citoyens français sont-ils prêts,True
1320725,bravo !,True
1320726,bravo !,True
1322722,quel est l'avis du gouvernement ?,True
1326568,"le bruit est tel que personne ne m'entend, mais je me refuse à élever la voix dans cette enceinte. monsieur leseul, vous avez invoqué l'article 70, al",True
1326570,"je propose à présent d'entendre les rappels au règlement de m. tanguy, de m. saint-huile et de mme laernoes, puis nous passerons aux votes. je vous pr",True
1328136,je n'irais pas jusque-là !,True
1331349,l'amendement n° 21 de m. david valence est défendu.,False
1334412,"l'ordre du jour appelle la discussion, en nouvelle lecture, du projet de loi, modifié par l'assemblée nationale, visant à renforcer la lutte contre le",False
1335156,pas toujours !,True
1335276,je mets aux voix le sous-amendement n° 85.,False
1335278,voici le résultat du scrutin : nombre de votants 121 nombre de suffrages exprimés 119 majorité absolue 60 pour l'adoption 73 contre 46,True
1341073,ça ne les dérange pas !,False
1341074,"en élargissant l'union européenne aux balkans occidentaux, nous ne ferions que la compléter. si vous avez la carte de l'europe en tête, vous savez qu'",True
1342685,"oh, c'est pas bien !",True
1342686,"oh, c'est pas bien !",True
1343023,nous ne sommes pas seuls !,True
1343024,nous ne sommes pas seuls !,True
1343133,"même pour les jo, vous n'avez pas fait appel à des entreprises françaises !",True
1343134,"même pour les jo, vous n'avez pas fait appel à des entreprises françaises !",True
1350038,"compte tenu de ce qui a été dit au sujet d'un amendement de notre collègue nadia hai, je retire le mien.",True
1351581,en conférence des présidents !,True
1360465,"la parole est à mme emmanuelle ménard, pour soutenir le sous-amendement n° 5185.",False
1361112,je mets aux voix le sous-amendement n° 5384.,False
1363201,la suite de la discussion est renvoyée à la prochaine séance.,True
1363210,l'ordre du jour appelle la suite de la discussion du projet de loi d'orientation pour la souveraineté en matière agricole et le renouvellement des gén,False
1366790,c'est déjà dans le code rural !,False
1366813,"cet amendement propose d'insérer, après l'article 6, un nouvel article ainsi rédigé : « i. – à titre expérimental, l'état met en place pour une durée ",False
1367885,"nous examinons le texte de la proposition de loi visant à assurer une meilleure justice patrimoniale au sein de la famille, sur lequel la commission m",False
1367894,nous avons achevé l'examen de l'amendement.,False
1372549,exactement !,True
1375699,"il a dépensé 1,4 milliard pour nettoyer la seine – contre 1 milliard sur les dix ans à venir pour les soins palliatifs.",False
1375931,très bien !,True
1375932,"l'amendement n° 1739 vise à ajouter la référence au domicile et à tous les acteurs du domicile, comme les aides ménagères, par exemple. tout doit être",False
1376266,"cela ne fait pas si longtemps, finalement !",False
1376267,les débats étaient très largement consacrés au travail détaché – on parlait beaucoup du « plombier polonais ». on n'en entend plus parler ! pourquoi ?,True
1376269,on espérait garantir enfin un salaire minimum européen. cette question aussi a été réglée par une directive européenne.,True
1376960,très bien !,True
1378872,je vous rappelle qu'il est interdit de brandir des documents à la tribune de l'assemblée nationale.,True
1378874,"non, vous ne faites pas ce que vous voulez. cela vous a été rappelé récemment.",True
1380198,"l'adoption de l'amendement n° 597 fait tomber les amendements n° 2168, 251, 1033, 1179, 1480 et 1009. je suis saisi de trois amendements, n° 1261, 168",False
1380256,l'amendement n° 3366 de m. jorys bovet est défendu.,False
1381027,aucun rapport !,True
1381841,"je vous remercie de vouloir nous faire gagner du temps. comme je l'ai annoncé au début de la séance, je souhaite que nous terminions le titre ier . ce",False
1382099,l'amendement n° 3422 de mme maud gatel est défendu.,False
1382971,il est défavorable. il ne me paraît pas souhaitable et il me semble surtout extrêmement complexe de hiérarchiser les proches d'un malade en fin de vie,True
1384821,"la parole est à mme emeline k/bidi, pour soutenir l'amendement n° 2927. nous avons longuement débattu de la question, dont nous mesurons la difficulté",False
1385058,"il n'y en a pas qui souhaitent mourir, madame ! c'est un mensonge !",False
1385059,"puisque la notion d'« aide à mourir » peut englober sémantiquement le recours à l'euthanasie, il convient de la remplacer par celle de « suicide assis",True
1390745,"rassurez-vous, je ne ferai pas usage de mes six minutes !",False
1390747,nous souhaitons que le texte prévoie que la décision d'accorder ou non l'aide à mourir soit vraiment collégiale. les amendements que je défends sont g,False
1390898,"nous discutons d'un projet de loi pour des malades en fin de vie qu'on n'arrive pas à soulager, pour lesquels il n'existe plus de possibilités. reston",True
