index,snippet,found,count,matches_idx
2,,False,0,
4,,False,0,
6,,False,0,
8,,False,0,
10,,False,0,
12,,False,0,
15,,False,0,
38,,False,0,
39,,False,0,
40,,False,0,
41,,False,0,
47,,False,0,
53,,False,0,
232,,False,0,
234,,False,0,
236,,False,0,
240,,False,0,
241,,False,0,
242,,False,0,
243,,False,0,
244,,False,0,
245,,False,0,
246,,False,0,
247,,False,0,
248,,False,0,
249,,False,0,
250,,False,0,
251,,False,0,
252,,False,0,
253,,False,0,
254,,False,0,
255,,False,0,
256,,False,0,
257,,False,0,
258,,False,0,
259,,False,0,
260,,False,0,
261,,False,0,
262,,False,0,
263,,False,0,
264,,False,0,
265,,False,0,
266,,False,0,
267,,False,0,
268,,False,0,
269,,False,0,
270,,False,0,
271,,False,0,
272,,False,0,
273,,False,0,
274,,False,0,
275,,False,0,
276,,False,0,
277,,False,0,
278,,False,0,
279,,False,0,
280,,False,0,
281,,False,0,
282,,False,0,
283,,False,0,
284,,False,0,
285,,False,0,
286,,False,0,
287,,False,0,
288,,False,0,
289,,False,0,
290,,False,0,
291,,False,0,
292,,False,0,
293,,False,0,
294,,False,0,
295,,False,0,
296,,False,0,
297,,False,0,
298,,False,0,
299,,False,0,
300,,False,0,
301,,False,0,
302,,False,0,
303,,False,0,
304,,False,0,
305,,False,0,
306,,False,0,
307,,False,0,
308,,False,0,
309,,False,0,
310,,False,0,
311,,False,0,
312,,False,0,
313,,False,0,
314,,False,0,
315,,False,0,
316,,False,0,
317,,False,0,
318,,False,0,
319,,False,0,
320,,False,0,
321,,False,0,
322,,False,0,
323,,False,0,
324,,False,0,
325,,False,0,
326,,False,0,
327,,False,0,
328,,False,0,
329,,False,0,
330,,False,0,
331,,False,0,
332,,False,0,
333,,False,0,
334,,False,0,
337,,False,0,
339,,False,0,
914,,False,0,
923,,False,0,
929,,False,0,
931,,False,0,
965,,False,0,
978,,False,0,
988,,False,0,
999,,False,0,
1033,,False,0,
1040,,False,0,
1061,,False,0,
1071,,False,0,
1093,,False,0,
1102,,False,0,
1124,,False,0,
1136,,False,0,
1147,,False,0,
1160,,False,0,
1170,,False,0,
1172,,False,0,
1178,,False,0,
1180,,False,0,
1192,,False,0,
1353,,False,0,
1469,,False,0,
1471,,False,0,
1529,,False,0,
1572,,False,0,
1573,,False,0,
1575,,False,0,
1581,,False,0,
1583,,False,0,
1585,,False,0,
1653,,False,0,
1654,,False,0,
1655,,False,0,
1787,,False,0,
1815,,False,0,
1816,,False,0,
1817,,False,0,
1818,,False,0,
1819,,False,0,
1820,,False,0,
1821,,False,0,
1832,,False,0,
1838,,False,0,
1839,,False,0,
1846,,False,0,
1852,,False,0,
1959,,False,0,
2105,,False,0,
2168,,False,0,
2172,,False,0,
2382,,False,0,
2384,,False,0,
2400,,False,0,
2402,,False,0,
2827,,False,0,
2892,,False,0,
2898,,False,0,
2900,,False,0,
2902,,False,0,
2917,,False,0,
2930,,False,0,
3155,,False,0,
3269,,False,0,
3273,,False,0,
3611,,False,0,
3675,,False,0,
3677,,False,0,
3679,,False,0,
4089,,False,0,
4093,,False,0,
4251,,False,0,
4253,,False,0,
4269,,False,0,
4292,,False,0,
4308,,False,0,
4315,,False,0,
4330,,False,0,
4364,,False,0,
4402,,False,0,
4417,,False,0,
4432,,False,0,
4439,,False,0,
4450,,False,0,
4470,,False,0,
4481,,False,0,
4493,,False,0,
4513,,False,0,
4517,,False,0,
4519,,False,0,
4526,,False,0,
4563,,False,0,
4931,,False,0,
4938,,False,0,
5113,,False,0,
5115,,False,0,
5117,,False,0,
5457,,False,0,
5458,,False,0,
5547,,False,0,
5553,,False,0,
5702,,False,0,
5760,,False,0,
5761,,False,0,
5762,,False,0,
5763,,False,0,
5776,,False,0,
5782,,False,0,
5784,,False,0,
5786,,False,0,
5801,,False,0,
5963,,False,0,
5966,,False,0,
6073,,False,0,
6080,,False,0,
6163,,False,0,
6167,,False,0,
6274,,False,0,
6287,,False,0,
6293,,False,0,
6295,,False,0,
6297,,False,0,
6308,,False,0,
6573,,False,0,
6684,,False,0,
6699,,False,0,
6886,,False,0,
6892,,False,0,
6900,,False,0,
6907,,False,0,
6917,,False,0,
7100,,False,0,
7108,,False,0,
7121,,False,0,
7128,,False,0,
7183,,False,0,
7221,,False,0,
7283,,False,0,
7330,,False,0,
7374,,False,0,
7411,,False,0,
7417,,False,0,
7418,,False,0,
7420,,False,0,
7432,,False,0,
7597,,False,0,
7656,,False,0,
7794,,False,0,
7796,,False,0,
7820,,False,0,
7848,,False,0,
7849,,False,0,
7850,,False,0,
7857,,False,0,
7858,,False,0,
7859,,False,0,
8041,,False,0,
8059,,False,0,
8062,,False,0,
8068,,False,0,
8070,,False,0,
8094,,False,0,
8189,,False,0,
8191,,False,0,
8202,,False,0,
8338,,False,0,
8432,,False,0,
8437,,False,0,
8454,,False,0,
8469,,False,0,
8476,,False,0,
8482,,False,0,
8484,,False,0,
8517,,False,0,
8554,,False,0,
8596,,False,0,
8614,,False,0,
8623,,False,0,
8644,,False,0,
8707,,False,0,
8730,,False,0,
8751,,False,0,
8766,,False,0,
8790,,False,0,
8808,,False,0,
8838,,False,0,
8852,,False,0,
8884,,False,0,
8888,,False,0,
8889,,False,0,
8891,,False,0,
8914,,False,0,
8986,,False,0,
8988,,False,0,
8999,,False,0,
9002,,False,0,
9004,,False,0,
9026,,False,0,
9110,,False,0,
9215,,False,0,
9219,,False,0,
9221,,False,0,
9229,,False,0,
9234,,False,0,
9235,,False,0,
9236,,False,0,
9244,,False,0,
9245,,False,0,
9246,,False,0,
9261,,False,0,
9269,,False,0,
9270,,False,0,
9272,,False,0,
9276,,False,0,
9282,,False,0,
9368,,False,0,
9380,,False,0,
9554,,False,0,
9836,,False,0,
9842,,False,0,
9845,,False,0,
9846,,False,0,
9848,,False,0,
9917,,False,0,
10076,,False,0,
10182,,False,0,
10183,,False,0,
10184,,False,0,
10185,,False,0,
10186,,False,0,
10319,,False,0,
10521,,False,0,
10549,,False,0,
10555,,False,0,
10557,,False,0,
10564,,False,0,
10948,,False,0,
10952,,False,0,
10954,,False,0,
11196,,False,0,
11200,,False,0,
11206,,False,0,
11235,,False,0,
11244,,False,0,
11274,,False,0,
11286,,False,0,
11327,,False,0,
11333,,False,0,
11335,,False,0,
11340,,False,0,
11342,,False,0,
11507,,False,0,
11537,,False,0,
11547,,False,0,
11549,,False,0,
11570,,False,0,
11586,,False,0,
11590,,False,0,
11600,,False,0,
11621,,False,0,
11696,,False,0,
11701,,False,0,
11705,,False,0,
11712,,False,0,
11973,,False,0,
11977,,False,0,
12225,,False,0,
12231,,False,0,
12233,,False,0,
12235,,False,0,
12605,,False,0,
12624,,False,0,
12696,,False,0,
12753,,False,0,
12775,,False,0,
12795,,False,0,
12934,,False,0,
13023,,False,0,
13029,,False,0,
13033,,False,0,
13035,,False,0,
13046,,False,0,
13047,,False,0,
13050,,False,0,
13058,,False,0,
13059,,False,0,
13060,,False,0,
13095,,False,0,
13107,,False,0,
13157,,False,0,
13168,,False,0,
13179,,False,0,
13192,,False,0,
13207,,False,0,
13216,,False,0,
13258,,False,0,
13274,,False,0,
13311,,False,0,
13335,,False,0,
13347,,False,0,
13355,,False,0,
13359,,False,0,
13361,,False,0,
13407,,False,0,
13409,,False,0,
13513,,False,0,
13524,,False,0,
13534,,False,0,
13633,,False,0,
13650,,False,0,
13688,,False,0,
13778,,False,0,
13829,,False,0,
13993,,False,0,
14114,,False,0,
14120,,False,0,
14137,,False,0,
14143,,False,0,
14145,,False,0,
14150,,False,0,
14211,,False,0,
14232,,False,0,
14280,,False,0,
14465,,False,0,
14473,,False,0,
14592,,False,0,
14648,,False,0,
14745,,False,0,
14798,,False,0,
14808,,False,0,
14822,,False,0,
14828,,False,0,
14830,,False,0,
14832,,False,0,
15088,,False,0,
15154,,False,0,
15159,,False,0,
15170,,False,0,
15219,,False,0,
15360,,False,0,
15371,,False,0,
15425,,False,0,
15612,,False,0,
15637,,False,0,
15643,,False,0,
15645,,False,0,
15647,,False,0,
15960,,False,0,
16061,,False,0,
16070,,False,0,
16107,,False,0,
16118,,False,0,
16129,,False,0,
16130,,False,0,
16131,,False,0,
16139,,False,0,
16177,,False,0,
16233,,False,0,
16337,,False,0,
16344,,False,0,
16367,,False,0,
16370,,False,0,
16408,,False,0,
16563,,False,0,
16569,,False,0,
16571,,False,0,
16573,,False,0,
16657,,False,0,
16683,,False,0,
16685,,False,0,
16806,,False,0,
16833,,False,0,
16896,,False,0,
16907,,False,0,
16926,,False,0,
16930,,False,0,
16957,,False,0,
16961,,False,0,
16963,,False,0,
17016,,False,0,
17030,,False,0,
17130,,False,0,
17178,,False,0,
17189,,False,0,
17293,,False,0,
17300,,False,0,
17304,,False,0,
17309,,False,0,
17314,,False,0,
17315,,False,0,
17316,,False,0,
17384,,False,0,
17391,,False,0,
17401,,False,0,
17422,,False,0,
17479,,False,0,
17485,,False,0,
17491,,False,0,
17493,,False,0,
17495,,False,0,
17548,,False,0,
17705,,False,0,
17709,,False,0,
17861,,False,0,
17866,,False,0,
18242,,False,0,
18295,,False,0,
18296,,False,0,
18302,,False,0,
18304,,False,0,
18306,,False,0,
18394,,False,0,
19158,,False,0,
19168,,False,0,
19689,,False,0,
19695,,False,0,
19696,,False,0,
19698,,False,0,
19700,,False,0,
19748,,False,0,
19802,,False,0,
19854,,False,0,
19867,,False,0,
19868,,False,0,
19869,,False,0,
19875,,False,0,
19961,,False,0,
19978,,False,0,
20016,,False,0,
20078,,False,0,
20089,,False,0,
20100,,False,0,
20104,,False,0,
20122,,False,0,
20123,,False,0,
20124,,False,0,
20126,,False,0,
20146,,False,0,
20190,,False,0,
20319,,False,0,
20410,,False,0,
20524,,False,0,
20534,,False,0,
20563,,False,0,
20571,,False,0,
20589,,False,0,
20594,,False,0,
20595,,False,0,
20596,,False,0,
20638,,False,0,
20654,,False,0,
20686,,False,0,
20691,,False,0,
20701,,False,0,
20709,,False,0,
20713,,False,0,
20719,,False,0,
20720,,False,0,
20721,,False,0,
20729,,False,0,
20752,,False,0,
20768,,False,0,
20778,,False,0,
20779,,False,0,
20780,,False,0,
20800,,False,0,
20811,,False,0,
20824,,False,0,
21054,,False,0,
21070,,False,0,
21122,,False,0,
21129,,False,0,
21147,,False,0,
21153,,False,0,
21154,,False,0,
21156,,False,0,
21179,,False,0,
21264,,False,0,
21370,,False,0,
21472,,False,0,
21478,,False,0,
21487,,False,0,
21489,,False,0,
21498,,False,0,
21504,,False,0,
21526,,False,0,
21544,,False,0,
21570,,False,0,
21579,,False,0,
21609,,False,0,
21643,,False,0,
21660,,False,0,
21675,,False,0,
21683,,False,0,
21693,,False,0,
21726,,False,0,
21747,,False,0,
21759,,False,0,
21763,,False,0,
21764,,False,0,
21766,,False,0,
21767,,False,0,
21768,,False,0,
21769,,False,0,
21770,,False,0,
21771,,False,0,
21772,,False,0,
21773,,False,0,
21775,,False,0,
21787,,False,0,
21850,,False,0,
21852,,False,0,
21853,,False,0,
21855,,False,0,
21859,,False,0,
21863,,False,0,
21864,,False,0,
21866,,False,0,
21873,,False,0,
21914,,False,0,
21916,,False,0,
21920,,False,0,
21924,,False,0,
21930,,False,0,
21931,,False,0,
21933,,False,0,
21965,,False,0,
22120,,False,0,
22137,,False,0,
22241,,False,0,
22248,,False,0,
22252,,False,0,
22253,,False,0,
22255,,False,0,
22293,,False,0,
22502,,False,0,
22513,,False,0,
22597,,False,0,
22602,,False,0,
22679,,False,0,
22685,,False,0,
22686,,False,0,
22688,,False,0,
22894,,False,0,
22896,,False,0,
22897,,False,0,
22898,,False,0,
22988,,False,0,
22989,,False,0,
22990,,False,0,
22992,,False,0,
23017,,False,0,
23023,,False,0,
23036,,False,0,
23136,,False,0,
23241,,False,0,
23242,,False,0,
23243,,False,0,
23245,,False,0,
23246,,False,0,
23247,,False,0,
23302,,False,0,
23306,,False,0,
23532,,False,0,
23568,,False,0,
23576,,False,0,
23578,,False,0,
23579,,False,0,
23580,,False,0,
23632,,False,0,
23642,,False,0,
23643,,False,0,
23644,,False,0,
23649,,False,0,
23657,,False,0,
23662,,False,0,
23667,,False,0,
23732,,False,0,
23738,,False,0,
23744,,False,0,
23747,,False,0,
23749,,False,0,
23776,,False,0,
23788,,False,0,
23808,,False,0,
23891,,False,0,
23910,,False,0,
23952,,False,0,
23965,,False,0,
23981,,False,0,
23996,,False,0,
24024,,False,0,
24055,,False,0,
24080,,False,0,
24092,,False,0,
24115,,False,0,
24137,,False,0,
24141,,False,0,
24142,,False,0,
24145,,False,0,
24201,,False,0,
24308,,False,0,
24433,,False,0,
24649,,False,0,
24757,,False,0,
24759,,False,0,
24767,,False,0,
24775,,False,0,
24777,,False,0,
24779,,False,0,
24780,,False,0,
24782,,False,0,
24800,,False,0,
24839,,False,0,
24840,,False,0,
24841,,False,0,
24842,,False,0,
24843,,False,0,
24844,,False,0,
24845,,False,0,
24847,,False,0,
24849,,False,0,
24850,,False,0,
24851,,False,0,
24869,,False,0,
24870,,False,0,
24982,,False,0,
25171,,False,0,
25177,,False,0,
25179,,False,0,
25218,,False,0,
25220,,False,0,
25280,,False,0,
25420,,False,0,
25434,,False,0,
25718,,False,0,
25724,,False,0,
25726,,False,0,
25788,,False,0,
25813,,False,0,
25864,,False,0,
25871,,False,0,
25885,,False,0,
25913,,False,0,
25934,,False,0,
25949,,False,0,
25978,,False,0,
25989,,False,0,
25995,,False,0,
26026,,False,0,
26044,,False,0,
26053,,False,0,
26060,,False,0,
26064,,False,0,
26066,,False,0,
26068,,False,0,
26099,,False,0,
26107,,False,0,
26660,,False,0,
26745,,False,0,
26763,,False,0,
26769,,False,0,
26771,,False,0,
26773,,False,0,
27233,,False,0,
27579,,False,0,
27585,,False,0,
27587,,False,0,
27589,,False,0,
27944,,False,0,
28005,,False,0,
28090,,False,0,
28182,,False,0,
28264,,False,0,
28268,,False,0,
28280,,False,0,
28297,,False,0,
28355,,False,0,
28360,,False,0,
28364,,False,0,
28439,,False,0,
28445,,False,0,
28447,,False,0,
28449,,False,0,
28913,,False,0,
29016,,False,0,
29062,,False,0,
29123,,False,0,
29127,,False,0,
29146,,False,0,
29177,,False,0,
29183,,False,0,
29185,,False,0,
29187,,False,0,
29267,,False,0,
29279,,False,0,
29357,,False,0,
29419,,False,0,
29423,,False,0,
29873,,False,0,
29879,,False,0,
29881,,False,0,
29883,,False,0,
30020,,False,0,
30030,,False,0,
30031,,False,0,
30095,,False,0,
30148,,False,0,
30149,,False,0,
30150,,False,0,
30186,,False,0,
30187,,False,0,
30188,,False,0,
30224,,False,0,
30242,,False,0,
30415,,False,0,
30448,,False,0,
30561,,False,0,
30629,,False,0,
30635,,False,0,
30642,,False,0,
30647,,False,0,
30869,,False,0,
30899,,False,0,
30901,,False,0,
30907,,False,0,
30909,,False,0,
30914,,False,0,
30916,,False,0,
30928,,False,0,
30940,,False,0,
30962,,False,0,
31005,,False,0,
31037,,False,0,
31045,,False,0,
31083,,False,0,
31107,,False,0,
31134,,False,0,
31153,,False,0,
31177,,False,0,
31218,,False,0,
31250,,False,0,
31257,,False,0,
31280,,False,0,
31308,,False,0,
31312,,False,0,
31313,,False,0,
31315,,False,0,
31409,,False,0,
31416,,False,0,
31420,,False,0,
31421,,False,0,
31423,,False,0,
31453,,False,0,
31535,,False,0,
31574,,False,0,
31621,,False,0,
31627,,False,0,
31629,,False,0,
31715,,False,0,
31717,,False,0,
31831,,False,0,
32270,,False,0,
32276,,False,0,
32278,,False,0,
32306,,False,0,
32316,,False,0,
32328,,False,0,
32348,,False,0,
32383,,False,0,
32398,,False,0,
32415,,False,0,
32424,,False,0,
32425,,False,0,
32442,,False,0,
32447,,False,0,
32450,,False,0,
32451,,False,0,
32452,,False,0,
32453,,False,0,
32454,,False,0,
32455,,False,0,
32456,,False,0,
32467,,False,0,
32468,,False,0,
32469,,False,0,
32471,,False,0,
32472,,False,0,
32473,,False,0,
32474,,False,0,
32475,,False,0,
32484,,False,0,
32500,,False,0,
32508,,False,0,
32517,,False,0,
32524,,False,0,
32543,,False,0,
32547,,False,0,
32548,,False,0,
32550,,False,0,
32551,,False,0,
32552,,False,0,
32553,,False,0,
32554,,False,0,
32555,,False,0,
32556,,False,0,
32557,,False,0,
32558,,False,0,
32560,,False,0,
32562,,False,0,
32581,,False,0,
32612,,False,0,
32629,,False,0,
32652,,False,0,
32747,,False,0,
32757,,False,0,
32816,,False,0,
32867,,False,0,
32903,,False,0,
32998,,False,0,
33015,,False,0,
33036,,False,0,
33055,,False,0,
33061,,False,0,
33063,,False,0,
33065,,False,0,
33166,,False,0,
33180,,False,0,
33188,,False,0,
33218,,False,0,
33219,,False,0,
33220,,False,0,
33235,,False,0,
33286,,False,0,
33291,,False,0,
33326,,False,0,
33413,,False,0,
33452,,False,0,
33457,,False,0,
33507,,False,0,
33515,,False,0,
33517,,False,0,
33548,,False,0,
33563,,False,0,
33576,,False,0,
33615,,False,0,
33649,,False,0,
33661,,False,0,
33679,,False,0,
33701,,False,0,
33729,,False,0,
33748,,False,0,
33763,,False,0,
33788,,False,0,
33810,,False,0,
33820,,False,0,
33847,,False,0,
33851,,False,0,
33852,,False,0,
33854,,False,0,
33935,,False,0,
33945,,False,0,
33949,,False,0,
34090,,False,0,
34096,,False,0,
34098,,False,0,
34099,,False,0,
34101,,False,0,
34120,,False,0,
34153,,False,0,
34206,,False,0,
34418,,False,0,
34420,,False,0,
34426,,False,0,
34468,,False,0,
34697,,False,0,
34703,,False,0,
34705,,False,0,
34730,,False,0,
34739,,False,0,
34761,,False,0,
34788,,False,0,
34818,,False,0,
34828,,False,0,
34854,,False,0,
34864,,False,0,
34879,,False,0,
34886,,False,0,
34929,,False,0,
34958,,False,0,
34982,,False,0,
34996,,False,0,
35015,,False,0,
35019,,False,0,
35020,,False,0,
35022,,False,0,
35038,,False,0,
35089,,False,0,
35127,,False,0,
35131,,False,0,
35135,,False,0,
35137,,False,0,
35139,,False,0,
35512,,False,0,
35522,,False,0,
35528,,False,0,
35553,,False,0,
35560,,False,0,
35566,,False,0,
35567,,False,0,
35568,,False,0,
35569,,False,0,
35625,,False,0,
35943,,False,0,
36052,,False,0,
36058,,False,0,
36059,,False,0,
36061,,False,0,
36257,,False,0,
36726,,False,0,
36888,,False,0,
36894,,False,0,
36896,,False,0,
36903,,False,0,
36913,,False,0,
36964,,False,0,
36992,,False,0,
37033,,False,0,
37060,,False,0,
37084,,False,0,
37100,,False,0,
37118,,False,0,
37148,,False,0,
37163,,False,0,
37170,,False,0,
37184,,False,0,
37232,,False,0,
37255,,False,0,
37280,,False,0,
37284,,False,0,
37285,,False,0,
37287,,False,0,
37438,,False,0,
37441,,False,0,
37442,,False,0,
37481,,False,0,
37761,,False,0,
37855,,False,0,
37886,,False,0,
38039,,False,0,
38045,,False,0,
38047,,False,0,
38245,,False,0,
38442,,False,0,
38451,,False,0,
38666,,False,0,
38672,,False,0,
38674,,False,0,
38691,,False,0,
38720,,False,0,
38755,,False,0,
38779,,False,0,
38808,,False,0,
38819,,False,0,
38836,,False,0,
38850,,False,0,
38877,,False,0,
38897,,False,0,
38907,,False,0,
38939,,False,0,
38968,,False,0,
38996,,False,0,
39032,,False,0,
39036,,False,0,
39038,,False,0,
39087,,False,0,
39096,,False,0,
39299,,False,0,
39301,,False,0,
39302,,False,0,
39303,,False,0,
39348,,False,0,
39356,,False,0,
39454,,False,0,
39529,,False,0,
39530,,False,0,
39531,,False,0,
39548,,False,0,
39729,,False,0,
39735,,False,0,
39737,,False,0,
39739,,False,0,
39804,,False,0,
39814,,False,0,
39939,,False,0,
39940,,False,0,
39941,,False,0,
39946,,False,0,
39997,,False,0,
40010,,False,0,
40028,,False,0,
40043,,False,0,
40044,,False,0,
40045,,False,0,
40050,,False,0,
40062,,False,0,
40105,,False,0,
40119,,False,0,
40155,,False,0,
40168,,False,0,
40178,,False,0,
40179,,False,0,
40180,,False,0,
40184,,False,0,
40185,,False,0,
40187,,False,0,
40198,,False,0,
40384,,False,0,
40385,,False,0,
40386,,False,0,
40393,,False,0,
40409,,False,0,
40410,,False,0,
40411,,False,0,
40432,,False,0,
40438,,False,0,
40454,,False,0,
40481,,False,0,
40487,,False,0,
40489,,False,0,
40496,,False,0,
40498,,False,0,
40599,,False,0,
40601,,False,0,
40672,,False,0,
40797,,False,0,
40804,,False,0,
40809,,False,0,
40813,,False,0,
40901,,False,0,
40921,,False,0,
40928,,False,0,
40935,,False,0,
41059,,False,0,
41063,,False,0,
41225,,False,0,
41231,,False,0,
41232,,False,0,
41234,,False,0,
41765,,False,0,
42039,,False,0,
42081,,False,0,
42273,,False,0,
42279,,False,0,
42285,,False,0,
42286,,False,0,
42288,,False,0,
42400,,False,0,
42406,,False,0,
42410,,False,0,
42411,,False,0,
42448,,False,0,
42454,,False,0,
42473,,False,0,
42555,,False,0,
42562,,False,0,
42573,,False,0,
42589,,False,0,
42594,,False,0,
42751,,False,0,
42759,,False,0,
42763,,False,0,
43059,,False,0,
43065,,False,0,
43066,,False,0,
43068,,False,0,
43205,,False,0,
43405,,False,0,
43524,,False,0,
43674,,False,0,
43680,,False,0,
43681,,False,0,
43683,,False,0,
43912,,False,0,
43938,,False,0,
44208,,False,0,
44212,,False,0,
44421,,False,0,
44591,,False,0,
44604,,False,0,
44610,,False,0,
44611,,False,0,
44613,,False,0,
44667,,False,0,
44688,,False,0,
44815,,False,0,
44919,,False,0,
44923,,False,0,
44939,,False,0,
45066,,False,0,
45320,,False,0,
45326,,False,0,
45327,,False,0,
45329,,False,0,
45669,,False,0,
45675,,False,0,
45812,,False,0,
45846,,False,0,
45888,,False,0,
45897,,False,0,
45904,,False,0,
45991,,False,0,
45997,,False,0,
45998,,False,0,
46005,,False,0,
46171,,False,0,
46219,,False,0,
46284,,False,0,
46292,,False,0,
46370,,False,0,
46384,,False,0,
46516,,False,0,
46597,,False,0,
46835,,False,0,
46910,,False,0,
46916,,False,0,
46917,,False,0,
46919,,False,0,
47001,,False,0,
47122,,False,0,
47128,,False,0,
47129,,False,0,
47132,,False,0,
47136,,False,0,
47150,,False,0,
47454,,False,0,
47558,,False,0,
47592,,False,0,
47593,,False,0,
47594,,False,0,
47595,,False,0,
47596,,False,0,
47603,,False,0,
47608,,False,0,
47631,,False,0,
47637,,False,0,
47638,,False,0,
47639,,False,0,
47647,,False,0,
47660,,False,0,
47666,,False,0,
47667,,False,0,
47669,,False,0,
47901,,False,0,
47905,,False,0,
47972,,False,0,
47989,,False,0,
47995,,False,0,
48004,,False,0,
48043,,False,0,
48049,,False,0,
48051,,False,0,
48089,,False,0,
48122,,False,0,
48131,,False,0,
48155,,False,0,
48191,,False,0,
48223,,False,0,
48231,,False,0,
48253,,False,0,
48260,,False,0,
48281,,False,0,
48293,,False,0,
48339,,False,0,
48353,,False,0,
48362,,False,0,
48374,,False,0,
48378,,False,0,
48379,,False,0,
48381,,False,0,
48491,,False,0,
48498,,False,0,
48505,,False,0,
48509,,False,0,
48511,,False,0,
48562,,False,0,
48667,,False,0,
48734,,False,0,
48740,,False,0,
48742,,False,0,
49125,,False,0,
49127,,False,0,
49144,,False,0,
49150,,False,0,
49153,,False,0,
49159,,False,0,
49161,,False,0,
49191,,False,0,
49202,,False,0,
49227,,False,0,
49239,,False,0,
49255,,False,0,
49268,,False,0,
49290,,False,0,
49304,,False,0,
49343,,False,0,
49354,,False,0,
49372,,False,0,
49388,,False,0,
49412,,False,0,
49430,,False,0,
49456,,False,0,
49460,,False,0,
49462,,False,0,
49466,,False,0,
49468,,False,0,
49486,,False,0,
49505,,False,0,
49509,,False,0,
49545,,False,0,
49603,,False,0,
49606,,False,0,
49608,,False,0,
49651,,False,0,
49984,,False,0,
49992,,False,0,
50070,,False,0,
50076,,False,0,
50078,,False,0,
50080,,False,0,
50386,,False,0,
50410,,False,0,
50415,,False,0,
50445,,False,0,
50453,,False,0,
50461,,False,0,
50754,,False,0,
50765,,False,0,
50856,,False,0,
50862,,False,0,
50864,,False,0,
50866,,False,0,
50964,,False,0,
51146,,False,0,
51154,,False,0,
51531,,False,0,
51598,,False,0,
51604,,False,0,
51606,,False,0,
51608,,False,0,
51720,,False,0,
51774,,False,0,
51782,,False,0,
51786,,False,0,
51793,,False,0,
51813,,False,0,
51817,,False,0,
51939,,False,0,
52001,,False,0,
52024,,False,0,
52030,,False,0,
52042,,False,0,
52192,,False,0,
52201,,False,0,
52432,,False,0,
52438,,False,0,
52440,,False,0,
52442,,False,0,
52495,,False,0,
52501,,False,0,
52502,,False,0,
52598,,False,0,
52694,,False,0,
52700,,False,0,
52735,,False,0,
52893,,False,0,
52910,,False,0,
52975,,False,0,
53076,,False,0,
53082,,False,0,
53084,,False,0,
53086,,False,0,
53137,,False,0,
53149,,False,0,
53184,,False,0,
53209,,False,0,
53214,,False,0,
53244,,False,0,
53266,,False,0,
53329,,False,0,
53330,,False,0,
53331,,False,0,
53390,,False,0,
53394,,False,0,
53402,,False,0,
53417,,False,0,
53418,,False,0,
53419,,False,0,
53420,,False,0,
53421,,False,0,
53422,,False,0,
53423,,False,0,
53430,,False,0,
53433,,False,0,
53435,,False,0,
53437,,False,0,
53466,,False,0,
53471,,False,0,
53504,,False,0,
53675,,False,0,
53681,,False,0,
53683,,False,0,
53685,,False,0,
53687,,False,0,
53726,,False,0,
53740,,False,0,
53848,,False,0,
53864,,False,0,
53871,,False,0,
53879,,False,0,
53882,,False,0,
53883,,False,0,
53884,,False,0,
53886,,False,0,
53932,,False,0,
53937,,False,0,
53976,,False,0,
53980,,False,0,
54007,,False,0,
54013,,False,0,
54014,,False,0,
54015,,False,0,
54017,,False,0,
54035,,False,0,
54074,,False,0,
54101,,False,0,
54105,,False,0,
54109,,False,0,
54122,,False,0,
54124,,False,0,
54380,,False,0,
54391,,False,0,
54492,,False,0,
54519,,False,0,
54616,,False,0,
54622,,False,0,
54624,,False,0,
54626,,False,0,
54628,,False,0,
54744,,False,0,
54787,,False,0,
54903,,False,0,
54913,,False,0,
54927,,False,0,
54949,,False,0,
54959,,False,0,
54992,,False,0,
55001,,False,0,
55093,,False,0,
55110,,False,0,
55154,,False,0,
55158,,False,0,
55162,,False,0,
55196,,False,0,
55217,,False,0,
55221,,False,0,
55241,,False,0,
55251,,False,0,
55302,,False,0,
55385,,False,0,
55388,,False,0,
55421,,False,0,
55426,,False,0,
55427,,False,0,
55508,,False,0,
55515,,False,0,
55516,,False,0,
55517,,False,0,
55546,,False,0,
55553,,False,0,
55575,,False,0,
55604,,False,0,
55632,,False,0,
55687,,False,0,
55691,,False,0,
55717,,False,0,
55730,,False,0,
55731,,False,0,
55732,,False,0,
55737,,False,0,
55784,,False,0,
55805,,False,0,
55806,,False,0,
55807,,False,0,
55808,,False,0,
55810,,False,0,
55811,,False,0,
55812,,False,0,
55898,,False,0,
55916,,False,0,
55923,,False,0,
55929,,False,0,
55931,,False,0,
55963,,False,0,
55982,,False,0,
56003,,False,0,
56029,,False,0,
56053,,False,0,
56062,,False,0,
56099,,False,0,
56123,,False,0,
56151,,False,0,
56180,,False,0,
56212,,False,0,
56249,,False,0,
56256,,False,0,
56263,,False,0,
56273,,False,0,
56286,,False,0,
56290,,False,0,
56292,,False,0,
56293,,False,0,
56295,,False,0,
56401,,False,0,
56408,,False,0,
56412,,False,0,
56413,,False,0,
56415,,False,0,
56485,,False,0,
56518,,False,0,
56525,,False,0,
56733,,False,0,
56734,,False,0,
56735,,False,0,
56801,,False,0,
56807,,False,0,
56808,,False,0,
56810,,False,0,
56888,,False,0,
56961,,False,0,
57085,,False,0,
57091,,False,0,
57092,,False,0,
57094,,False,0,
57195,,False,0,
57318,,False,0,
57351,,False,0,
57479,,False,0,
57493,,False,0,
57499,,False,0,
57500,,False,0,
57502,,False,0,
57571,,False,0,
57696,,False,0,
57717,,False,0,
57770,,False,0,
57901,,False,0,
57907,,False,0,
57908,,False,0,
57910,,False,0,
58041,,False,0,
58081,,False,0,
58099,,False,0,
58117,,False,0,
58287,,False,0,
58295,,False,0,
58299,,False,0,
58303,,False,0,
58500,,False,0,
58509,,False,0,
58518,,False,0,
58524,,False,0,
58525,,False,0,
58527,,False,0,
58529,,False,0,
58547,,False,0,
58756,,False,0,
58807,,False,0,
58813,,False,0,
58893,,False,0,
59019,,False,0,
59023,,False,0,
59043,,False,0,
59049,,False,0,
59050,,False,0,
59052,,False,0,
59054,,False,0,
59101,,False,0,
59215,,False,0,
59336,,False,0,
59358,,False,0,
59365,,False,0,
59394,,False,0,
59470,,False,0,
59492,,False,0,
59498,,False,0,
59500,,False,0,
59532,,False,0,
59577,,False,0,
59608,,False,0,
59722,,False,0,
59766,,False,0,
59768,,False,0,
59794,,False,0,
59796,,False,0,
60069,,False,0,
60128,,False,0,
60129,,False,0,
60130,,False,0,
60139,,False,0,
60142,,False,0,
60144,,False,0,
60164,,False,0,
60185,,False,0,
60211,,False,0,
60230,,False,0,
60236,,False,0,
60242,,False,0,
60244,,False,0,
60267,,False,0,
60287,,False,0,
60304,,False,0,
60315,,False,0,
60344,,False,0,
60362,,False,0,
60371,,False,0,
60378,,False,0,
60385,,False,0,
60444,,False,0,
60459,,False,0,
60484,,False,0,
60511,,False,0,
60532,,False,0,
60563,,False,0,
60566,,False,0,
60570,,False,0,
60575,,False,0,
60576,,False,0,
60578,,False,0,
60670,,False,0,
60857,,False,0,
60861,,False,0,
60867,,False,0,
60914,,False,0,
60920,,False,0,
60921,,False,0,
60923,,False,0,
61022,,False,0,
61168,,False,0,
61296,,False,0,
61302,,False,0,
61304,,False,0,
61343,,False,0,
61356,,False,0,
61371,,False,0,
61388,,False,0,
61404,,False,0,
61422,,False,0,
61441,,False,0,
61448,,False,0,
61458,,False,0,
61465,,False,0,
61483,,False,0,
61524,,False,0,
61533,,False,0,
61563,,False,0,
61573,,False,0,
61577,,False,0,
61578,,False,0,
61580,,False,0,
61640,,False,0,
61644,,False,0,
61683,,False,0,
61693,,False,0,
61697,,False,0,
61781,,False,0,
61785,,False,0,
61822,,False,0,
61850,,False,0,
61947,,False,0,
61953,,False,0,
61954,,False,0,
61956,,False,0,
62115,,False,0,
62786,,False,0,
62833,,False,0,
62836,,False,0,
62871,,False,0,
62877,,False,0,
62878,,False,0,
62880,,False,0,
62951,,False,0,
63079,,False,0,
63237,,False,0,
63243,,False,0,
63244,,False,0,
63246,,False,0,
63248,,False,0,
63369,,False,0,
63373,,False,0,
63492,,False,0,
63514,,False,0,
63619,,False,0,
63633,,False,0,
63697,,False,0,
63746,,False,0,
63752,,False,0,
63753,,False,0,
63755,,False,0,
63757,,False,0,
64008,,False,0,
64011,,False,0,
64026,,False,0,
64100,,False,0,
64113,,False,0,
64116,,False,0,
64119,,False,0,
64135,,False,0,
64141,,False,0,
64147,,False,0,
64148,,False,0,
64150,,False,0,
64188,,False,0,
64206,,False,0,
64276,,False,0,
64293,,False,0,
64328,,False,0,
64358,,False,0,
64361,,False,0,
64379,,False,0,
64384,,False,0,
64419,,False,0,
64425,,False,0,
64426,,False,0,
64428,,False,0,
64441,,False,0,
64530,,False,0,
64592,,False,0,
64596,,False,0,
64667,,False,0,
64678,,False,0,
64695,,False,0,
64699,,False,0,
64705,,False,0,
64706,,False,0,
64708,,False,0,
64722,,False,0,
64752,,False,0,
64787,,False,0,
64872,,False,0,
64874,,False,0,
64939,,False,0,
64944,,False,0,
64948,,False,0,
64970,,False,0,
64973,,False,0,
64977,,False,0,
64978,,False,0,
64980,,False,0,
65063,,False,0,
65108,,False,0,
65145,,False,0,
65151,,False,0,
65152,,False,0,
65154,,False,0,
65232,,False,0,
65292,,False,0,
65356,,False,0,
65419,,False,0,
65461,,False,0,
65481,,False,0,
65536,,False,0,
65542,,False,0,
65544,,False,0,
65551,,False,0,
65565,,False,0,
65582,,False,0,
65594,,False,0,
65608,,False,0,
65622,,False,0,
65660,,False,0,
65669,,False,0,
65708,,False,0,
65723,,False,0,
65739,,False,0,
65775,,False,0,
65812,,False,0,
65832,,False,0,
65860,,False,0,
65862,,False,0,
65866,,False,0,
65867,,False,0,
65869,,False,0,
65910,,False,0,
65912,,False,0,
65913,,False,0,
65915,,False,0,
65930,,False,0,
66036,,False,0,
66040,,False,0,
66041,,False,0,
66043,,False,0,
66044,,False,0,
66090,,False,0,
66161,,False,0,
66203,,False,0,
66242,,False,0,
66249,,False,0,
66275,,False,0,
66285,,False,0,
66288,,False,0,
66319,,False,0,
66325,,False,0,
66326,,False,0,
66328,,False,0,
66344,,False,0,
66411,,False,0,
66484,,False,0,
66486,,False,0,
66493,,False,0,
66494,,False,0,
66496,,False,0,
66790,,False,0,
66984,,False,0,
67009,,False,0,
67015,,False,0,
67017,,False,0,
67026,,False,0,
67066,,False,0,
67087,,False,0,
67110,,False,0,
67133,,False,0,
67159,,False,0,
67200,,False,0,
67233,,False,0,
67263,,False,0,
67299,,False,0,
67318,,False,0,
67341,,False,0,
67352,,False,0,
67375,,False,0,
67400,,False,0,
67409,,False,0,
67413,,False,0,
67449,,False,0,
67453,,False,0,
67454,,False,0,
67456,,False,0,
67458,,False,0,
67592,,False,0,
67600,,False,0,
67605,,False,0,
67611,,False,0,
67743,,False,0,
67762,,False,0,
67767,,False,0,
67778,,False,0,
67784,,False,0,
67815,,False,0,
67819,,False,0,
67885,,False,0,
68112,,False,0,
68187,,False,0,
68240,,False,0,
68246,,False,0,
68247,,False,0,
68249,,False,0,
68251,,False,0,
68407,,False,0,
68542,,False,0,
68547,,False,0,
68730,,False,0,
68734,,False,0,
68738,,False,0,
68817,,False,0,
68820,,False,0,
68835,,False,0,
68856,,False,0,
68865,,False,0,
68876,,False,0,
68892,,False,0,
68895,,False,0,
68918,,False,0,
69014,,False,0,
69020,,False,0,
69026,,False,0,
69027,,False,0,
69029,,False,0,
69047,,False,0,
69049,,False,0,
69050,,False,0,
69052,,False,0,
69155,,False,0,
69193,,False,0,
69267,,False,0,
69513,,False,0,
69612,,False,0,
69615,,False,0,
69625,,False,0,
69631,,False,0,
69635,,False,0,
69636,,False,0,
69638,,False,0,
69694,,False,0,
69705,,False,0,
69791,,False,0,
69794,,False,0,
69807,,False,0,
69810,,False,0,
69830,,False,0,
69833,,False,0,
69868,,False,0,
69872,,False,0,
69874,,False,0,
70110,,False,0,
70157,,False,0,
70160,,False,0,
70176,,False,0,
70192,,False,0,
70229,,False,0,
70237,,False,0,
70241,,False,0,
70250,,False,0,
70254,,False,0,
70300,,False,0,
70306,,False,0,
70307,,False,0,
70309,,False,0,
70311,,False,0,
70527,,False,0,
70563,,False,0,
70591,,False,0,
70652,,False,0,
70881,,False,0,
70943,,False,0,
70949,,False,0,
70950,,False,0,
70952,,False,0,
70954,,False,0,
70964,,False,0,
70975,,False,0,
71035,,False,0,
71295,,False,0,
71335,,False,0,
71560,,False,0,
71566,,False,0,
71567,,False,0,
71569,,False,0,
71571,,False,0,
71616,,False,0,
71873,,False,0,
71887,,False,0,
72025,,False,0,
72090,,False,0,
72320,,False,0,
72326,,False,0,
72327,,False,0,
72329,,False,0,
72331,,False,0,
72512,,False,0,
72630,,False,0,
72640,,False,0,
72684,,False,0,
72782,,False,0,
72892,,False,0,
72896,,False,0,
72902,,False,0,
72903,,False,0,
72905,,False,0,
72907,,False,0,
72997,,False,0,
73203,,False,0,
73278,,False,0,
73314,,False,0,
73439,,False,0,
73447,,False,0,
73468,,False,0,
73573,,False,0,
73577,,False,0,
73579,,False,0,
73580,,False,0,
73581,,False,0,
73582,,False,0,
73583,,False,0,
73584,,False,0,
73585,,False,0,
73586,,False,0,
73587,,False,0,
73588,,False,0,
73589,,False,0,
73603,,False,0,
73609,,False,0,
73633,,False,0,
73649,,False,0,
73892,,False,0,
73898,,False,0,
73900,,False,0,
73939,,False,0,
73969,,False,0,
73982,,False,0,
74025,,False,0,
74034,,False,0,
74041,,False,0,
74052,,False,0,
74079,,False,0,
74103,,False,0,
74110,,False,0,
74129,,False,0,
74158,,False,0,
74172,,False,0,
74193,,False,0,
74201,,False,0,
74205,,False,0,
74206,,False,0,
74208,,False,0,
74318,,False,0,
74325,,False,0,
74329,,False,0,
74330,,False,0,
74332,,False,0,
74351,,False,0,
74386,,False,0,
74427,,False,0,
74464,,False,0,
74470,,False,0,
74472,,False,0,
74516,,False,0,
74518,,False,0,
74547,,False,0,
74562,,False,0,
74565,,False,0,
74699,,False,0,
74876,,False,0,
75094,,False,0,
75100,,False,0,
75102,,False,0,
75109,,False,0,
75166,,False,0,
75173,,False,0,
75193,,False,0,
75226,,False,0,
75255,,False,0,
75267,,False,0,
75326,,False,0,
75351,,False,0,
75359,,False,0,
75368,,False,0,
75398,,False,0,
75407,,False,0,
75458,,False,0,
75495,,False,0,
75499,,False,0,
75505,,False,0,
75509,,False,0,
75511,,False,0,
75513,,False,0,
75826,,False,0,
75871,,False,0,
75880,,False,0,
75915,,False,0,
76032,,False,0,
76073,,False,0,
76079,,False,0,
76081,,False,0,
76083,,False,0,
76714,,False,0,
76720,,False,0,
76722,,False,0,
76724,,False,0,
76806,,False,0,
76813,,False,0,
76819,,False,0,
76822,,False,0,
76894,,False,0,
76908,,False,0,
76958,,False,0,
76969,,False,0,
77020,,False,0,
77032,,False,0,
77040,,False,0,
77159,,False,0,
77164,,False,0,
77315,,False,0,
77321,,False,0,
77323,,False,0,
77325,,False,0,
77412,,False,0,
77415,,False,0,
77783,,False,0,
77852,,False,0,
77857,,False,0,
78021,,False,0,
78131,,False,0,
78136,,False,0,
78224,,False,0,
78230,,False,0,
78232,,False,0,
78234,,False,0,
78568,,False,0,
78569,,False,0,
78570,,False,0,
78583,,False,0,
78589,,False,0,
78604,,False,0,
78641,,False,0,
78744,,False,0,
78762,,False,0,
78768,,False,0,
78769,,False,0,
78771,,False,0,
78781,,False,0,
78807,,False,0,
78855,,False,0,
78857,,False,0,
78858,,False,0,
78859,,False,0,
78911,,False,0,
78919,,False,0,
78978,,False,0,
78991,,False,0,
78992,,False,0,
78993,,False,0,
79021,,False,0,
79022,,False,0,
79023,,False,0,
79041,,False,0,
79049,,False,0,
79055,,False,0,
79056,,False,0,
79060,,False,0,
79064,,False,0,
79236,,False,0,
79243,,False,0,
79247,,False,0,
79253,,False,0,
79255,,False,0,
79269,,False,0,
79278,,False,0,
79303,,False,0,
79322,,False,0,
79345,,False,0,
79355,,False,0,
79364,,False,0,
79377,,False,0,
79389,,False,0,
79409,,False,0,
79448,,False,0,
79479,,False,0,
79488,,False,0,
79504,,False,0,
79527,,False,0,
79531,,False,0,
79532,,False,0,
79534,,False,0,
79590,,False,0,
79597,,False,0,
79601,,False,0,
79602,,False,0,
79604,,False,0,
79613,,False,0,
79657,,False,0,
79664,,False,0,
79745,,False,0,
79788,,False,0,
79840,,False,0,
79846,,False,0,
79847,,False,0,
79849,,False,0,
79851,,False,0,
79852,,False,0,
79853,,False,0,
79856,,False,0,
79858,,False,0,
79871,,False,0,
79876,,False,0,
80171,,False,0,
80181,,False,0,
80190,,False,0,
80338,,False,0,
80357,,False,0,
80361,,False,0,
80448,,False,0,
80454,,False,0,
80456,,False,0,
80465,,False,0,
80477,,False,0,
80488,,False,0,
80500,,False,0,
80532,,False,0,
80543,,False,0,
80576,,False,0,
80587,,False,0,
80608,,False,0,
80635,,False,0,
80658,,False,0,
80672,,False,0,
80683,,False,0,
80719,,False,0,
80743,,False,0,
80765,,False,0,
80769,,False,0,
80770,,False,0,
80772,,False,0,
80774,,False,0,
80784,,False,0,
80863,,False,0,
80867,,False,0,
80873,,False,0,
80874,,False,0,
80875,,False,0,
80885,,False,0,
80895,,False,0,
80896,,False,0,
80897,,False,0,
80901,,False,0,
81032,,False,0,
81043,,False,0,
81124,,False,0,
81148,,False,0,
81169,,False,0,
81212,,False,0,
81217,,False,0,
81221,,False,0,
81230,,False,0,
81231,,False,0,
81232,,False,0,
81236,,False,0,
81247,,False,0,
81248,,False,0,
81249,,False,0,
81254,,False,0,
81259,,False,0,
81264,,False,0,
81269,,False,0,
81272,,False,0,
81274,,False,0,
81276,,False,0,
81280,,False,0,
81323,,False,0,
81336,,False,0,
81342,,False,0,
81343,,False,0,
81345,,False,0,
81347,,False,0,
81349,,False,0,
81358,,False,0,
81360,,False,0,
81361,,False,0,
81362,,False,0,
81366,,False,0,
81368,,False,0,
81486,,False,0,
81600,,False,0,
81601,,False,0,
81602,,False,0,
81624,,False,0,
81628,,False,0,
81634,,False,0,
81685,,False,0,
81689,,False,0,
81715,,False,0,
81729,,False,0,
81757,,False,0,
81775,,False,0,
81791,,False,0,
81816,,False,0,
81817,,False,0,
81818,,False,0,
81824,,False,0,
81856,,False,0,
81862,,False,0,
81866,,False,0,
81877,,False,0,
81902,,False,0,
81910,,False,0,
81918,,False,0,
81919,,False,0,
81920,,False,0,
81922,,False,0,
81947,,False,0,
81950,,False,0,
81982,,False,0,
81991,,False,0,
81997,,False,0,
81998,,False,0,
82000,,False,0,
82117,,False,0,
82121,,False,0,
82125,,False,0,
82126,,False,0,
82128,,False,0,
82144,,False,0,
82218,,False,0,
82224,,False,0,
82226,,False,0,
82251,,False,0,
82253,,False,0,
82406,,False,0,
82424,,False,0,
82444,,False,0,
82515,,False,0,
82560,,False,0,
82576,,False,0,
82577,,False,0,
82578,,False,0,
82589,,False,0,
82643,,False,0,
82647,,False,0,
82662,,False,0,
82664,,False,0,
82826,,False,0,
82846,,False,0,
82854,,False,0,
82858,,False,0,
82859,,False,0,
82861,,False,0,
82872,,False,0,
82878,,False,0,
82880,,False,0,
82952,,False,0,
82956,,False,0,
83038,,False,0,
83040,,False,0,
83195,,False,0,
83201,,False,0,
83202,,False,0,
83204,,False,0,
83219,,False,0,
83242,,False,0,
83298,,False,0,
83302,,False,0,
83304,,False,0,
83313,,False,0,
83314,,False,0,
83315,,False,0,
83331,,False,0,
83332,,False,0,
83333,,False,0,
83334,,False,0,
83335,,False,0,
83469,,False,0,
83471,,False,0,
83500,,False,0,
83502,,False,0,
83523,,False,0,
83598,,False,0,
83605,,False,0,
83606,,False,0,
83607,,False,0,
83618,,False,0,
83627,,False,0,
83628,,False,0,
83629,,False,0,
83630,,False,0,
83631,,False,0,
83636,,False,0,
83637,,False,0,
83638,,False,0,
83656,,False,0,
83657,,False,0,
83659,,False,0,
83663,,False,0,
83669,,False,0,
83670,,False,0,
83672,,False,0,
83679,,False,0,
83724,,False,0,
83731,,False,0,
83735,,False,0,
83737,,False,0,
83763,,False,0,
83829,,False,0,
83893,,False,0,
83897,,False,0,
83975,,False,0,
83981,,False,0,
83983,,False,0,
84042,,False,0,
84044,,False,0,
84064,,False,0,
84068,,False,0,
84070,,False,0,
84075,,False,0,
84153,,False,0,
84161,,False,0,
84195,,False,0,
84259,,False,0,
84262,,False,0,
84264,,False,0,
84276,,False,0,
84277,,False,0,
84278,,False,0,
84279,,False,0,
84280,,False,0,
84330,,False,0,
84339,,False,0,
84540,,False,0,
84546,,False,0,
84554,,False,0,
84556,,False,0,
84575,,False,0,
84581,,False,0,
84592,,False,0,
84619,,False,0,
84671,,False,0,
84680,,False,0,
84687,,False,0,
84725,,False,0,
84741,,False,0,
84764,,False,0,
84777,,False,0,
84802,,False,0,
84809,,False,0,
84827,,False,0,
84840,,False,0,
84844,,False,0,
84846,,False,0,
84848,,False,0,
84942,,False,0,
84957,,False,0,
84958,,False,0,
85065,,False,0,
85073,,False,0,
85074,,False,0,
85265,,False,0,
85611,,False,0,
85617,,False,0,
85619,,False,0,
85621,,False,0,
85695,,False,0,
85701,,False,0,
85853,,False,0,
86011,,False,0,
86073,,False,0,
86077,,False,0,
86085,,False,0,
86086,,False,0,
86087,,False,0,
86098,,False,0,
86111,,False,0,
86115,,False,0,
86239,,False,0,
86245,,False,0,
86248,,False,0,
86250,,False,0,
86261,,False,0,
86270,,False,0,
86282,,False,0,
86299,,False,0,
86316,,False,0,
86325,,False,0,
86372,,False,0,
86405,,False,0,
86421,,False,0,
86435,,False,0,
86444,,False,0,
86450,,False,0,
86465,,False,0,
86476,,False,0,
86488,,False,0,
86492,,False,0,
86494,,False,0,
86496,,False,0,
86625,,False,0,
86902,,False,0,
86941,,False,0,
86997,,False,0,
87007,,False,0,
87015,,False,0,
87099,,False,0,
87103,,False,0,
87127,,False,0,
87133,,False,0,
87135,,False,0,
87137,,False,0,
87302,,False,0,
87327,,False,0,
87331,,False,0,
87335,,False,0,
87479,,False,0,
87539,,False,0,
87588,,False,0,
87589,,False,0,
87590,,False,0,
87600,,False,0,
87613,,False,0,
87620,,False,0,
87675,,False,0,
87687,,False,0,
87747,,False,0,
87765,,False,0,
87771,,False,0,
87772,,False,0,
87774,,False,0,
87787,,False,0,
87839,,False,0,
87841,,False,0,
87907,,False,0,
87962,,False,0,
87963,,False,0,
87964,,False,0,
87982,,False,0,
88016,,False,0,
88023,,False,0,
88027,,False,0,
88028,,False,0,
88030,,False,0,
88062,,False,0,
88105,,False,0,
88111,,False,0,
88113,,False,0,
88117,,False,0,
88119,,False,0,
88139,,False,0,
88141,,False,0,
88246,,False,0,
88390,,False,0,
88394,,False,0,
88395,,False,0,
88397,,False,0,
88434,,False,0,
88632,,False,0,
88666,,False,0,
88670,,False,0,
88671,,False,0,
88673,,False,0,
88687,,False,0,
88693,,False,0,
88695,,False,0,
88812,,False,0,
88871,,False,0,
88942,,False,0,
88944,,False,0,
89204,,False,0,
89209,,False,0,
89219,,False,0,
89253,,False,0,
89424,,False,0,
89428,,False,0,
89435,,False,0,
89436,,False,0,
89442,,False,0,
89444,,False,0,
89446,,False,0,
89723,,False,0,
89727,,False,0,
89752,,False,0,
89772,,False,0,
89825,,False,0,
89846,,False,0,
89900,,False,0,
89917,,False,0,
89921,,False,0,
90000,,False,0,
90045,,False,0,
90096,,False,0,
90102,,False,0,
90104,,False,0,
90106,,False,0,
90108,,False,0,
90272,,False,0,
90290,,False,0,
90311,,False,0,
90338,,False,0,
90347,,False,0,
90359,,False,0,
90364,,False,0,
90390,,False,0,
90426,,False,0,
90506,,False,0,
90516,,False,0,
90517,,False,0,
90518,,False,0,
90530,,False,0,
90569,,False,0,
90658,,False,0,
90664,,False,0,
90665,,False,0,
90667,,False,0,
90677,,False,0,
90711,,False,0,
90713,,False,0,
90714,,False,0,
90715,,False,0,
90751,,False,0,
90769,,False,0,
90770,,False,0,
90771,,False,0,
90779,,False,0,
90780,,False,0,
90781,,False,0,
90791,,False,0,
90805,,False,0,
90838,,False,0,
90850,,False,0,
90857,,False,0,
90867,,False,0,
90868,,False,0,
90869,,False,0,
90887,,False,0,
90892,,False,0,
90899,,False,0,
90909,,False,0,
90910,,False,0,
90911,,False,0,
90917,,False,0,
90918,,False,0,
90919,,False,0,
90924,,False,0,
90925,,False,0,
90926,,False,0,
90929,,False,0,
90933,,False,0,
90939,,False,0,
90941,,False,0,
90948,,False,0,
90953,,False,0,
90960,,False,0,
90968,,False,0,
90975,,False,0,
90984,,False,0,
90991,,False,0,
90996,,False,0,
91003,,False,0,
91012,,False,0,
91019,,False,0,
91026,,False,0,
91035,,False,0,
91042,,False,0,
91047,,False,0,
91054,,False,0,
91061,,False,0,
91068,,False,0,
91075,,False,0,
91082,,False,0,
91089,,False,0,
91098,,False,0,
91105,,False,0,
91112,,False,0,
91119,,False,0,
91126,,False,0,
91133,,False,0,
91140,,False,0,
91145,,False,0,
91155,,False,0,
91160,,False,0,
91168,,False,0,
91174,,False,0,
91176,,False,0,
91198,,False,0,
91218,,False,0,
91237,,False,0,
91250,,False,0,
91268,,False,0,
91298,,False,0,
91315,,False,0,
91333,,False,0,
91355,,False,0,
91364,,False,0,
91374,,False,0,
91390,,False,0,
91399,,False,0,
91409,,False,0,
91431,,False,0,
91435,,False,0,
91437,,False,0,
91517,,False,0,
91524,,False,0,
91528,,False,0,
91529,,False,0,
91531,,False,0,
91588,,False,0,
91633,,False,0,
91751,,False,0,
91766,,False,0,
91772,,False,0,
91774,,False,0,
91850,,False,0,
91852,,False,0,
92206,,False,0,
92211,,False,0,
92212,,False,0,
92362,,False,0,
92368,,False,0,
92370,,False,0,
92387,,False,0,
92412,,False,0,
92453,,False,0,
92461,,False,0,
92469,,False,0,
92486,,False,0,
92507,,False,0,
92516,,False,0,
92524,,False,0,
92535,,False,0,
92547,,False,0,
92572,,False,0,
92584,,False,0,
92591,,False,0,
92601,,False,0,
92615,,False,0,
92619,,False,0,
92621,,False,0,
92623,,False,0,
93015,,False,0,
93019,,False,0,
93026,,False,0,
93194,,False,0,
93219,,False,0,
93225,,False,0,
93227,,False,0,
93229,,False,0,
93276,,False,0,
93459,,False,0,
93538,,False,0,
93541,,False,0,
93658,,False,0,
93674,,False,0,
93689,,False,0,
93692,,False,0,
93911,,False,0,
93917,,False,0,
93918,,False,0,
93920,,False,0,
93928,,False,0,
93961,,False,0,
93965,,False,0,
93969,,False,0,
93971,,False,0,
93973,,False,0,
93981,,False,0,
94105,,False,0,
94184,,False,0,
94279,,False,0,
94309,,False,0,
94328,,False,0,
94352,,False,0,
94358,,False,0,
94360,,False,0,
94361,,False,0,
94363,,False,0,
94377,,False,0,
94400,,False,0,
94433,,False,0,
94447,,False,0,
94451,,False,0,
94590,,False,0,
94591,,False,0,
94593,,False,0,
94633,,False,0,
94635,,False,0,
94660,,False,0,
94673,,False,0,
94679,,False,0,
94680,,False,0,
94682,,False,0,
94684,,False,0,
94749,,False,0,
94766,,False,0,
94770,,False,0,
94777,,False,0,
94789,,False,0,
94797,,False,0,
94831,,False,0,
94835,,False,0,
94843,,False,0,
94850,,False,0,
94851,,False,0,
94852,,False,0,
94853,,False,0,
94854,,False,0,
94870,,False,0,
94871,,False,0,
94872,,False,0,
94878,,False,0,
94882,,False,0,
94886,,False,0,
94935,,False,0,
94939,,False,0,
94944,,False,0,
94948,,False,0,
94949,,False,0,
94950,,False,0,
94957,,False,0,
94962,,False,0,
94963,,False,0,
94964,,False,0,
94974,,False,0,
95082,,False,0,
95092,,False,0,
95096,,False,0,
95208,,False,0,
95215,,False,0,
95221,,False,0,
95241,,False,0,
95246,,False,0,
95261,,False,0,
95265,,False,0,
95277,,False,0,
95281,,False,0,
95285,,False,0,
95306,,False,0,
95307,,False,0,
95308,,False,0,
95339,,False,0,
95345,,False,0,
95351,,False,0,
95355,,False,0,
95359,,False,0,
95363,,False,0,
95371,,False,0,
95379,,False,0,
95400,,False,0,
95459,,False,0,
95463,,False,0,
95471,,False,0,
95483,,False,0,
95488,,False,0,
95496,,False,0,
95500,,False,0,
95506,,False,0,
95520,,False,0,
95538,,False,0,
95541,,False,0,
95543,,False,0,
95651,,False,0,
95657,,False,0,
95658,,False,0,
95660,,False,0,
95662,,False,0,
95771,,False,0,
95791,,False,0,
95796,,False,0,
95840,,False,0,
95844,,False,0,
95853,,False,0,
95857,,False,0,
95861,,False,0,
95875,,False,0,
95876,,False,0,
95877,,False,0,
95881,,False,0,
95885,,False,0,
95889,,False,0,
95893,,False,0,
95898,,False,0,
95912,,False,0,
95916,,False,0,
95917,,False,0,
95918,,False,0,
95928,,False,0,
95932,,False,0,
95941,,False,0,
95995,,False,0,
96014,,False,0,
96015,,False,0,
96016,,False,0,
96029,,False,0,
96040,,False,0,
96046,,False,0,
96053,,False,0,
96057,,False,0,
96063,,False,0,
96072,,False,0,
96078,,False,0,
96082,,False,0,
96086,,False,0,
96099,,False,0,
96107,,False,0,
96120,,False,0,
96124,,False,0,
96142,,False,0,
96146,,False,0,
96147,,False,0,
96148,,False,0,
96152,,False,0,
96158,,False,0,
96169,,False,0,
96188,,False,0,
96194,,False,0,
96201,,False,0,
96205,,False,0,
96212,,False,0,
96227,,False,0,
96234,,False,0,
96242,,False,0,
96246,,False,0,
96250,,False,0,
96264,,False,0,
96268,,False,0,
96299,,False,0,
96303,,False,0,
96307,,False,0,
96311,,False,0,
96322,,False,0,
96326,,False,0,
96331,,False,0,
96332,,False,0,
96333,,False,0,
96407,,False,0,
96408,,False,0,
96409,,False,0,
96410,,False,0,
96411,,False,0,
96443,,False,0,
96444,,False,0,
96445,,False,0,
96449,,False,0,
96453,,False,0,
96454,,False,0,
96455,,False,0,
96459,,False,0,
96463,,False,0,
96464,,False,0,
96465,,False,0,
96470,,False,0,
96471,,False,0,
96472,,False,0,
96473,,False,0,
96474,,False,0,
96478,,False,0,
96483,,False,0,
96502,,False,0,
96506,,False,0,
96586,,False,0,
96590,,False,0,
96594,,False,0,
96598,,False,0,
96616,,False,0,
96621,,False,0,
96625,,False,0,
96629,,False,0,
96633,,False,0,
96678,,False,0,
96687,,False,0,
96691,,False,0,
96692,,False,0,
96694,,False,0,
96696,,False,0,
96702,,False,0,
96717,,False,0,
96738,,False,0,
96742,,False,0,
96746,,False,0,
96763,,False,0,
96764,,False,0,
96765,,False,0,
96770,,False,0,
96774,,False,0,
96790,,False,0,
96795,,False,0,
96800,,False,0,
96841,,False,0,
96842,,False,0,
96843,,False,0,
96848,,False,0,
96853,,False,0,
96864,,False,0,
96869,,False,0,
96874,,False,0,
96880,,False,0,
96885,,False,0,
96889,,False,0,
96897,,False,0,
96924,,False,0,
96988,,False,0,
96989,,False,0,
96990,,False,0,
96994,,False,0,
96995,,False,0,
96996,,False,0,
97001,,False,0,
97006,,False,0,
97014,,False,0,
97018,,False,0,
97024,,False,0,
97026,,False,0,
97027,,False,0,
97029,,False,0,
97030,,False,0,
97031,,False,0,
97032,,False,0,
97033,,False,0,
97034,,False,0,
97035,,False,0,
97036,,False,0,
97037,,False,0,
97038,,False,0,
97039,,False,0,
97040,,False,0,
97042,,False,0,
97051,,False,0,
97123,,False,0,
97125,,False,0,
97135,,False,0,
97139,,False,0,
97140,,False,0,
97142,,False,0,
97160,,False,0,
97161,,False,0,
97226,,False,0,
97228,,False,0,
97249,,False,0,
97255,,False,0,
97256,,False,0,
97258,,False,0,
97265,,False,0,
97285,,False,0,
97291,,False,0,
97293,,False,0,
97343,,False,0,
97345,,False,0,
97346,,False,0,
97375,,False,0,
97382,,False,0,
97383,,False,0,
97385,,False,0,
97392,,False,0,
97413,,False,0,
97417,,False,0,
97418,,False,0,
97420,,False,0,
97429,,False,0,
97456,,False,0,
97458,,False,0,
97459,,False,0,
97460,,False,0,
97464,,False,0,
97470,,False,0,
97472,,False,0,
97482,,False,0,
97489,,False,0,
97496,,False,0,
97503,,False,0,
97510,,False,0,
97517,,False,0,
97527,,False,0,
97535,,False,0,
97542,,False,0,
97549,,False,0,
97558,,False,0,
97565,,False,0,
97572,,False,0,
97579,,False,0,
97586,,False,0,
97593,,False,0,
97600,,False,0,
97607,,False,0,
97614,,False,0,
97619,,False,0,
97626,,False,0,
97633,,False,0,
97640,,False,0,
97647,,False,0,
97654,,False,0,
97661,,False,0,
97668,,False,0,
97672,,False,0,
97679,,False,0,
97687,,False,0,
97694,,False,0,
97699,,False,0,
97710,,False,0,
97716,,False,0,
97719,,False,0,
97721,,False,0,
97728,,False,0,
97759,,False,0,
97769,,False,0,
97783,,False,0,
97815,,False,0,
97838,,False,0,
97861,,False,0,
97902,,False,0,
97910,,False,0,
97920,,False,0,
97935,,False,0,
97944,,False,0,
97951,,False,0,
97966,,False,0,
97974,,False,0,
97978,,False,0,
98009,,False,0,
98010,,False,0,
98012,,False,0,
98055,,False,0,
98062,,False,0,
98066,,False,0,
98068,,False,0,
98069,,False,0,
98071,,False,0,
98086,,False,0,
98133,,False,0,
98138,,False,0,
98142,,False,0,
98143,,False,0,
98145,,False,0,
98151,,False,0,
98167,,False,0,
98183,,False,0,
98240,,False,0,
98247,,False,0,
98248,,False,0,
98250,,False,0,
98282,,False,0,
98284,,False,0,
98285,,False,0,
98286,,False,0,
98293,,False,0,
98301,,False,0,
98304,,False,0,
98306,,False,0,
98307,,False,0,
98308,,False,0,
98420,,False,0,
98438,,False,0,
98484,,False,0,
98489,,False,0,
98669,,False,0,
98673,,False,0,
98694,,False,0,
98698,,False,0,
98699,,False,0,
98702,,False,0,
98706,,False,0,
98707,,False,0,
98708,,False,0,
98724,,False,0,
98734,,False,0,
98751,,False,0,
98756,,False,0,
98762,,False,0,
98834,,False,0,
98850,,False,0,
98856,,False,0,
98863,,False,0,
98864,,False,0,
98865,,False,0,
98866,,False,0,
98867,,False,0,
98878,,False,0,
98879,,False,0,
98880,,False,0,
98884,,False,0,
98888,,False,0,
98904,,False,0,
98908,,False,0,
98913,,False,0,
98990,,False,0,
98991,,False,0,
98992,,False,0,
98996,,False,0,
99001,,False,0,
99009,,False,0,
99010,,False,0,
99011,,False,0,
99016,,False,0,
99026,,False,0,
99030,,False,0,
99042,,False,0,
99052,,False,0,
99056,,False,0,
99057,,False,0,
99058,,False,0,
99063,,False,0,
99074,,False,0,
99078,,False,0,
99079,,False,0,
99080,,False,0,
99081,,False,0,
99082,,False,0,
99097,,False,0,
99102,,False,0,
99129,,False,0,
99141,,False,0,
99147,,False,0,
99149,,False,0,
99180,,False,0,
99189,,False,0,
99202,,False,0,
99213,,False,0,
99229,,False,0,
99243,,False,0,
99261,,False,0,
99292,,False,0,
99310,,False,0,
99319,,False,0,
99326,,False,0,
99333,,False,0,
99355,,False,0,
99362,,False,0,
99382,,False,0,
99386,,False,0,
99387,,False,0,
99389,,False,0,
99417,,False,0,
99475,,False,0,
99477,,False,0,
99498,,False,0,
99515,,False,0,
99537,,False,0,
99568,,False,0,
99663,,False,0,
99722,,False,0,
99728,,False,0,
99730,,False,0,
99732,,False,0,
99739,,False,0,
99902,,False,0,
99937,,False,0,
99951,,False,0,
100054,,False,0,
100069,,False,0,
100084,,False,0,
100093,,False,0,
100103,,False,0,
100108,,False,0,
100145,,False,0,
100146,,False,0,
100147,,False,0,
100153,,False,0,
100178,,False,0,
100186,,False,0,
100211,,False,0,
100225,,False,0,
100232,,False,0,
100282,,False,0,
100292,,False,0,
100296,,False,0,
100331,,False,0,
100341,,False,0,
100345,,False,0,
100365,,False,0,
100393,,False,0,
100437,,False,0,
100462,,False,0,
100500,,False,0,
100535,,False,0,
100553,,False,0,
100557,,False,0,
100563,,False,0,
100564,,False,0,
100566,,False,0,
100587,,False,0,
100624,,False,0,
100653,,False,0,
100798,,False,0,
100800,,False,0,
100806,,False,0,
100807,,False,0,
100809,,False,0,
100834,,False,0,
100906,,False,0,
100934,,False,0,
101002,,False,0,
101006,,False,0,
101009,,False,0,
101010,,False,0,
101012,,False,0,
101019,,False,0,
101079,,False,0,
101081,,False,0,
101086,,False,0,
101092,,False,0,
101093,,False,0,
101095,,False,0,
101105,,False,0,
101153,,False,0,
101174,,False,0,
101181,,False,0,
101183,,False,0,
101213,,False,0,
101233,,False,0,
101256,,False,0,
101269,,False,0,
101296,,False,0,
101310,,False,0,
101337,,False,0,
101344,,False,0,
101365,,False,0,
101377,,False,0,
101395,,False,0,
101405,,False,0,
101416,,False,0,
101424,,False,0,
101434,,False,0,
101437,,False,0,
101441,,False,0,
101443,,False,0,
101533,,False,0,
101538,,False,0,
101587,,False,0,
101591,,False,0,
101657,,False,0,
101662,,False,0,
101719,,False,0,
101725,,False,0,
101880,,False,0,
101885,,False,0,
101894,,False,0,
101994,,False,0,
102000,,False,0,
102002,,False,0,
102037,,False,0,
102061,,False,0,
102095,,False,0,
102103,,False,0,
102118,,False,0,
102141,,False,0,
102185,,False,0,
102209,,False,0,
102221,,False,0,
102232,,False,0,
102243,,False,0,
102262,,False,0,
102273,,False,0,
102279,,False,0,
102300,,False,0,
102323,,False,0,
102327,,False,0,
102426,,False,0,
102432,,False,0,
102622,,False,0,
102739,,False,0,
102745,,False,0,
102746,,False,0,
102748,,False,0,
102817,,False,0,
103121,,False,0,
103131,,False,0,
103214,,False,0,
103215,,False,0,
103240,,False,0,
103261,,False,0,
103267,,False,0,
103269,,False,0,
103322,,False,0,
103389,,False,0,
103393,,False,0,
103394,,False,0,
103396,,False,0,
103407,,False,0,
103452,,False,0,
103456,,False,0,
103481,,False,0,
103486,,False,0,
103487,,False,0,
103488,,False,0,
103492,,False,0,
103496,,False,0,
103500,,False,0,
103504,,False,0,
103508,,False,0,
103512,,False,0,
103516,,False,0,
103520,,False,0,
103521,,False,0,
103523,,False,0,
103531,,False,0,
103581,,False,0,
103587,,False,0,
103589,,False,0,
103591,,False,0,
103597,,False,0,
103662,,False,0,
103782,,False,0,
103788,,False,0,
103800,,False,0,
103806,,False,0,
103895,,False,0,
103920,,False,0,
103945,,False,0,
103952,,False,0,
103958,,False,0,
103974,,False,0,
103975,,False,0,
103977,,False,0,
104156,,False,0,
104164,,False,0,
104170,,False,0,
104172,,False,0,
104174,,False,0,
104179,,False,0,
104185,,False,0,
104194,,False,0,
104202,,False,0,
104209,,False,0,
104216,,False,0,
104221,,False,0,
104229,,False,0,
104235,,False,0,
104240,,False,0,
104244,,False,0,
104251,,False,0,
104256,,False,0,
104265,,False,0,
104272,,False,0,
104279,,False,0,
104286,,False,0,
104293,,False,0,
104300,,False,0,
104305,,False,0,
104312,,False,0,
104319,,False,0,
104324,,False,0,
104329,,False,0,
104334,,False,0,
104341,,False,0,
104346,,False,0,
104353,,False,0,
104361,,False,0,
104368,,False,0,
104376,,False,0,
104382,,False,0,
104384,,False,0,
104401,,False,0,
104420,,False,0,
104444,,False,0,
104490,,False,0,
104517,,False,0,
104540,,False,0,
104558,,False,0,
104573,,False,0,
104580,,False,0,
104592,,False,0,
104605,,False,0,
104612,,False,0,
104628,,False,0,
104639,,False,0,
104647,,False,0,
104651,,False,0,
104652,,False,0,
104654,,False,0,
104692,,False,0,
104762,,False,0,
104842,,False,0,
104844,,False,0,
105190,,False,0,
105196,,False,0,
105198,,False,0,
105200,,False,0,
105212,,False,0,
105742,,False,0,
105924,,False,0,
105930,,False,0,
105932,,False,0,
105938,,False,0,
105954,,False,0,
105966,,False,0,
105983,,False,0,
105999,,False,0,
106018,,False,0,
106029,,False,0,
106047,,False,0,
106058,,False,0,
106067,,False,0,
106076,,False,0,
106098,,False,0,
106116,,False,0,
106133,,False,0,
106155,,False,0,
106159,,False,0,
106161,,False,0,
106163,,False,0,
106211,,False,0,
106240,,False,0,
106504,,False,0,
106520,,False,0,
106521,,False,0,
106522,,False,0,
106572,,False,0,
106655,,False,0,
106660,,False,0,
106665,,False,0,
106670,,False,0,
106692,,False,0,
106697,,False,0,
106698,,False,0,
106699,,False,0,
106712,,False,0,
106773,,False,0,
106819,,False,0,
106869,,False,0,
106918,,False,0,
106925,,False,0,
106927,,False,0,
106929,,False,0,
106957,,False,0,
106967,,False,0,
107068,,False,0,
107074,,False,0,
107152,,False,0,
107208,,False,0,
107212,,False,0,
107217,,False,0,
107245,,False,0,
107251,,False,0,
107258,,False,0,
107280,,False,0,
107286,,False,0,
107359,,False,0,
107373,,False,0,
107387,,False,0,
107396,,False,0,
107531,,False,0,
107538,,False,0,
107592,,False,0,
107596,,False,0,
107623,,False,0,
107635,,False,0,
107647,,False,0,
107675,,False,0,
107681,,False,0,
107683,,False,0,
107685,,False,0,
107730,,False,0,
107820,,False,0,
107857,,False,0,
107906,,False,0,
107957,,False,0,
107982,,False,0,
107990,,False,0,
108008,,False,0,
108009,,False,0,
108010,,False,0,
108078,,False,0,
108116,,False,0,
108144,,False,0,
108180,,False,0,
108199,,False,0,
108200,,False,0,
108201,,False,0,
108223,,False,0,
108320,,False,0,
108387,,False,0,
108388,,False,0,
108389,,False,0,
108460,,False,0,
108499,,False,0,
108547,,False,0,
108553,,False,0,
108555,,False,0,
108557,,False,0,
108566,,False,0,
108568,,False,0,
108677,,False,0,
108713,,False,0,
108797,,False,0,
108805,,False,0,
108866,,False,0,
108889,,False,0,
108935,,False,0,
108955,,False,0,
109076,,False,0,
109088,,False,0,
109177,,False,0,
109206,,False,0,
109217,,False,0,
109225,,False,0,
109248,,False,0,
109286,,False,0,
109321,,False,0,
109329,,False,0,
109334,,False,0,
109335,,False,0,
109336,,False,0,
109337,,False,0,
109338,,False,0,
109533,,False,0,
109539,,False,0,
109541,,False,0,
109548,,False,0,
109555,,False,0,
109562,,False,0,
109569,,False,0,
109576,,False,0,
109583,,False,0,
109590,,False,0,
109597,,False,0,
109604,,False,0,
109611,,False,0,
109615,,False,0,
109622,,False,0,
109629,,False,0,
109636,,False,0,
109643,,False,0,
109650,,False,0,
109657,,False,0,
109664,,False,0,
109672,,False,0,
109681,,False,0,
109688,,False,0,
109693,,False,0,
109700,,False,0,
109707,,False,0,
109714,,False,0,
109721,,False,0,
109728,,False,0,
109735,,False,0,
109742,,False,0,
109749,,False,0,
109757,,False,0,
109763,,False,0,
109765,,False,0,
109777,,False,0,
109796,,False,0,
109838,,False,0,
109862,,False,0,
109890,,False,0,
109920,,False,0,
109958,,False,0,
109975,,False,0,
109988,,False,0,
110018,,False,0,
110039,,False,0,
110048,,False,0,
110060,,False,0,
110068,,False,0,
110082,,False,0,
110083,,False,0,
110085,,False,0,
110170,,False,0,
110177,,False,0,
110183,,False,0,
110185,,False,0,
110186,,False,0,
110188,,False,0,
110225,,False,0,
110551,,False,0,
110553,,False,0,
110988,,False,0,
111278,,False,0,
111290,,False,0,
111384,,False,0,
111385,,False,0,
111386,,False,0,
111445,,False,0,
111460,,False,0,
111476,,False,0,
111480,,False,0,
111486,,False,0,
111488,,False,0,
111500,,False,0,
111507,,False,0,
111525,,False,0,
111532,,False,0,
111574,,False,0,
111593,,False,0,
111613,,False,0,
111630,,False,0,
111648,,False,0,
111675,,False,0,
111690,,False,0,
111719,,False,0,
111732,,False,0,
111742,,False,0,
111751,,False,0,
111761,,False,0,
111765,,False,0,
111766,,False,0,
111768,,False,0,
111772,,False,0,
111820,,False,0,
111859,,False,0,
111861,,False,0,
111937,,False,0,
111942,,False,0,
111943,,False,0,
111945,,False,0,
111963,,False,0,
111979,,False,0,
111995,,False,0,
111999,,False,0,
112000,,False,0,
112001,,False,0,
112028,,False,0,
112034,,False,0,
112036,,False,0,
112073,,False,0,
112075,,False,0,
112076,,False,0,
112077,,False,0,
112078,,False,0,
112079,,False,0,
112088,,False,0,
112089,,False,0,
112090,,False,0,
112127,,False,0,
112143,,False,0,
112151,,False,0,
112169,,False,0,
112183,,False,0,
112204,,False,0,
112205,,False,0,
112206,,False,0,
112222,,False,0,
112223,,False,0,
112224,,False,0,
112233,,False,0,
112242,,False,0,
112254,,False,0,
112291,,False,0,
112346,,False,0,
112504,,False,0,
112505,,False,0,
112506,,False,0,
112553,,False,0,
112554,,False,0,
112555,,False,0,
112565,,False,0,
112569,,False,0,
112576,,False,0,
112588,,False,0,
112593,,False,0,
112594,,False,0,
112595,,False,0,
112599,,False,0,
112605,,False,0,
112606,,False,0,
112608,,False,0,
112617,,False,0,
112783,,False,0,
112786,,False,0,
112835,,False,0,
112944,,False,0,
112948,,False,0,
112949,,False,0,
112951,,False,0,
113021,,False,0,
113027,,False,0,
113029,,False,0,
113031,,False,0,
113134,,False,0,
113182,,False,0,
113189,,False,0,
113193,,False,0,
113194,,False,0,
113196,,False,0,
113219,,False,0,
113353,,False,0,
113440,,False,0,
113444,,False,0,
113445,,False,0,
113447,,False,0,
113483,,False,0,
113534,,False,0,
113540,,False,0,
113542,,False,0,
113639,,False,0,
113665,,False,0,
113666,,False,0,
113698,,False,0,
113702,,False,0,
113703,,False,0,
113705,,False,0,
113713,,False,0,
113785,,False,0,
113843,,False,0,
113857,,False,0,
113863,,False,0,
113866,,False,0,
113869,,False,0,
113871,,False,0,
113909,,False,0,
113924,,False,0,
113931,,False,0,
113966,,False,0,
113981,,False,0,
114007,,False,0,
114015,,False,0,
114041,,False,0,
114073,,False,0,
114094,,False,0,
114101,,False,0,
114121,,False,0,
114135,,False,0,
114144,,False,0,
114181,,False,0,
114185,,False,0,
114187,,False,0,
114188,,False,0,
114190,,False,0,
114212,,False,0,
114264,,False,0,
114292,,False,0,
114298,,False,0,
114302,,False,0,
114303,,False,0,
114305,,False,0,
114326,,False,0,
114398,,False,0,
114404,,False,0,
114406,,False,0,
114416,,False,0,
114418,,False,0,
114555,,False,0,
114577,,False,0,
114582,,False,0,
114637,,False,0,
114641,,False,0,
114651,,False,0,
114664,,False,0,
114673,,False,0,
114755,,False,0,
114768,,False,0,
114794,,False,0,
114843,,False,0,
114849,,False,0,
114851,,False,0,
114887,,False,0,
114895,,False,0,
114932,,False,0,
114965,,False,0,
114997,,False,0,
115029,,False,0,
115059,,False,0,
115079,,False,0,
115094,,False,0,
115132,,False,0,
115152,,False,0,
115179,,False,0,
115199,,False,0,
115210,,False,0,
115219,,False,0,
115223,,False,0,
115236,,False,0,
115261,,False,0,
115265,,False,0,
115266,,False,0,
115268,,False,0,
115279,,False,0,
115331,,False,0,
115338,,False,0,
115342,,False,0,
115346,,False,0,
115348,,False,0,
115350,,False,0,
115367,,False,0,
115416,,False,0,
115441,,False,0,
115446,,False,0,
115470,,False,0,
115478,,False,0,
115500,,False,0,
115509,,False,0,
115527,,False,0,
115536,,False,0,
115597,,False,0,
115603,,False,0,
115605,,False,0,
115607,,False,0,
115634,,False,0,
115650,,False,0,
115729,,False,0,
115746,,False,0,
115809,,False,0,
115829,,False,0,
115868,,False,0,
115888,,False,0,
115920,,False,0,
115932,,False,0,
115937,,False,0,
115969,,False,0,
115970,,False,0,
115971,,False,0,
115994,,False,0,
116009,,False,0,
116015,,False,0,
116022,,False,0,
116023,,False,0,
116024,,False,0,
116030,,False,0,
116031,,False,0,
116032,,False,0,
116038,,False,0,
116039,,False,0,
116040,,False,0,
116041,,False,0,
116042,,False,0,
116060,,False,0,
116066,,False,0,
116067,,False,0,
116069,,False,0,
116091,,False,0,
116131,,False,0,
116133,,False,0,
116134,,False,0,
116135,,False,0,
116204,,False,0,
116211,,False,0,
116216,,False,0,
116228,,False,0,
116249,,False,0,
116254,,False,0,
116258,,False,0,
116264,,False,0,
116266,,False,0,
116291,,False,0,
116308,,False,0,
116344,,False,0,
116360,,False,0,
116372,,False,0,
116391,,False,0,
116405,,False,0,
116421,,False,0,
116433,,False,0,
116458,,False,0,
116484,,False,0,
116510,,False,0,
116541,,False,0,
116566,,False,0,
116576,,False,0,
116580,,False,0,
116581,,False,0,
116583,,False,0,
116612,,False,0,
116618,,False,0,
116622,,False,0,
116624,,False,0,
116625,,False,0,
116627,,False,0,
116672,,False,0,
116751,,False,0,
116876,,False,0,
117020,,False,0,
117026,,False,0,
117028,,False,0,
117037,,False,0,
117039,,False,0,
117431,,False,0,
117439,,False,0,
117440,,False,0,
117456,,False,0,
117479,,False,0,
117712,,False,0,
117718,,False,0,
117720,,False,0,
117754,,False,0,
117773,,False,0,
117801,,False,0,
117810,,False,0,
117821,,False,0,
117856,,False,0,
117869,,False,0,
117890,,False,0,
117912,,False,0,
117939,,False,0,
117988,,False,0,
118019,,False,0,
118028,,False,0,
118050,,False,0,
118061,,False,0,
118090,,False,0,
118094,,False,0,
118096,,False,0,
118098,,False,0,
118172,,False,0,
118304,,False,0,
118413,,False,0,
118414,,False,0,
118415,,False,0,
118483,,False,0,
118503,,False,0,
118514,,False,0,
118524,,False,0,
118573,,False,0,
118635,,False,0,
118682,,False,0,
118688,,False,0,
118689,,False,0,
118691,,False,0,
118694,,False,0,
118695,,False,0,
118697,,False,0,
118713,,False,0,
118781,,False,0,
118783,,False,0,
118788,,False,0,
118791,,False,0,
118795,,False,0,
118796,,False,0,
118798,,False,0,
118805,,False,0,
118934,,False,0,
118994,,False,0,
119002,,False,0,
119008,,False,0,
119009,,False,0,
119011,,False,0,
119024,,False,0,
119059,,False,0,
119061,,False,0,
119067,,False,0,
119068,,False,0,
119070,,False,0,
119078,,False,0,
119099,,False,0,
119102,,False,0,
119103,,False,0,
119105,,False,0,
119124,,False,0,
119154,,False,0,
119255,,False,0,
119257,,False,0,
119486,,False,0,
119492,,False,0,
119493,,False,0,
119495,,False,0,
119497,,False,0,
119608,,False,0,
119655,,False,0,
119789,,False,0,
119817,,False,0,
119820,,False,0,
119824,,False,0,
119825,,False,0,
119827,,False,0,
119836,,False,0,
119865,,False,0,
119867,,False,0,
119868,,False,0,
119869,,False,0,
119871,,False,0,
119885,,False,0,
119886,,False,0,
119887,,False,0,
119888,,False,0,
119889,,False,0,
119900,,False,0,
119901,,False,0,
119902,,False,0,
119903,,False,0,
119904,,False,0,
119905,,False,0,
119906,,False,0,
119909,,False,0,
119915,,False,0,
119917,,False,0,
119922,,False,0,
119929,,False,0,
119934,,False,0,
119941,,False,0,
119948,,False,0,
119953,,False,0,
119960,,False,0,
119967,,False,0,
119974,,False,0,
119981,,False,0,
119988,,False,0,
119993,,False,0,
119998,,False,0,
120005,,False,0,
120020,,False,0,
120024,,False,0,
120029,,False,0,
120042,,False,0,
120049,,False,0,
120056,,False,0,
120063,,False,0,
120072,,False,0,
120080,,False,0,
120088,,False,0,
120095,,False,0,
120103,,False,0,
120111,,False,0,
120118,,False,0,
120123,,False,0,
120130,,False,0,
120140,,False,0,
120148,,False,0,
120153,,False,0,
120160,,False,0,
120170,,False,0,
120176,,False,0,
120178,,False,0,
120203,,False,0,
120214,,False,0,
120240,,False,0,
120256,,False,0,
120270,,False,0,
120281,,False,0,
120314,,False,0,
120323,,False,0,
120362,,False,0,
120379,,False,0,
120388,,False,0,
120420,,False,0,
120436,,False,0,
120446,,False,0,
120461,,False,0,
120465,,False,0,
120466,,False,0,
120468,,False,0,
120555,,False,0,
120562,,False,0,
120566,,False,0,
120671,,False,0,
120677,,False,0,
120841,,False,0,
120847,,False,0,
120849,,False,0,
120873,,False,0,
120884,,False,0,
120922,,False,0,
120948,,False,0,
120981,,False,0,
121017,,False,0,
121035,,False,0,
121056,,False,0,
121067,,False,0,
121078,,False,0,
121091,,False,0,
121106,,False,0,
121117,,False,0,
121128,,False,0,
121138,,False,0,
121142,,False,0,
121276,,False,0,
121398,,False,0,
121404,,False,0,
121529,,False,0,
121535,,False,0,
121537,,False,0,
121544,,False,0,
121554,,False,0,
121561,,False,0,
121568,,False,0,
121577,,False,0,
121586,,False,0,
121593,,False,0,
121602,,False,0,
121609,,False,0,
121614,,False,0,
121626,,False,0,
121671,,False,0,
121694,,False,0,
121701,,False,0,
121709,,False,0,
121716,,False,0,
121723,,False,0,
121730,,False,0,
121737,,False,0,
121743,,False,0,
121750,,False,0,
121757,,False,0,
121766,,False,0,
121773,,False,0,
121783,,False,0,
121790,,False,0,
121797,,False,0,
121802,,False,0,
121807,,False,0,
121815,,False,0,
121822,,False,0,
121829,,False,0,
121835,,False,0,
121841,,False,0,
121991,,False,0,
121995,,False,0,
122143,,False,0,
122149,,False,0,
122154,,False,0,
122180,,False,0,
122189,,False,0,
122198,,False,0,
122212,,False,0,
122233,,False,0,
122243,,False,0,
122276,,False,0,
122302,,False,0,
122316,,False,0,
122336,,False,0,
122353,,False,0,
122362,,False,0,
122386,,False,0,
122417,,False,0,
122427,,False,0,
122431,,False,0,
122433,,False,0,
122434,,False,0,
122436,,False,0,
122456,,False,0,
122537,,False,0,
122541,,False,0,
122543,,False,0,
122574,,False,0,
122577,,False,0,
122604,,False,0,
122645,,False,0,
122652,,False,0,
122656,,False,0,
122657,,False,0,
122659,,False,0,
122681,,False,0,
122695,,False,0,
122701,,False,0,
122703,,False,0,
122790,,False,0,
122792,,False,0,
122810,,False,0,
122910,,False,0,
122916,,False,0,
122917,,False,0,
122919,,False,0,
122931,,False,0,
122972,,False,0,
122974,,False,0,
122975,,False,0,
122983,,False,0,
122989,,False,0,
122992,,False,0,
122994,,False,0,
123009,,False,0,
123022,,False,0,
123044,,False,0,
123074,,False,0,
123086,,False,0,
123119,,False,0,
123140,,False,0,
123174,,False,0,
123199,,False,0,
123206,,False,0,
123213,,False,0,
123250,,False,0,
123267,,False,0,
123277,,False,0,
123285,,False,0,
123298,,False,0,
123302,,False,0,
123303,,False,0,
123305,,False,0,
123315,,False,0,
123501,,False,0,
123503,,False,0,
123504,,False,0,
123509,,False,0,
123516,,False,0,
123517,,False,0,
123521,,False,0,
123530,,False,0,
123594,,False,0,
123596,,False,0,
123597,,False,0,
123603,,False,0,
123604,,False,0,
123606,,False,0,
123625,,False,0,
123699,,False,0,
123701,,False,0,
123704,,False,0,
123712,,False,0,
123719,,False,0,
123725,,False,0,
123726,,False,0,
123728,,False,0,
123766,,False,0,
123892,,False,0,
123929,,False,0,
123936,,False,0,
123940,,False,0,
124002,,False,0,
124082,,False,0,
124090,,False,0,
124091,,False,0,
124093,,False,0,
124115,,False,0,
124128,,False,0,
124134,,False,0,
124136,,False,0,
124163,,False,0,
124192,,False,0,
124236,,False,0,
124237,,False,0,
124239,,False,0,
124248,,False,0,
124340,,False,0,
124393,,False,0,
124397,,False,0,
124398,,False,0,
124400,,False,0,
124428,,False,0,
124496,,False,0,
124502,,False,0,
124504,,False,0,
124546,,False,0,
124611,,False,0,
124612,,False,0,
124614,,False,0,
124637,,False,0,
124701,,False,0,
124748,,False,0,
124756,,False,0,
124758,,False,0,
124770,,False,0,
124779,,False,0,
124790,,False,0,
124809,,False,0,
124857,,False,0,
124866,,False,0,
124886,,False,0,
124899,,False,0,
124910,,False,0,
124922,,False,0,
124940,,False,0,
124947,,False,0,
124958,,False,0,
124973,,False,0,
124981,,False,0,
124985,,False,0,
124986,,False,0,
124988,,False,0,
124998,,False,0,
125032,,False,0,
125034,,False,0,
125050,,False,0,
125061,,False,0,
125067,,False,0,
125071,,False,0,
125075,,False,0,
125079,,False,0,
125085,,False,0,
125089,,False,0,
125093,,False,0,
125112,,False,0,
125118,,False,0,
125120,,False,0,
125126,,False,0,
125128,,False,0,
125165,,False,0,
125182,,False,0,
125216,,False,0,
125243,,False,0,
125252,,False,0,
125253,,False,0,
125254,,False,0,
125295,,False,0,
125316,,False,0,
125343,,False,0,
125383,,False,0,
125445,,False,0,
125453,,False,0,
125469,,False,0,
125480,,False,0,
125493,,False,0,
125514,,False,0,
125518,,False,0,
125519,,False,0,
125521,,False,0,
125533,,False,0,
125564,,False,0,
125616,,False,0,
125620,,False,0,
125629,,False,0,
125631,,False,0,
125641,,False,0,
125650,,False,0,
125682,,False,0,
125691,,False,0,
125728,,False,0,
125745,,False,0,
125760,,False,0,
125789,,False,0,
125872,,False,0,
125881,,False,0,
125900,,False,0,
125909,,False,0,
125929,,False,0,
125949,,False,0,
125967,,False,0,
125968,,False,0,
125970,,False,0,
126015,,False,0,
126025,,False,0,
126029,,False,0,
126030,,False,0,
126032,,False,0,
126093,,False,0,
126347,,False,0,
126412,,False,0,
126418,,False,0,
126420,,False,0,
126602,,False,0,
126604,,False,0,
126630,,False,0,
126909,,False,0,
126915,,False,0,
126917,,False,0,
126935,,False,0,
126954,,False,0,
126969,,False,0,
126976,,False,0,
126987,,False,0,
126997,,False,0,
127033,,False,0,
127045,,False,0,
127091,,False,0,
127100,,False,0,
127107,,False,0,
127116,,False,0,
127125,,False,0,
127135,,False,0,
127143,,False,0,
127151,,False,0,
127155,,False,0,
127157,,False,0,
127159,,False,0,
127173,,False,0,
127220,,False,0,
127358,,False,0,
127371,,False,0,
127376,,False,0,
127737,,False,0,
127743,,False,0,
127745,,False,0,
127747,,False,0,
127975,,False,0,
127980,,False,0,
127981,,False,0,
127982,,False,0,
128155,,False,0,
128184,,False,0,
128412,,False,0,
128418,,False,0,
128419,,False,0,
128421,,False,0,
128427,,False,0,
128446,,False,0,
128450,,False,0,
128454,,False,0,
128456,,False,0,
128458,,False,0,
128684,,False,0,
128688,,False,0,
128911,,False,0,
128923,,False,0,
128929,,False,0,
128931,,False,0,
128933,,False,0,
129111,,False,0,
129200,,False,0,
129245,,False,0,
129261,,False,0,
129307,,False,0,
129345,,False,0,
129346,,False,0,
129347,,False,0,
129362,,False,0,
129407,,False,0,
129428,,False,0,
129429,,False,0,
129430,,False,0,
129452,,False,0,
129458,,False,0,
129507,,False,0,
129545,,False,0,
129568,,False,0,
129572,,False,0,
129576,,False,0,
129580,,False,0,
129590,,False,0,
129598,,False,0,
129665,,False,0,
129687,,False,0,
129688,,False,0,
129689,,False,0,
129695,,False,0,
129712,,False,0,
129716,,False,0,
129717,,False,0,
129718,,False,0,
129728,,False,0,
129776,,False,0,
129799,,False,0,
129809,,False,0,
129867,,False,0,
129873,,False,0,
129875,,False,0,
129877,,False,0,
129977,,False,0,
129978,,False,0,
130169,,False,0,
130183,,False,0,
130239,,False,0,
130241,,False,0,
130262,,False,0,
130277,,False,0,
130287,,False,0,
130415,,False,0,
130424,,False,0,
130428,,False,0,
130432,,False,0,
130449,,False,0,
130454,,False,0,
130514,,False,0,
130567,,False,0,
130579,,False,0,
130591,,False,0,
130595,,False,0,
130596,,False,0,
130597,,False,0,
130607,,False,0,
130611,,False,0,
130628,,False,0,
130659,,False,0,
130671,,False,0,
130705,,False,0,
130711,,False,0,
130716,,False,0,
130723,,False,0,
130732,,False,0,
130733,,False,0,
130734,,False,0,
130735,,False,0,
130736,,False,0,
130743,,False,0,
130751,,False,0,
130755,,False,0,
130756,,False,0,
130757,,False,0,
130764,,False,0,
130783,,False,0,
130789,,False,0,
130791,,False,0,
130793,,False,0,
130798,,False,0,
130805,,False,0,
130812,,False,0,
130819,,False,0,
130826,,False,0,
130833,,False,0,
130840,,False,0,
130847,,False,0,
130854,,False,0,
130861,,False,0,
130868,,False,0,
130875,,False,0,
130882,,False,0,
130894,,False,0,
130901,,False,0,
130908,,False,0,
130915,,False,0,
130929,,False,0,
130936,,False,0,
130943,,False,0,
130951,,False,0,
130956,,False,0,
130963,,False,0,
130970,,False,0,
130975,,False,0,
130984,,False,0,
130993,,False,0,
131001,,False,0,
131008,,False,0,
131016,,False,0,
131026,,False,0,
131033,,False,0,
131040,,False,0,
131050,,False,0,
131056,,False,0,
131061,,False,0,
131063,,False,0,
131157,,False,0,
131168,,False,0,
131197,,False,0,
131208,,False,0,
131223,,False,0,
131238,,False,0,
131247,,False,0,
131256,,False,0,
131264,,False,0,
131268,,False,0,
131269,,False,0,
131271,,False,0,
131379,,False,0,
131391,,False,0,
131395,,False,0,
131396,,False,0,
131398,,False,0,
131408,,False,0,
131470,,False,0,
131531,,False,0,
131575,,False,0,
131581,,False,0,
131583,,False,0,
131599,,False,0,
131601,,False,0,
131719,,False,0,
132084,,False,0,
132090,,False,0,
132093,,False,0,
132095,,False,0,
132104,,False,0,
132122,,False,0,
132164,,False,0,
132167,,False,0,
132168,,False,0,
132175,,False,0,
132188,,False,0,
132199,,False,0,
132209,,False,0,
132222,,False,0,
132243,,False,0,
132262,,False,0,
132290,,False,0,
132297,,False,0,
132309,,False,0,
132316,,False,0,
132326,,False,0,
132330,,False,0,
132332,,False,0,
132334,,False,0,
132343,,False,0,
132344,,False,0,
132345,,False,0,
132355,,False,0,
132360,,False,0,
132496,,False,0,
132537,,False,0,
132544,,False,0,
132545,,False,0,
132547,,False,0,
132553,,False,0,
132559,,False,0,
132561,,False,0,
132564,,False,0,
132603,,False,0,
132635,,False,0,
132639,,False,0,
132703,,False,0,
132706,,False,0,
132710,,False,0,
132712,,False,0,
132799,,False,0,
132805,,False,0,
132807,,False,0,
132809,,False,0,
132862,,False,0,
132911,,False,0,
133039,,False,0,
133052,,False,0,
133056,,False,0,
133229,,False,0,
133292,,False,0,
133296,,False,0,
133378,,False,0,
133403,,False,0,
133412,,False,0,
133429,,False,0,
133440,,False,0,
133446,,False,0,
133448,,False,0,
133450,,False,0,
133456,,False,0,
133463,,False,0,
133469,,False,0,
133474,,False,0,
133481,,False,0,
133488,,False,0,
133495,,False,0,
133504,,False,0,
133511,,False,0,
133523,,False,0,
133533,,False,0,
133539,,False,0,
133551,,False,0,
133558,,False,0,
133563,,False,0,
133570,,False,0,
133577,,False,0,
133582,,False,0,
133589,,False,0,
133596,,False,0,
133605,,False,0,
133612,,False,0,
133619,,False,0,
133626,,False,0,
133634,,False,0,
133641,,False,0,
133648,,False,0,
133655,,False,0,
133662,,False,0,
133669,,False,0,
133674,,False,0,
133681,,False,0,
133690,,False,0,
133696,,False,0,
133699,,False,0,
133701,,False,0,
133755,,False,0,
133771,,False,0,
133800,,False,0,
133833,,False,0,
133857,,False,0,
133878,,False,0,
133908,,False,0,
133929,,False,0,
133948,,False,0,
133961,,False,0,
133980,,False,0,
134008,,False,0,
134048,,False,0,
134057,,False,0,
134065,,False,0,
134069,,False,0,
134186,,False,0,
134212,,False,0,
134219,,False,0,
134225,,False,0,
134227,,False,0,
134390,,False,0,
134394,,False,0,
134508,,False,0,
134514,,False,0,
134516,,False,0,
134539,,False,0,
134550,,False,0,
134565,,False,0,
134588,,False,0,
134612,,False,0,
134627,,False,0,
134638,,False,0,
134679,,False,0,
134704,,False,0,
134719,,False,0,
134739,,False,0,
134759,,False,0,
134771,,False,0,
134778,,False,0,
134788,,False,0,
134817,,False,0,
134821,,False,0,
134956,,False,0,
135102,,False,0,
135108,,False,0,
135112,,False,0,
135115,,False,0,
135321,,False,0,
135451,,False,0,
135457,,False,0,
135458,,False,0,
135460,,False,0,
135534,,False,0,
135779,,False,0,
135926,,False,0,
135930,,False,0,
135931,,False,0,
135933,,False,0,
135992,,False,0,
136061,,False,0,
136067,,False,0,
136069,,False,0,
136142,,False,0,
136193,,False,0,
136196,,False,0,
136198,,False,0,
136264,,False,0,
136268,,False,0,
136269,,False,0,
136271,,False,0,
136309,,False,0,
136472,,False,0,
136567,,False,0,
136571,,False,0,
136572,,False,0,
136574,,False,0,
136588,,False,0,
136621,,False,0,
136627,,False,0,
136629,,False,0,
136667,,False,0,
136669,,False,0,
136853,,False,0,
136902,,False,0,
136908,,False,0,
136918,,False,0,
136927,,False,0,
136935,,False,0,
136962,,False,0,
136983,,False,0,
137032,,False,0,
137080,,False,0,
137086,,False,0,
137087,,False,0,
137089,,False,0,
137210,,False,0,
137292,,False,0,
137343,,False,0,
137767,,False,0,
137773,,False,0,
137775,,False,0,
137803,,False,0,
137833,,False,0,
137844,,False,0,
137869,,False,0,
137871,,False,0,
138280,,False,0,
138414,,False,0,
138420,,False,0,
138422,,False,0,
138447,,False,0,
138463,,False,0,
138482,,False,0,
138507,,False,0,
138518,,False,0,
138541,,False,0,
138550,,False,0,
138601,,False,0,
138639,,False,0,
138680,,False,0,
138728,,False,0,
138755,,False,0,
138767,,False,0,
138784,,False,0,
138797,,False,0,
138801,,False,0,
138803,,False,0,
138805,,False,0,
138807,,False,0,
138887,,False,0,
138893,,False,0,
138978,,False,0,
138995,,False,0,
139017,,False,0,
139074,,False,0,
139079,,False,0,
139107,,False,0,
139111,,False,0,
139119,,False,0,
139289,,False,0,
139462,,False,0,
139468,,False,0,
139470,,False,0,
139472,,False,0,
139567,,False,0,
139581,,False,0,
139584,,False,0,
139594,,False,0,
139613,,False,0,
139617,,False,0,
139640,,False,0,
139645,,False,0,
139706,,False,0,
139714,,False,0,
139867,,False,0,
140089,,False,0,
140104,,False,0,
140326,,False,0,
140332,,False,0,
140334,,False,0,
140347,,False,0,
140350,,False,0,
140352,,False,0,
140379,,False,0,
140391,,False,0,
140432,,False,0,
140435,,False,0,
140437,,False,0,
140449,,False,0,
140520,,False,0,
140538,,False,0,
140561,,False,0,
140574,,False,0,
140601,,False,0,
140610,,False,0,
140617,,False,0,
140627,,False,0,
140652,,False,0,
140660,,False,0,
140664,,False,0,
140668,,False,0,
140670,,False,0,
140672,,False,0,
140701,,False,0,
140787,,False,0,
140958,,False,0,
141073,,False,0,
141077,,False,0,
141208,,False,0,
141238,,False,0,
141386,,False,0,
141389,,False,0,
141396,,False,0,
141428,,False,0,
141434,,False,0,
141436,,False,0,
141438,,False,0,
141448,,False,0,
141493,,False,0,
141508,,False,0,
141516,,False,0,
141666,,False,0,
141728,,False,0,
141751,,False,0,
141767,,False,0,
141846,,False,0,
141859,,False,0,
141866,,False,0,
141987,,False,0,
142027,,False,0,
142138,,False,0,
142144,,False,0,
142145,,False,0,
142147,,False,0,
142150,,False,0,
142151,,False,0,
142153,,False,0,
142160,,False,0,
142182,,False,0,
142227,,False,0,
142229,,False,0,
142230,,False,0,
142231,,False,0,
142233,,False,0,
142274,,False,0,
142275,,False,0,
142276,,False,0,
142301,,False,0,
142303,,False,0,
142310,,False,0,
142313,,False,0,
142352,,False,0,
142353,,False,0,
142354,,False,0,
142376,,False,0,
142378,,False,0,
142379,,False,0,
142380,,False,0,
142382,,False,0,
142395,,False,0,
142396,,False,0,
142397,,False,0,
142399,,False,0,
142421,,False,0,
142434,,False,0,
142438,,False,0,
142440,,False,0,
142442,,False,0,
142478,,False,0,
142523,,False,0,
142529,,False,0,
142535,,False,0,
142537,,False,0,
142539,,False,0,
142546,,False,0,
142573,,False,0,
142579,,False,0,
142631,,False,0,
142688,,False,0,
142692,,False,0,
142748,,False,0,
142775,,False,0,
142779,,False,0,
142796,,False,0,
142806,,False,0,
142882,,False,0,
142911,,False,0,
142934,,False,0,
142940,,False,0,
143207,,False,0,
143213,,False,0,
143214,,False,0,
143216,,False,0,
143322,,False,0,
143338,,False,0,
143405,,False,0,
143574,,False,0,
143626,,False,0,
143772,,False,0,
143804,,False,0,
143810,,False,0,
143812,,False,0,
143817,,False,0,
143826,,False,0,
143838,,False,0,
143846,,False,0,
143851,,False,0,
143858,,False,0,
143865,,False,0,
143872,,False,0,
143876,,False,0,
143886,,False,0,
143893,,False,0,
143904,,False,0,
143911,,False,0,
143923,,False,0,
143932,,False,0,
143937,,False,0,
143946,,False,0,
143953,,False,0,
143958,,False,0,
143965,,False,0,
143970,,False,0,
143975,,False,0,
143980,,False,0,
143988,,False,0,
143995,,False,0,
144004,,False,0,
144011,,False,0,
144018,,False,0,
144025,,False,0,
144032,,False,0,
144039,,False,0,
144046,,False,0,
144053,,False,0,
144061,,False,0,
144063,,False,0,
144069,,False,0,
144141,,False,0,
144142,,False,0,
144144,,False,0,
144262,,False,0,
144270,,False,0,
144274,,False,0,
144276,,False,0,
144504,,False,0,
144506,,False,0,
144647,,False,0,
144659,,False,0,
144677,,False,0,
144685,,False,0,
144687,,False,0,
144693,,False,0,
144695,,False,0,
144697,,False,0,
144793,,False,0,
144813,,False,0,
144814,,False,0,
144855,,False,0,
144886,,False,0,
144906,,False,0,
144913,,False,0,
145078,,False,0,
145088,,False,0,
145367,,False,0,
145401,,False,0,
145408,,False,0,
145506,,False,0,
145512,,False,0,
145514,,False,0,
145556,,False,0,
145577,,False,0,
145601,,False,0,
145621,,False,0,
145639,,False,0,
145677,,False,0,
145696,,False,0,
145720,,False,0,
145776,,False,0,
145783,,False,0,
145796,,False,0,
145804,,False,0,
145811,,False,0,
145817,,False,0,
145839,,False,0,
145846,,False,0,
145850,,False,0,
145857,,False,0,
146083,,False,0,
146085,,False,0,
146089,,False,0,
146095,,False,0,
146097,,False,0,
146099,,False,0,
146137,,False,0,
146250,,False,0,
146261,,False,0,
146343,,False,0,
146658,,False,0,
146662,,False,0,
146666,,False,0,
146672,,False,0,
146679,,False,0,
146721,,False,0,
146732,,False,0,
146815,,False,0,
146830,,False,0,
146869,,False,0,
146879,,False,0,
146917,,False,0,
146942,,False,0,
147005,,False,0,
147015,,False,0,
147034,,False,0,
147088,,False,0,
147094,,False,0,
147096,,False,0,
147098,,False,0,
147198,,False,0,
147209,,False,0,
147249,,False,0,
147311,,False,0,
147353,,False,0,
147363,,False,0,
147464,,False,0,
147484,,False,0,
147685,,False,0,
147697,,False,0,
147774,,False,0,
147781,,False,0,
147849,,False,0,
147855,,False,0,
147857,,False,0,
147863,,False,0,
147976,,False,0,
148059,,False,0,
148239,,False,0,
148309,,False,0,
148812,,False,0,
148818,,False,0,
148820,,False,0,
148822,,False,0,
149062,,False,0,
149074,,False,0,
149156,,False,0,
149183,,False,0,
149196,,False,0,
149200,,False,0,
149341,,False,0,
149650,,False,0,
149656,,False,0,
149658,,False,0,
149660,,False,0,
149665,,False,0,
149843,,False,0,
149856,,False,0,
149868,,False,0,
149906,,False,0,
149914,,False,0,
149942,,False,0,
150094,,False,0,
150181,,False,0,
150210,,False,0,
150212,,False,0,
150218,,False,0,
150223,,False,0,
150225,,False,0,
150227,,False,0,
150419,,False,0,
150423,,False,0,
150560,,False,0,
150566,,False,0,
150728,,False,0,
150737,,False,0,
150989,,False,0,
151130,,False,0,
151137,,False,0,
151139,,False,0,
151164,,False,0,
151168,,False,0,
151343,,False,0,
151349,,False,0,
151353,,False,0,
151355,,False,0,
151357,,False,0,
151363,,False,0,
151408,,False,0,
151508,,False,0,
151545,,False,0,
151663,,False,0,
151720,,False,0,
151724,,False,0,
151885,,False,0,
151889,,False,0,
151983,,False,0,
152031,,False,0,
152041,,False,0,
152047,,False,0,
152049,,False,0,
152051,,False,0,
152090,,False,0,
152143,,False,0,
152234,,False,0,
152262,,False,0,
152424,,False,0,
152439,,False,0,
152662,,False,0,
152669,,False,0,
152678,,False,0,
152841,,False,0,
152847,,False,0,
152849,,False,0,
152851,,False,0,
152889,,False,0,
152906,,False,0,
152910,,False,0,
152950,,False,0,
152957,,False,0,
153491,,False,0,
153495,,False,0,
153600,,False,0,
153606,,False,0,
153616,,False,0,
153617,,False,0,
153710,,False,0,
153711,,False,0,
153712,,False,0,
153743,,False,0,
153809,,False,0,
153849,,False,0,
153855,,False,0,
153860,,False,0,
153862,,False,0,
153864,,False,0,
153995,,False,0,
154077,,False,0,
154099,,False,0,
154431,,False,0,
154457,,False,0,
154487,,False,0,
154538,,False,0,
154544,,False,0,
154569,,False,0,
154576,,False,0,
154577,,False,0,
154612,,False,0,
154622,,False,0,
154637,,False,0,
154644,,False,0,
154719,,False,0,
154725,,False,0,
154727,,False,0,
154729,,False,0,
154863,,False,0,
154872,,False,0,
155131,,False,0,
155205,,False,0,
155256,,False,0,
155270,,False,0,
155274,,False,0,
155336,,False,0,
155340,,False,0,
155418,,False,0,
155424,,False,0,
155426,,False,0,
155428,,False,0,
155454,,False,0,
155455,,False,0,
155456,,False,0,
155479,,False,0,
155522,,False,0,
155684,,False,0,
155692,,False,0,
155697,,False,0,
155747,,False,0,
155756,,False,0,
155761,,False,0,
155823,,False,0,
155880,,False,0,
155910,,False,0,
155961,,False,0,
155970,,False,0,
156004,,False,0,
156048,,False,0,
156156,,False,0,
156160,,False,0,
156174,,False,0,
156228,,False,0,
156458,,False,0,
156891,,False,0,
156895,,False,0,
157221,,False,0,
157225,,False,0,
157266,,False,0,
157282,,False,0,
157287,,False,0,
157288,,False,0,
157289,,False,0,
157297,,False,0,
157298,,False,0,
157299,,False,0,
157319,,False,0,
157360,,False,0,
157361,,False,0,
157362,,False,0,
157395,,False,0,
157397,,False,0,
157422,,False,0,
157433,,False,0,
157434,,False,0,
157447,,False,0,
157484,,False,0,
157501,,False,0,
157507,,False,0,
157544,,False,0,
157667,,False,0,
157689,,False,0,
157695,,False,0,
157697,,False,0,
157706,,False,0,
157750,,False,0,
157766,,False,0,
157782,,False,0,
157789,,False,0,
157805,,False,0,
157824,,False,0,
157839,,False,0,
157866,,False,0,
157873,,False,0,
157878,,False,0,
157879,,False,0,
157891,,False,0,
157921,,False,0,
157936,,False,0,
157943,,False,0,
157962,,False,0,
157966,,False,0,
158181,,False,0,
158187,,False,0,
158188,,False,0,
158190,,False,0,
158198,,False,0,
158229,,False,0,
158268,,False,0,
158272,,False,0,
158276,,False,0,
158277,,False,0,
158279,,False,0,
158289,,False,0,
158335,,False,0,
158342,,False,0,
158346,,False,0,
158347,,False,0,
158349,,False,0,
158390,,False,0,
158396,,False,0,
158398,,False,0,
158544,,False,0,
158614,,False,0,
158616,,False,0,
158671,,False,0,
158677,,False,0,
158679,,False,0,
158686,,False,0,
158691,,False,0,
158700,,False,0,
158705,,False,0,
158712,,False,0,
158720,,False,0,
158727,,False,0,
158734,,False,0,
158741,,False,0,
158748,,False,0,
158755,,False,0,
158762,,False,0,
158769,,False,0,
158776,,False,0,
158787,,False,0,
158794,,False,0,
158801,,False,0,
158808,,False,0,
158815,,False,0,
158822,,False,0,
158829,,False,0,
158836,,False,0,
158843,,False,0,
158850,,False,0,
158857,,False,0,
158862,,False,0,
158867,,False,0,
158874,,False,0,
158881,,False,0,
158888,,False,0,
158892,,False,0,
158899,,False,0,
158906,,False,0,
158912,,False,0,
158918,,False,0,
158923,,False,0,
158925,,False,0,
158951,,False,0,
158967,,False,0,
158986,,False,0,
158997,,False,0,
159007,,False,0,
159016,,False,0,
159046,,False,0,
159053,,False,0,
159075,,False,0,
159086,,False,0,
159110,,False,0,
159119,,False,0,
159147,,False,0,
159158,,False,0,
159166,,False,0,
159170,,False,0,
159172,,False,0,
159174,,False,0,
159183,,False,0,
159185,,False,0,
159291,,False,0,
159394,,False,0,
159403,,False,0,
159407,,False,0,
159617,,False,0,
159623,,False,0,
159625,,False,0,
159629,,False,0,
159633,,False,0,
159641,,False,0,
159716,,False,0,
159720,,False,0,
159736,,False,0,
159863,,False,0,
159867,,False,0,
159890,,False,0,
160140,,False,0,
160260,,False,0,
160305,,False,0,
160461,,False,0,
160465,,False,0,
160468,,False,0,
160472,,False,0,
160518,,False,0,
160524,,False,0,
160526,,False,0,
160538,,False,0,
160558,,False,0,
160561,,False,0,
160563,,False,0,
160590,,False,0,
160602,,False,0,
160618,,False,0,
160644,,False,0,
160667,,False,0,
160679,,False,0,
160696,,False,0,
160703,,False,0,
160712,,False,0,
160719,,False,0,
160736,,False,0,
160747,,False,0,
160757,,False,0,
160761,,False,0,
160763,,False,0,
160765,,False,0,
161120,,False,0,
161121,,False,0,
161122,,False,0,
161214,,False,0,
161218,,False,0,
161260,,False,0,
161298,,False,0,
161303,,False,0,
161315,,False,0,
161319,,False,0,
161398,,False,0,
161404,,False,0,
161406,,False,0,
161408,,False,0,
161539,,False,0,
161590,,False,0,
161625,,False,0,
161637,,False,0,
161992,,False,0,
162031,,False,0,
162032,,False,0,
162033,,False,0,
162042,,False,0,
162054,,False,0,
162135,,False,0,
162143,,False,0,
162149,,False,0,
162150,,False,0,
162152,,False,0,
162159,,False,0,
162217,,False,0,
162219,,False,0,
162244,,False,0,
162270,,False,0,
162271,,False,0,
162272,,False,0,
162280,,False,0,
162307,,False,0,
162394,,False,0,
162417,,False,0,
162425,,False,0,
162429,,False,0,
162430,,False,0,
162432,,False,0,
162446,,False,0,
162452,,False,0,
162454,,False,0,
162486,,False,0,
162518,,False,0,
162519,,False,0,
162521,,False,0,
162536,,False,0,
162574,,False,0,
162576,,False,0,
162586,,False,0,
162607,,False,0,
162622,,False,0,
162645,,False,0,
162648,,False,0,
162652,,False,0,
162653,,False,0,
162655,,False,0,
162662,,False,0,
162688,,False,0,
162690,,False,0,
162710,,False,0,
162733,,False,0,
162737,,False,0,
162743,,False,0,
162745,,False,0,
162760,,False,0,
162782,,False,0,
162824,,False,0,
162837,,False,0,
162855,,False,0,
162867,,False,0,
162873,,False,0,
162895,,False,0,
162906,,False,0,
162930,,False,0,
162952,,False,0,
162985,,False,0,
163004,,False,0,
163011,,False,0,
163018,,False,0,
163030,,False,0,
163034,,False,0,
163035,,False,0,
163042,,False,0,
163055,,False,0,
163129,,False,0,
163226,,False,0,
163347,,False,0,
163353,,False,0,
163355,,False,0,
163536,,False,0,
163538,,False,0,
163568,,False,0,
163575,,False,0,
163859,,False,0,
163865,,False,0,
163867,,False,0,
163894,,False,0,
163917,,False,0,
163933,,False,0,
163970,,False,0,
164001,,False,0,
164010,,False,0,
164053,,False,0,
164066,,False,0,
164100,,False,0,
164111,,False,0,
164142,,False,0,
164157,,False,0,
164175,,False,0,
164183,,False,0,
164191,,False,0,
164195,,False,0,
164197,,False,0,
164199,,False,0,
164207,,False,0,
164243,,False,0,
164251,,False,0,
164896,,False,0,
164902,,False,0,
164905,,False,0,
164907,,False,0,
164914,,False,0,
164918,,False,0,
164938,,False,0,
164945,,False,0,
164964,,False,0,
165025,,False,0,
165031,,False,0,
165452,,False,0,
165631,,False,0,
165637,,False,0,
165638,,False,0,
165640,,False,0,
165641,,False,0,
165642,,False,0,
165643,,False,0,
165645,,False,0,
165657,,False,0,
165714,,False,0,
165718,,False,0,
165720,,False,0,
165759,,False,0,
165761,,False,0,
165762,,False,0,
165763,,False,0,
165791,,False,0,
165828,,False,0,
165858,,False,0,
165863,,False,0,
165902,,False,0,
165903,,False,0,
165904,,False,0,
165908,,False,0,
165909,,False,0,
165910,,False,0,
165915,,False,0,
165916,,False,0,
165917,,False,0,
165922,,False,0,
165923,,False,0,
165924,,False,0,
165929,,False,0,
165930,,False,0,
165931,,False,0,
165947,,False,0,
165948,,False,0,
165949,,False,0,
165968,,False,0,
165972,,False,0,
165973,,False,0,
165974,,False,0,
165975,,False,0,
165976,,False,0,
165977,,False,0,
165978,,False,0,
165979,,False,0,
165980,,False,0,
165982,,False,0,
165983,,False,0,
165984,,False,0,
165994,,False,0,
165995,,False,0,
165996,,False,0,
166008,,False,0,
166009,,False,0,
166010,,False,0,
166020,,False,0,
166021,,False,0,
166022,,False,0,
166027,,False,0,
166028,,False,0,
166029,,False,0,
166040,,False,0,
166054,,False,0,
166069,,False,0,
166070,,False,0,
166071,,False,0,
166073,,False,0,
166092,,False,0,
166094,,False,0,
166095,,False,0,
166096,,False,0,
166101,,False,0,
166107,,False,0,
166108,,False,0,
166110,,False,0,
166113,,False,0,
166116,,False,0,
166120,,False,0,
166122,,False,0,
166124,,False,0,
166148,,False,0,
166192,,False,0,
166198,,False,0,
166200,,False,0,
166202,,False,0,
166223,,False,0,
166426,,False,0,
166431,,False,0,
166492,,False,0,
166520,,False,0,
166540,,False,0,
166949,,False,0,
166958,,False,0,
167098,,False,0,
167104,,False,0,
167106,,False,0,
167108,,False,0,
167147,,False,0,
167301,,False,0,
167339,,False,0,
167354,,False,0,
167359,,False,0,
167363,,False,0,
167371,,False,0,
167439,,False,0,
167556,,False,0,
167585,,False,0,
167586,,False,0,
167587,,False,0,
167702,,False,0,
167772,,False,0,
167778,,False,0,
167780,,False,0,
167782,,False,0,
167831,,False,0,
167860,,False,0,
167899,,False,0,
167903,,False,0,
168022,,False,0,
168254,,False,0,
168301,,False,0,
168307,,False,0,
168309,,False,0,
168311,,False,0,
168389,,False,0,
168517,,False,0,
168602,,False,0,
168603,,False,0,
168604,,False,0,
168627,,False,0,
168649,,False,0,
168674,,False,0,
168921,,False,0,
168922,,False,0,
168923,,False,0,
168956,,False,0,
168965,,False,0,
168966,,False,0,
168967,,False,0,
169000,,False,0,
169004,,False,0,
169027,,False,0,
169080,,False,0,
169086,,False,0,
169088,,False,0,
169090,,False,0,
169510,,False,0,
169784,,False,0,
169790,,False,0,
169792,,False,0,
169801,,False,0,
169803,,False,0,
170104,,False,0,
170114,,False,0,
170134,,False,0,
170237,,False,0,
170238,,False,0,
170239,,False,0,
170426,,False,0,
170432,,False,0,
170434,,False,0,
170436,,False,0,
170531,,False,0,
170620,,False,0,
170633,,False,0,
170722,,False,0,
170861,,False,0,
171061,,False,0,
171077,,False,0,
171083,,False,0,
171106,,False,0,
171307,,False,0,
171308,,False,0,
171310,,False,0,
171316,,False,0,
171318,,False,0,
171320,,False,0,
171387,,False,0,
171395,,False,0,
171431,,False,0,
171643,,False,0,
171652,,False,0,
171799,,False,0,
171867,,False,0,
171959,,False,0,
171965,,False,0,
171967,,False,0,
171973,,False,0,
171991,,False,0,
172046,,False,0,
172159,,False,0,
172160,,False,0,
172161,,False,0,
172165,,False,0,
172202,,False,0,
172218,,False,0,
172223,,False,0,
172225,,False,0,
172229,,False,0,
172389,,False,0,
172412,,False,0,
172447,,False,0,
172613,,False,0,
172619,,False,0,
172621,,False,0,
172623,,False,0,
172675,,False,0,
172683,,False,0,
172687,,False,0,
172692,,False,0,
172753,,False,0,
172757,,False,0,
172768,,False,0,
172782,,False,0,
172783,,False,0,
172784,,False,0,
172833,,False,0,
172867,,False,0,
172979,,False,0,
172989,,False,0,
172996,,False,0,
172997,,False,0,
172998,,False,0,
173003,,False,0,
173072,,False,0,
173081,,False,0,
173132,,False,0,
173136,,False,0,
173144,,False,0,
173189,,False,0,
173231,,False,0,
173240,,False,0,
173244,,False,0,
173332,,False,0,
173341,,False,0,
173348,,False,0,
173364,,False,0,
173370,,False,0,
173372,,False,0,
173374,,False,0,
173628,,False,0,
173637,,False,0,
173661,,False,0,
173691,,False,0,
173698,,False,0,
173795,,False,0,
173881,,False,0,
173887,,False,0,
173892,,False,0,
173913,,False,0,
173928,,False,0,
173933,,False,0,
173939,,False,0,
173941,,False,0,
173943,,False,0,
173977,,False,0,
173983,,False,0,
174019,,False,0,
174022,,False,0,
174181,,False,0,
174194,,False,0,
174223,,False,0,
174227,,False,0,
174254,,False,0,
174289,,False,0,
174365,,False,0,
174370,,False,0,
174470,,False,0,
174474,,False,0,
174501,,False,0,
174507,,False,0,
174509,,False,0,
174511,,False,0,
174588,,False,0,
174594,,False,0,
174814,,False,0,
174817,,False,0,
174839,,False,0,
174874,,False,0,
174878,,False,0,
175009,,False,0,
175029,,False,0,
175034,,False,0,
175039,,False,0,
175133,,False,0,
175200,,False,0,
175204,,False,0,
175350,,False,0,
175354,,False,0,
175366,,False,0,
175372,,False,0,
175374,,False,0,
175392,,False,0,
175420,,False,0,
175461,,False,0,
175479,,False,0,
175500,,False,0,
175536,,False,0,
175552,,False,0,
175559,,False,0,
175582,,False,0,
175593,,False,0,
175611,,False,0,
175620,,False,0,
175650,,False,0,
175661,,False,0,
175669,,False,0,
175673,,False,0,
175675,,False,0,
175685,,False,0,
175688,,False,0,
175690,,False,0,
175701,,False,0,
175889,,False,0,
175894,,False,0,
175923,,False,0,
175937,,False,0,
175942,,False,0,
175952,,False,0,
175967,,False,0,
175971,,False,0,
175972,,False,0,
175973,,False,0,
175977,,False,0,
176039,,False,0,
176249,,False,0,
176255,,False,0,
176257,,False,0,
176259,,False,0,
176522,,False,0,
176640,,False,0,
176656,,False,0,
176896,,False,0,
177029,,False,0,
177053,,False,0,
177057,,False,0,
177064,,False,0,
177295,,False,0,
177308,,False,0,
177335,,False,0,
177336,,False,0,
177337,,False,0,
177369,,False,0,
177439,,False,0,
177445,,False,0,
177499,,False,0,
177517,,False,0,
177523,,False,0,
177525,,False,0,
177545,,False,0,
177557,,False,0,
177570,,False,0,
177579,,False,0,
177586,,False,0,
177594,,False,0,
177611,,False,0,
177618,,False,0,
177628,,False,0,
177635,,False,0,
177650,,False,0,
177659,,False,0,
177669,,False,0,
177705,,False,0,
177715,,False,0,
177719,,False,0,
177720,,False,0,
177722,,False,0,
177830,,False,0,
177852,,False,0,
177856,,False,0,
177857,,False,0,
177860,,False,0,
177880,,False,0,
177929,,False,0,
177947,,False,0,
178094,,False,0,
178100,,False,0,
178102,,False,0,
178200,,False,0,
178301,,False,0,
178307,,False,0,
178309,,False,0,
178477,,False,0,
178505,,False,0,
178507,,False,0,
178553,,False,0,
178559,,False,0,
178561,,False,0,
178563,,False,0,
178615,,False,0,
178619,,False,0,
178841,,False,0,
178857,,False,0,
178861,,False,0,
178947,,False,0,
179005,,False,0,
179089,,False,0,
179127,,False,0,
179141,,False,0,
179161,,False,0,
179180,,False,0,
179195,,False,0,
179202,,False,0,
179205,,False,0,
179375,,False,0,
179399,,False,0,
179400,,False,0,
179401,,False,0,
179406,,False,0,
179407,,False,0,
179408,,False,0,
179413,,False,0,
179429,,False,0,
179438,,False,0,
179535,,False,0,
179541,,False,0,
179543,,False,0,
179545,,False,0,
179562,,False,0,
179573,,False,0,
179583,,False,0,
179724,,False,0,
179738,,False,0,
179785,,False,0,
179789,,False,0,
179793,,False,0,
179811,,False,0,
179818,,False,0,
179900,,False,0,
179951,,False,0,
179992,,False,0,
180046,,False,0,
180147,,False,0,
180154,,False,0,
180161,,False,0,
180166,,False,0,
180167,,False,0,
180168,,False,0,
180241,,False,0,
180247,,False,0,
180258,,False,0,
180264,,False,0,
180266,,False,0,
180268,,False,0,
180516,,False,0,
180520,,False,0,
180548,,False,0,
180614,,False,0,
180641,,False,0,
180643,,False,0,
180647,,False,0,
180692,,False,0,
180725,,False,0,
180761,,False,0,
180854,,False,0,
180926,,False,0,
180934,,False,0,
180943,,False,0,
180949,,False,0,
180951,,False,0,
180953,,False,0,
180958,,False,0,
180964,,False,0,
180990,,False,0,
181051,,False,0,
181056,,False,0,
181057,,False,0,
181058,,False,0,
181059,,False,0,
181060,,False,0,
181061,,False,0,
181066,,False,0,
181279,,False,0,
181330,,False,0,
181348,,False,0,
181397,,False,0,
181406,,False,0,
181422,,False,0,
181479,,False,0,
181490,,False,0,
181495,,False,0,
181496,,False,0,
181497,,False,0,
181515,,False,0,
181516,,False,0,
181517,,False,0,
181532,,False,0,
181654,,False,0,
181675,,False,0,
181692,,False,0,
181698,,False,0,
181700,,False,0,
181702,,False,0,
181744,,False,0,
181751,,False,0,
181755,,False,0,
181830,,False,0,
181834,,False,0,
181841,,False,0,
181930,,False,0,
181936,,False,0,
182006,,False,0,
182017,,False,0,
182021,,False,0,
182073,,False,0,
182074,,False,0,
182075,,False,0,
182102,,False,0,
182160,,False,0,
182173,,False,0,
182231,,False,0,
182232,,False,0,
182233,,False,0,
182377,,False,0,
182383,,False,0,
182446,,False,0,
182452,,False,0,
182454,,False,0,
182456,,False,0,
183139,,False,0,
183145,,False,0,
183147,,False,0,
183160,,False,0,
183162,,False,0,
183258,,False,0,
183275,,False,0,
183279,,False,0,
183288,,False,0,
183314,,False,0,
183390,,False,0,
183413,,False,0,
183430,,False,0,
183431,,False,0,
183432,,False,0,
183494,,False,0,
183495,,False,0,
183496,,False,0,
183564,,False,0,
184252,,False,0,
184258,,False,0,
184262,,False,0,
184264,,False,0,
184537,,False,0,
184541,,False,0,
184636,,False,0,
184637,,False,0,
184638,,False,0,
184643,,False,0,
184644,,False,0,
184645,,False,0,
184646,,False,0,
184647,,False,0,
184648,,False,0,
184649,,False,0,
184663,,False,0,
184673,,False,0,
184680,,False,0,
184801,,False,0,
184807,,False,0,
184811,,False,0,
184813,,False,0,
184888,,False,0,
185335,,False,0,
185351,,False,0,
185391,,False,0,
185409,,False,0,
185447,,False,0,
185453,,False,0,
185455,,False,0,
185457,,False,0,
185506,,False,0,
185537,,False,0,
185549,,False,0,
185558,,False,0,
185758,,False,0,
185993,,False,0,
186063,,False,0,
186158,,False,0,
186166,,False,0,
186167,,False,0,
186168,,False,0,
186249,,False,0,
186250,,False,0,
186251,,False,0,
186274,,False,0,
186279,,False,0,
186286,,False,0,
186307,,False,0,
186329,,False,0,
186352,,False,0,
186357,,False,0,
186496,,False,0,
186502,,False,0,
186504,,False,0,
186506,,False,0,
186634,,False,0,
186669,,False,0,
186681,,False,0,
186871,,False,0,
187078,,False,0,
187161,,False,0,
187167,,False,0,
187169,,False,0,
187171,,False,0,
187183,,False,0,
187579,,False,0,
187587,,False,0,
187604,,False,0,
187643,,False,0,
187658,,False,0,
187684,,False,0,
187688,,False,0,
187698,,False,0,
187870,,False,0,
187875,,False,0,
188030,,False,0,
188036,,False,0,
188038,,False,0,
188040,,False,0,
188044,,False,0,
188145,,False,0,
188276,,False,0,
188400,,False,0,
188494,,False,0,
188565,,False,0,
188626,,False,0,
188631,,False,0,
188640,,False,0,
188646,,False,0,
188658,,False,0,
188711,,False,0,
188717,,False,0,
188719,,False,0,
188726,,False,0,
188733,,False,0,
188740,,False,0,
188747,,False,0,
188754,,False,0,
188761,,False,0,
188768,,False,0,
188776,,False,0,
188783,,False,0,
188790,,False,0,
188797,,False,0,
188804,,False,0,
188811,,False,0,
188815,,False,0,
188822,,False,0,
188829,,False,0,
188837,,False,0,
188841,,False,0,
188848,,False,0,
188855,,False,0,
188862,,False,0,
188869,,False,0,
188876,,False,0,
188883,,False,0,
188890,,False,0,
188897,,False,0,
188904,,False,0,
188909,,False,0,
188916,,False,0,
188923,,False,0,
188928,,False,0,
188933,,False,0,
188940,,False,0,
188948,,False,0,
188954,,False,0,
188956,,False,0,
188963,,False,0,
188980,,False,0,
189007,,False,0,
189048,,False,0,
189058,,False,0,
189071,,False,0,
189084,,False,0,
189116,,False,0,
189126,,False,0,
189137,,False,0,
189146,,False,0,
189163,,False,0,
189178,,False,0,
189199,,False,0,
189210,,False,0,
189229,,False,0,
189233,,False,0,
189235,,False,0,
189237,,False,0,
189321,,False,0,
189333,,False,0,
189343,,False,0,
189360,,False,0,
189364,,False,0,
189795,,False,0,
189800,,False,0,
189804,,False,0,
189812,,False,0,
189836,,False,0,
189903,,False,0,
189909,,False,0,
189911,,False,0,
189913,,False,0,
189924,,False,0,
189984,,False,0,
190093,,False,0,
190094,,False,0,
190095,,False,0,
190139,,False,0,
190169,,False,0,
190174,,False,0,
190184,,False,0,
190212,,False,0,
190218,,False,0,
190222,,False,0,
190228,,False,0,
190699,,False,0,
190705,,False,0,
190707,,False,0,
190716,,False,0,
190738,,False,0,
190775,,False,0,
190814,,False,0,
190823,,False,0,
190843,,False,0,
190879,,False,0,
190894,,False,0,
190932,,False,0,
190939,,False,0,
190951,,False,0,
190961,,False,0,
190995,,False,0,
191006,,False,0,
191018,,False,0,
191022,,False,0,
191024,,False,0,
191026,,False,0,
191254,,False,0,
191424,,False,0,
191788,,False,0,
191794,,False,0,
191796,,False,0,
191798,,False,0,
191968,,False,0,
191977,,False,0,
192024,,False,0,
192037,,False,0,
192094,,False,0,
192101,,False,0,
192109,,False,0,
192115,,False,0,
192487,,False,0,
192516,,False,0,
192544,,False,0,
192589,,False,0,
192664,,False,0,
192670,,False,0,
192671,,False,0,
192673,,False,0,
192689,,False,0,
192807,,False,0,
192898,,False,0,
193024,,False,0,
193026,,False,0,
193032,,False,0,
193035,,False,0,
193081,,False,0,
193087,,False,0,
193089,,False,0,
193091,,False,0,
193137,,False,0,
193147,,False,0,
193170,,False,0,
193222,,False,0,
193262,,False,0,
193275,,False,0,
193316,,False,0,
193320,,False,0,
193324,,False,0,
193325,,False,0,
193327,,False,0,
193345,,False,0,
193407,,False,0,
193466,,False,0,
193470,,False,0,
193548,,False,0,
193637,,False,0,
193663,,False,0,
193669,,False,0,
193671,,False,0,
193780,,False,0,
193782,,False,0,
194023,,False,0,
194027,,False,0,
194052,,False,0,
194053,,False,0,
194141,,False,0,
194155,,False,0,
194159,,False,0,
194163,,False,0,
194202,,False,0,
194211,,False,0,
194248,,False,0,
194251,,False,0,
194278,,False,0,
194284,,False,0,
194339,,False,0,
194345,,False,0,
194347,,False,0,
194349,,False,0,
194482,,False,0,
194486,,False,0,
194531,,False,0,
194658,,False,0,
194662,,False,0,
194691,,False,0,
194899,,False,0,
194952,,False,0,
194957,,False,0,
194979,,False,0,
195022,,False,0,
195080,,False,0,
195098,,False,0,
195104,,False,0,
195110,,False,0,
195112,,False,0,
195120,,False,0,
195122,,False,0,
195134,,False,0,
195152,,False,0,
195156,,False,0,
195211,,False,0,
195219,,False,0,
195329,,False,0,
195333,,False,0,
195467,,False,0,
195633,,False,0,
195763,,False,0,
195780,,False,0,
195789,,False,0,
195790,,False,0,
195791,,False,0,
195797,,False,0,
195805,,False,0,
195845,,False,0,
195850,,False,0,
196036,,False,0,
196240,,False,0,
196252,,False,0,
196261,,False,0,
196274,,False,0,
196280,,False,0,
196281,,False,0,
196282,,False,0,
196303,,False,0,
196310,,False,0,
196318,,False,0,
196320,,False,0,
196322,,False,0,
196329,,False,0,
196330,,False,0,
196331,,False,0,
196332,,False,0,
196333,,False,0,
196340,,False,0,
196357,,False,0,
196358,,False,0,
196359,,False,0,
196640,,False,0,
196663,,False,0,
196735,,False,0,
196749,,False,0,
196753,,False,0,
196758,,False,0,
196768,,False,0,
196778,,False,0,
196797,,False,0,
196802,,False,0,
196854,,False,0,
196862,,False,0,
196904,,False,0,
197007,,False,0,
197019,,False,0,
197020,,False,0,
197021,,False,0,
197024,,False,0,
197028,,False,0,
197032,,False,0,
197038,,False,0,
197039,,False,0,
197060,,False,0,
197150,,False,0,
197154,,False,0,
197174,,False,0,
197180,,False,0,
197237,,False,0,
197275,,False,0,
197288,,False,0,
197328,,False,0,
197335,,False,0,
197439,,False,0,
197452,,False,0,
197475,,False,0,
197510,,False,0,
197527,,False,0,
197691,,False,0,
197751,,False,0,
197760,,False,0,
197773,,False,0,
197784,,False,0,
197848,,False,0,
197855,,False,0,
197856,,False,0,
197857,,False,0,
197864,,False,0,
197865,,False,0,
197866,,False,0,
197874,,False,0,
197887,,False,0,
197892,,False,0,
197934,,False,0,
197935,,False,0,
197936,,False,0,
197940,,False,0,
197941,,False,0,
197942,,False,0,
197984,,False,0,
197990,,False,0,
197991,,False,0,
197995,,False,0,
198067,,False,0,
198176,,False,0,
198223,,False,0,
198229,,False,0,
198235,,False,0,
198239,,False,0,
198471,,False,0,
198473,,False,0,
198500,,False,0,
198506,,False,0,
198509,,False,0,
198514,,False,0,
198521,,False,0,
198528,,False,0,
198537,,False,0,
198541,,False,0,
198548,,False,0,
198556,,False,0,
198563,,False,0,
198570,,False,0,
198577,,False,0,
198582,,False,0,
198591,,False,0,
198598,,False,0,
198603,,False,0,
198607,,False,0,
198614,,False,0,
198621,,False,0,
198628,,False,0,
198635,,False,0,
198642,,False,0,
198649,,False,0,
198656,,False,0,
198663,,False,0,
198670,,False,0,
198674,,False,0,
198681,,False,0,
198694,,False,0,
198701,,False,0,
198708,,False,0,
198715,,False,0,
198722,,False,0,
198729,,False,0,
198736,,False,0,
198744,,False,0,
198750,,False,0,
198752,,False,0,
198797,,False,0,
198804,,False,0,
198812,,False,0,
198842,,False,0,
198869,,False,0,
198907,,False,0,
198932,,False,0,
198948,,False,0,
198978,,False,0,
199018,,False,0,
199027,,False,0,
199034,,False,0,
199067,,False,0,
199095,,False,0,
199107,,False,0,
199111,,False,0,
199112,,False,0,
199114,,False,0,
199193,,False,0,
199208,,False,0,
199212,,False,0,
199214,,False,0,
199216,,False,0,
199658,,False,0,
199667,,False,0,
199770,,False,0,
199776,,False,0,
199778,,False,0,
199780,,False,0,
200265,,False,0,
200476,,False,0,
200494,,False,0,
200510,,False,0,
200535,,False,0,
200541,,False,0,
200543,,False,0,
200579,,False,0,
200596,,False,0,
200629,,False,0,
200644,,False,0,
200651,,False,0,
200671,,False,0,
200707,,False,0,
200714,,False,0,
200731,,False,0,
200751,,False,0,
200784,,False,0,
200807,,False,0,
200827,,False,0,
200834,,False,0,
200852,,False,0,
200856,,False,0,
200872,,False,0,
200873,,False,0,
200875,,False,0,
200898,,False,0,
200984,,False,0,
201038,,False,0,
201111,,False,0,
201125,,False,0,
201129,,False,0,
201131,,False,0,
201133,,False,0,
201180,,False,0,
201266,,False,0,
201372,,False,0,
201378,,False,0,
201380,,False,0,
201382,,False,0,
201532,,False,0,
201548,,False,0,
201549,,False,0,
201550,,False,0,
201556,,False,0,
201580,,False,0,
202018,,False,0,
202026,,False,0,
202027,,False,0,
202028,,False,0,
202126,,False,0,
202143,,False,0,
202152,,False,0,
202190,,False,0,
202196,,False,0,
202197,,False,0,
202199,,False,0,
202208,,False,0,
202253,,False,0,
202326,,False,0,
202340,,False,0,
202347,,False,0,
202351,,False,0,
202353,,False,0,
202355,,False,0,
202548,,False,0,
202573,,False,0,
202574,,False,0,
202575,,False,0,
202585,,False,0,
202745,,False,0,
202751,,False,0,
202753,,False,0,
202755,,False,0,
202791,,False,0,
202800,,False,0,
202801,,False,0,
203010,,False,0,
203111,,False,0,
203385,,False,0,
203415,,False,0,
203421,,False,0,
203484,,False,0,
203544,,False,0,
203548,,False,0,
203591,,False,0,
203635,,False,0,
203641,,False,0,
203643,,False,0,
203645,,False,0,
203653,,False,0,
203930,,False,0,
203995,,False,0,
203999,,False,0,
204250,,False,0,
204260,,False,0,
204266,,False,0,
204268,,False,0,
204270,,False,0,
204311,,False,0,
204318,,False,0,
204350,,False,0,
204357,,False,0,
204368,,False,0,
204374,,False,0,
204475,,False,0,
204533,,False,0,
204534,,False,0,
204535,,False,0,
204612,,False,0,
204616,,False,0,
204665,,False,0,
204681,,False,0,
204704,,False,0,
204831,,False,0,
204837,,False,0,
204841,,False,0,
204945,,False,0,
204957,,False,0,
204967,,False,0,
204973,,False,0,
204975,,False,0,
204977,,False,0,
205323,,False,0,
205331,,False,0,
205339,,False,0,
205366,,False,0,
205374,,False,0,
205395,,False,0,
205403,,False,0,
205617,,False,0,
205629,,False,0,
205660,,False,0,
205927,,False,0,
205952,,False,0,
205967,,False,0,
205971,,False,0,
205981,,False,0,
205985,,False,0,
206038,,False,0,
206051,,False,0,
206052,,False,0,
206053,,False,0,
206058,,False,0,
206063,,False,0,
206101,,False,0,
206110,,False,0,
206111,,False,0,
206127,,False,0,
206144,,False,0,
206148,,False,0,
206175,,False,0,
206259,,False,0,
206265,,False,0,
206267,,False,0,
206269,,False,0,
206292,,False,0,
206317,,False,0,
206335,,False,0,
206448,,False,0,
206469,,False,0,
206486,,False,0,
206515,,False,0,
206519,,False,0,
206520,,False,0,
206534,,False,0,
206538,,False,0,
206542,,False,0,
206580,,False,0,
206622,,False,0,
206716,,False,0,
206725,,False,0,
206729,,False,0,
206798,,False,0,
206839,,False,0,
206864,,False,0,
206874,,False,0,
206879,,False,0,
206880,,False,0,
206881,,False,0,
206882,,False,0,
206883,,False,0,
206891,,False,0,
206892,,False,0,
206893,,False,0,
206900,,False,0,
206904,,False,0,
206943,,False,0,
207054,,False,0,
207133,,False,0,
207134,,False,0,
207135,,False,0,
207167,,False,0,
207190,,False,0,
207197,,False,0,
207202,,False,0,
207274,,False,0,
207278,,False,0,
207293,,False,0,
207327,,False,0,
207331,,False,0,
207343,,False,0,
207352,,False,0,
207360,,False,0,
207379,,False,0,
207384,,False,0,
207400,,False,0,
207401,,False,0,
207402,,False,0,
207417,,False,0,
207433,,False,0,
207434,,False,0,
207435,,False,0,
207436,,False,0,
207437,,False,0,
207438,,False,0,
207439,,False,0,
207440,,False,0,
207441,,False,0,
207442,,False,0,
207443,,False,0,
207447,,False,0,
207455,,False,0,
207524,,False,0,
207528,,False,0,
207561,,False,0,
207587,,False,0,
207588,,False,0,
207589,,False,0,
207590,,False,0,
207591,,False,0,
207601,,False,0,
207639,,False,0,
207662,,False,0,
207683,,False,0,
207718,,False,0,
207723,,False,0,
207789,,False,0,
207804,,False,0,
207810,,False,0,
207881,,False,0,
207885,,False,0,
207886,,False,0,
207888,,False,0,
207897,,False,0,
207941,,False,0,
207945,,False,0,
207951,,False,0,
207953,,False,0,
207965,,False,0,
208065,,False,0,
208066,,False,0,
208068,,False,0,
208170,,False,0,
208183,,False,0,
208189,,False,0,
208195,,False,0,
208197,,False,0,
208199,,False,0,
208237,,False,0,
208261,,False,0,
208280,,False,0,
208298,,False,0,
208327,,False,0,
208354,,False,0,
208370,,False,0,
208377,,False,0,
208405,,False,0,
208433,,False,0,
208449,,False,0,
208466,,False,0,
208482,,False,0,
208507,,False,0,
208544,,False,0,
208565,,False,0,
208569,,False,0,
208570,,False,0,
208572,,False,0,
208640,,False,0,
208647,,False,0,
208652,,False,0,
208653,,False,0,
208655,,False,0,
208673,,False,0,
208728,,False,0,
208731,,False,0,
208732,,False,0,
208734,,False,0,
208781,,False,0,
208787,,False,0,
208793,,False,0,
208794,,False,0,
208796,,False,0,
209003,,False,0,
209009,,False,0,
209010,,False,0,
209012,,False,0,
209025,,False,0,
209084,,False,0,
209091,,False,0,
209092,,False,0,
209094,,False,0,
209104,,False,0,
209143,,False,0,
209150,,False,0,
209156,,False,0,
209158,,False,0,
209169,,False,0,
209173,,False,0,
209175,,False,0,
209210,,False,0,
209248,,False,0,
209256,,False,0,
209274,,False,0,
209282,,False,0,
209289,,False,0,
209325,,False,0,
209338,,False,0,
209364,,False,0,
209375,,False,0,
209384,,False,0,
209394,,False,0,
209401,,False,0,
209408,,False,0,
209412,,False,0,
209413,,False,0,
209415,,False,0,
209427,,False,0,
209485,,False,0,
209492,,False,0,
209496,,False,0,
209497,,False,0,
209499,,False,0,
209507,,False,0,
209538,,False,0,
209545,,False,0,
209549,,False,0,
209550,,False,0,
209552,,False,0,
209567,,False,0,
209633,,False,0,
209640,,False,0,
209641,,False,0,
209643,,False,0,
209654,,False,0,
209660,,False,0,
209662,,False,0,
209682,,False,0,
209763,,False,0,
209914,,False,0,
210032,,False,0,
210063,,False,0,
210065,,False,0,
210083,,False,0,
210084,,False,0,
210085,,False,0,
210099,,False,0,
210100,,False,0,
210101,,False,0,
210126,,False,0,
210127,,False,0,
210128,,False,0,
210138,,False,0,
210141,,False,0,
210147,,False,0,
210148,,False,0,
210150,,False,0,
210269,,False,0,
210644,,False,0,
210654,,False,0,
210736,,False,0,
210740,,False,0,
210741,,False,0,
210743,,False,0,
210747,,False,0,
210766,,False,0,
210772,,False,0,
210774,,False,0,
210865,,False,0,
210880,,False,0,
210917,,False,0,
210992,,False,0,
210996,,False,0,
210998,,False,0,
211000,,False,0,
211181,,False,0,
211205,,False,0,
211291,,False,0,
211308,,False,0,
211309,,False,0,
211311,,False,0,
211370,,False,0,
211381,,False,0,
211385,,False,0,
211386,,False,0,
211388,,False,0,
211399,,False,0,
211464,,False,0,
211466,,False,0,
211511,,False,0,
211565,,False,0,
211571,,False,0,
211573,,False,0,
211575,,False,0,
211609,,False,0,
211622,,False,0,
211649,,False,0,
211663,,False,0,
211674,,False,0,
211682,,False,0,
211700,,False,0,
211704,,False,0,
211733,,False,0,
211755,,False,0,
211774,,False,0,
211775,,False,0,
211777,,False,0,
211833,,False,0,
211989,,False,0,
211995,,False,0,
211997,,False,0,
212022,,False,0,
212031,,False,0,
212047,,False,0,
212066,,False,0,
212102,,False,0,
212109,,False,0,
212115,,False,0,
212128,,False,0,
212158,,False,0,
212188,,False,0,
212226,,False,0,
212243,,False,0,
212257,,False,0,
212271,,False,0,
212288,,False,0,
212332,,False,0,
212336,,False,0,
212337,,False,0,
212339,,False,0,
212365,,False,0,
212399,,False,0,
212457,,False,0,
212497,,False,0,
212510,,False,0,
212512,,False,0,
212539,,False,0,
212595,,False,0,
212597,,False,0,
212598,,False,0,
212599,,False,0,
212600,,False,0,
212602,,False,0,
212608,,False,0,
212609,,False,0,
212611,,False,0,
212613,,False,0,
212627,,False,0,
212629,,False,0,
212630,,False,0,
212631,,False,0,
212652,,False,0,
212657,,False,0,
212659,,False,0,
212660,,False,0,
212661,,False,0,
212663,,False,0,
212670,,False,0,
212674,,False,0,
212676,,False,0,
212687,,False,0,
212689,,False,0,
212702,,False,0,
212726,,False,0,
212736,,False,0,
212748,,False,0,
212760,,False,0,
212768,,False,0,
212769,,False,0,
212770,,False,0,
212771,,False,0,
212772,,False,0,
212777,,False,0,
212778,,False,0,
212779,,False,0,
212790,,False,0,
212791,,False,0,
212792,,False,0,
212814,,False,0,
212823,,False,0,
212838,,False,0,
212843,,False,0,
212845,,False,0,
212846,,False,0,
212847,,False,0,
212849,,False,0,
212850,,False,0,
212851,,False,0,
212948,,False,0,
212949,,False,0,
212950,,False,0,
212955,,False,0,
212960,,False,0,
212961,,False,0,
212962,,False,0,
212971,,False,0,
212972,,False,0,
212973,,False,0,
212975,,False,0,
212976,,False,0,
212977,,False,0,
212987,,False,0,
212988,,False,0,
212989,,False,0,
213005,,False,0,
213015,,False,0,
213017,,False,0,
213026,,False,0,
213028,,False,0,
213037,,False,0,
213038,,False,0,
213039,,False,0,
213043,,False,0,
213052,,False,0,
213078,,False,0,
213079,,False,0,
213080,,False,0,
213214,,False,0,
213216,,False,0,
213220,,False,0,
213221,,False,0,
213222,,False,0,
213232,,False,0,
213245,,False,0,
213252,,False,0,
213254,,False,0,
213261,,False,0,
213266,,False,0,
213504,,False,0,
213505,,False,0,
213506,,False,0,
213510,,False,0,
213511,,False,0,
213512,,False,0,
213517,,False,0,
213522,,False,0,
213523,,False,0,
213524,,False,0,
213528,,False,0,
213529,,False,0,
213531,,False,0,
213539,,False,0,
213545,,False,0,
213551,,False,0,
213553,,False,0,
213590,,False,0,
213629,,False,0,
213638,,False,0,
213649,,False,0,
213659,,False,0,
213683,,False,0,
213707,,False,0,
213719,,False,0,
213751,,False,0,
213765,,False,0,
213803,,False,0,
213846,,False,0,
213874,,False,0,
213901,,False,0,
213917,,False,0,
213921,,False,0,
213922,,False,0,
213924,,False,0,
213931,,False,0,
213984,,False,0,
214066,,False,0,
214070,,False,0,
214076,,False,0,
214077,,False,0,
214079,,False,0,
214080,,False,0,
214081,,False,0,
214082,,False,0,
214083,,False,0,
214084,,False,0,
214085,,False,0,
214086,,False,0,
214087,,False,0,
214088,,False,0,
214090,,False,0,
214097,,False,0,
214128,,False,0,
214130,,False,0,
214131,,False,0,
214132,,False,0,
214136,,False,0,
214140,,False,0,
214141,,False,0,
214143,,False,0,
214159,,False,0,
214191,,False,0,
214193,,False,0,
214485,,False,0,
214506,,False,0,
214515,,False,0,
214517,,False,0,
214523,,False,0,
214525,,False,0,
214527,,False,0,
214562,,False,0,
214587,,False,0,
214606,,False,0,
214655,,False,0,
214665,,False,0,
214686,,False,0,
214714,,False,0,
214731,,False,0,
214742,,False,0,
214781,,False,0,
214788,,False,0,
214797,,False,0,
214805,,False,0,
214812,,False,0,
214823,,False,0,
214831,,False,0,
214835,,False,0,
214837,,False,0,
214839,,False,0,
215010,,False,0,
215051,,False,0,
215094,,False,0,
215118,,False,0,
215126,,False,0,
215142,,False,0,
215196,,False,0,
215287,,False,0,
215361,,False,0,
215386,,False,0,
215396,,False,0,
215438,,False,0,
215447,,False,0,
215470,,False,0,
215506,,False,0,
215512,,False,0,
215514,,False,0,
215516,,False,0,
215595,,False,0,
215668,,False,0,
215700,,False,0,
215778,,False,0,
215922,,False,0,
215952,,False,0,
215965,,False,0,
216026,,False,0,
216031,,False,0,
216213,,False,0,
216225,,False,0,
216265,,False,0,
216292,,False,0,
216338,,False,0,
216345,,False,0,
216347,,False,0,
216349,,False,0,
216378,,False,0,
216383,,False,0,
216399,,False,0,
216406,,False,0,
216412,,False,0,
216413,,False,0,
216415,,False,0,
216430,,False,0,
216553,,False,0,
216555,,False,0,
216690,,False,0,
216803,,False,0,
216879,,False,0,
216887,,False,0,
216928,,False,0,
216940,,False,0,
216946,,False,0,
216947,,False,0,
216949,,False,0,
216956,,False,0,
216981,,False,0,
216983,,False,0,
216985,,False,0,
216986,,False,0,
216987,,False,0,
216996,,False,0,
217000,,False,0,
217004,,False,0,
217005,,False,0,
217007,,False,0,
217022,,False,0,
217092,,False,0,
217124,,False,0,
217128,,False,0,
217134,,False,0,
217135,,False,0,
217137,,False,0,
217156,,False,0,
217207,,False,0,
217329,,False,0,
217331,,False,0,
217332,,False,0,
217360,,False,0,
217366,,False,0,
217370,,False,0,
217374,,False,0,
217375,,False,0,
217377,,False,0,
217387,,False,0,
217430,,False,0,
217432,,False,0,
217433,,False,0,
217446,,False,0,
217455,,False,0,
217459,,False,0,
217460,,False,0,
217462,,False,0,
217473,,False,0,
217483,,False,0,
217489,,False,0,
217490,,False,0,
217492,,False,0,
217616,,False,0,
217618,,False,0,
217970,,False,0,
218004,,False,0,
218018,,False,0,
218030,,False,0,
218040,,False,0,
218050,,False,0,
218074,,False,0,
218099,,False,0,
218109,,False,0,
218123,,False,0,
218129,,False,0,
218133,,False,0,
218134,,False,0,
218135,,False,0,
218136,,False,0,
218137,,False,0,
218138,,False,0,
218139,,False,0,
218140,,False,0,
218141,,False,0,
218142,,False,0,
218143,,False,0,
218144,,False,0,
218145,,False,0,
218146,,False,0,
218147,,False,0,
218148,,False,0,
218149,,False,0,
218150,,False,0,
218151,,False,0,
218152,,False,0,
218153,,False,0,
218154,,False,0,
218155,,False,0,
218156,,False,0,
218157,,False,0,
218158,,False,0,
218159,,False,0,
218160,,False,0,
218161,,False,0,
218162,,False,0,
218163,,False,0,
218164,,False,0,
218165,,False,0,
218166,,False,0,
218167,,False,0,
218168,,False,0,
218169,,False,0,
218170,,False,0,
218171,,False,0,
218172,,False,0,
218173,,False,0,
218174,,False,0,
218175,,False,0,
218176,,False,0,
218177,,False,0,
218178,,False,0,
218179,,False,0,
218180,,False,0,
218181,,False,0,
218182,,False,0,
218183,,False,0,
218184,,False,0,
218185,,False,0,
218186,,False,0,
218187,,False,0,
218188,,False,0,
218189,,False,0,
218190,,False,0,
218191,,False,0,
218192,,False,0,
218193,,False,0,
218194,,False,0,
218195,,False,0,
218196,,False,0,
218197,,False,0,
218198,,False,0,
218199,,False,0,
218200,,False,0,
218201,,False,0,
218202,,False,0,
218203,,False,0,
218204,,False,0,
218205,,False,0,
218206,,False,0,
218207,,False,0,
218208,,False,0,
218209,,False,0,
218210,,False,0,
218211,,False,0,
218212,,False,0,
218213,,False,0,
218214,,False,0,
218215,,False,0,
218216,,False,0,
218217,,False,0,
218218,,False,0,
218219,,False,0,
218220,,False,0,
218221,,False,0,
218222,,False,0,
218223,,False,0,
218224,,False,0,
218225,,False,0,
218226,,False,0,
218227,,False,0,
218228,,False,0,
218229,,False,0,
218230,,False,0,
218231,,False,0,
218232,,False,0,
218233,,False,0,
218234,,False,0,
218235,,False,0,
218236,,False,0,
218237,,False,0,
218238,,False,0,
218239,,False,0,
218240,,False,0,
218241,,False,0,
218242,,False,0,
218243,,False,0,
218244,,False,0,
218245,,False,0,
218246,,False,0,
218247,,False,0,
218248,,False,0,
218249,,False,0,
218250,,False,0,
218251,,False,0,
218252,,False,0,
218253,,False,0,
218254,,False,0,
218255,,False,0,
218256,,False,0,
218257,,False,0,
218258,,False,0,
218259,,False,0,
218260,,False,0,
218261,,False,0,
218262,,False,0,
218263,,False,0,
218264,,False,0,
218265,,False,0,
218266,,False,0,
218267,,False,0,
218268,,False,0,
218269,,False,0,
218270,,False,0,
218271,,False,0,
218272,,False,0,
218273,,False,0,
218274,,False,0,
218275,,False,0,
218276,,False,0,
218277,,False,0,
218278,,False,0,
218279,,False,0,
218280,,False,0,
218281,,False,0,
218282,,False,0,
218283,,False,0,
218284,,False,0,
218285,,False,0,
218286,,False,0,
218287,,False,0,
218288,,False,0,
218289,,False,0,
218290,,False,0,
218291,,False,0,
218292,,False,0,
218293,,False,0,
218294,,False,0,
218295,,False,0,
218296,,False,0,
218297,,False,0,
218298,,False,0,
218299,,False,0,
218300,,False,0,
218301,,False,0,
218302,,False,0,
218303,,False,0,
218304,,False,0,
218305,,False,0,
218306,,False,0,
218307,,False,0,
218308,,False,0,
218309,,False,0,
218310,,False,0,
218311,,False,0,
218312,,False,0,
218313,,False,0,
218314,,False,0,
218315,,False,0,
218316,,False,0,
218317,,False,0,
218318,,False,0,
218319,,False,0,
218320,,False,0,
218321,,False,0,
218322,,False,0,
218323,,False,0,
218324,,False,0,
218325,,False,0,
218326,,False,0,
218327,,False,0,
218328,,False,0,
218329,,False,0,
218330,,False,0,
218331,,False,0,
218332,,False,0,
218333,,False,0,
218334,,False,0,
218335,,False,0,
218336,,False,0,
218337,,False,0,
218338,,False,0,
218339,,False,0,
218340,,False,0,
218341,,False,0,
218342,,False,0,
218343,,False,0,
218344,,False,0,
218345,,False,0,
218346,,False,0,
218347,,False,0,
218348,,False,0,
218349,,False,0,
218350,,False,0,
218351,,False,0,
218352,,False,0,
218353,,False,0,
218354,,False,0,
218355,,False,0,
218356,,False,0,
218357,,False,0,
218358,,False,0,
218359,,False,0,
218360,,False,0,
218361,,False,0,
218362,,False,0,
218363,,False,0,
218364,,False,0,
218365,,False,0,
218366,,False,0,
218367,,False,0,
218368,,False,0,
218369,,False,0,
218370,,False,0,
218371,,False,0,
218372,,False,0,
218373,,False,0,
218374,,False,0,
218375,,False,0,
218376,,False,0,
218377,,False,0,
218378,,False,0,
218379,,False,0,
218380,,False,0,
218381,,False,0,
218382,,False,0,
218383,,False,0,
218384,,False,0,
218385,,False,0,
218386,,False,0,
218387,,False,0,
218388,,False,0,
218389,,False,0,
218390,,False,0,
218391,,False,0,
218392,,False,0,
218393,,False,0,
218394,,False,0,
218395,,False,0,
218396,,False,0,
218397,,False,0,
218398,,False,0,
218399,,False,0,
218400,,False,0,
218401,,False,0,
218402,,False,0,
218403,,False,0,
218404,,False,0,
218405,,False,0,
218406,,False,0,
218407,,False,0,
218408,,False,0,
218409,,False,0,
218410,,False,0,
218411,,False,0,
218412,,False,0,
218413,,False,0,
218414,,False,0,
218415,,False,0,
218416,,False,0,
218417,,False,0,
218418,,False,0,
218419,,False,0,
218420,,False,0,
218421,,False,0,
218422,,False,0,
218423,,False,0,
218424,,False,0,
218425,,False,0,
218426,,False,0,
218427,,False,0,
218428,,False,0,
218429,,False,0,
218430,,False,0,
218431,,False,0,
218432,,False,0,
218433,,False,0,
218434,,False,0,
218435,,False,0,
218436,,False,0,
218437,,False,0,
218438,,False,0,
218439,,False,0,
218440,,False,0,
218441,,False,0,
218442,,False,0,
218443,,False,0,
218444,,False,0,
218445,,False,0,
218446,,False,0,
218447,,False,0,
218448,,False,0,
218449,,False,0,
218450,,False,0,
218451,,False,0,
218452,,False,0,
218453,,False,0,
218454,,False,0,
218455,,False,0,
218456,,False,0,
218457,,False,0,
218458,,False,0,
218459,,False,0,
218460,,False,0,
218461,,False,0,
218462,,False,0,
218463,,False,0,
218464,,False,0,
218465,,False,0,
218466,,False,0,
218467,,False,0,
218468,,False,0,
218469,,False,0,
218470,,False,0,
218471,,False,0,
218472,,False,0,
218473,,False,0,
218474,,False,0,
218475,,False,0,
218476,,False,0,
218477,,False,0,
218478,,False,0,
218479,,False,0,
218480,,False,0,
218481,,False,0,
218482,,False,0,
218483,,False,0,
218484,,False,0,
218485,,False,0,
218486,,False,0,
218487,,False,0,
218488,,False,0,
218489,,False,0,
218490,,False,0,
218491,,False,0,
218492,,False,0,
218493,,False,0,
218494,,False,0,
218495,,False,0,
218496,,False,0,
218497,,False,0,
218498,,False,0,
218499,,False,0,
218500,,False,0,
218501,,False,0,
218502,,False,0,
218503,,False,0,
218504,,False,0,
218505,,False,0,
218506,,False,0,
218507,,False,0,
218508,,False,0,
218509,,False,0,
218510,,False,0,
218511,,False,0,
218512,,False,0,
218513,,False,0,
218514,,False,0,
218515,,False,0,
218516,,False,0,
218517,,False,0,
218518,,False,0,
218519,,False,0,
218520,,False,0,
218521,,False,0,
218522,,False,0,
218523,,False,0,
218524,,False,0,
218525,,False,0,
218526,,False,0,
218527,,False,0,
218528,,False,0,
218529,,False,0,
218530,,False,0,
218531,,False,0,
218532,,False,0,
218533,,False,0,
218534,,False,0,
218535,,False,0,
218536,,False,0,
218537,,False,0,
218538,,False,0,
218539,,False,0,
218540,,False,0,
218541,,False,0,
218542,,False,0,
218543,,False,0,
218544,,False,0,
218545,,False,0,
218546,,False,0,
218547,,False,0,
218548,,False,0,
218549,,False,0,
218550,,False,0,
218551,,False,0,
218552,,False,0,
218553,,False,0,
218554,,False,0,
218555,,False,0,
218556,,False,0,
218557,,False,0,
218558,,False,0,
218559,,False,0,
218560,,False,0,
218561,,False,0,
218562,,False,0,
218563,,False,0,
218564,,False,0,
218565,,False,0,
218566,,False,0,
218567,,False,0,
218568,,False,0,
218569,,False,0,
218570,,False,0,
218571,,False,0,
218572,,False,0,
218573,,False,0,
218574,,False,0,
218575,,False,0,
218576,,False,0,
218577,,False,0,
218578,,False,0,
218579,,False,0,
218580,,False,0,
218581,,False,0,
218582,,False,0,
218583,,False,0,
218584,,False,0,
218585,,False,0,
218586,,False,0,
218587,,False,0,
218588,,False,0,
218589,,False,0,
218590,,False,0,
218591,,False,0,
218592,,False,0,
218593,,False,0,
218594,,False,0,
218595,,False,0,
218596,,False,0,
218597,,False,0,
218598,,False,0,
218599,,False,0,
218600,,False,0,
218601,,False,0,
218602,,False,0,
218603,,False,0,
218604,,False,0,
218605,,False,0,
218606,,False,0,
218607,,False,0,
218608,,False,0,
218609,,False,0,
218610,,False,0,
218611,,False,0,
218612,,False,0,
218613,,False,0,
218614,,False,0,
218615,,False,0,
218616,,False,0,
218617,,False,0,
218618,,False,0,
218619,,False,0,
218620,,False,0,
218621,,False,0,
218622,,False,0,
218623,,False,0,
218624,,False,0,
218625,,False,0,
218626,,False,0,
218627,,False,0,
218628,,False,0,
218629,,False,0,
218630,,False,0,
218631,,False,0,
218632,,False,0,
218633,,False,0,
218634,,False,0,
218635,,False,0,
218636,,False,0,
218637,,False,0,
218638,,False,0,
218639,,False,0,
218640,,False,0,
218641,,False,0,
218642,,False,0,
218643,,False,0,
218644,,False,0,
218645,,False,0,
218646,,False,0,
218649,,False,0,
218651,,False,0,
218673,,False,0,
218701,,False,0,
218746,,False,0,
218823,,False,0,
218839,,False,0,
218868,,False,0,
218902,,False,0,
218923,,False,0,
218927,,False,0,
218936,,False,0,
218974,,False,0,
218994,,False,0,
219004,,False,0,
219035,,False,0,
219042,,False,0,
219056,,False,0,
219059,,False,0,
219063,,False,0,
219064,,False,0,
219066,,False,0,
219117,,False,0,
219353,,False,0,
219492,,False,0,
219703,,False,0,
219713,,False,0,
219721,,False,0,
219726,,False,0,
219728,,False,0,
220057,,False,0,
220063,,False,0,
220065,,False,0,
220067,,False,0,
220334,,False,0,
220343,,False,0,
220494,,False,0,
220503,,False,0,
220508,,False,0,
220517,,False,0,
220624,,False,0,
220634,,False,0,
220751,,False,0,
220757,,False,0,
220831,,False,0,
220837,,False,0,
220839,,False,0,
220841,,False,0,
221523,,False,0,
221529,,False,0,
221531,,False,0,
221895,,False,0,
221898,,False,0,
221945,,False,0,
221951,,False,0,
221953,,False,0,
221955,,False,0,
222042,,False,0,
222068,,False,0,
222204,,False,0,
222257,,False,0,
222266,,False,0,
222452,,False,0,
222671,,False,0,
222677,,False,0,
222679,,False,0,
222681,,False,0,
223019,,False,0,
223024,,False,0,
223028,,False,0,
223043,,False,0,
223057,,False,0,
223072,,False,0,
223222,,False,0,
223229,,False,0,
223417,,False,0,
223423,,False,0,
223424,,False,0,
223426,,False,0,
223433,,False,0,
223466,,False,0,
223470,,False,0,
223474,,False,0,
223476,,False,0,
223478,,False,0,
223861,,False,0,
223867,,False,0,
223869,,False,0,
223871,,False,0,
223909,,False,0,
224373,,False,0,
224377,,False,0,
224387,,False,0,
224393,,False,0,
224397,,False,0,
224399,,False,0,
224401,,False,0,
224403,,False,0,
224406,,False,0,
224909,,False,0,
224913,,False,0,
225252,,False,0,
225258,,False,0,
225260,,False,0,
225262,,False,0,
225977,,False,0,
225989,,False,0,
226140,,False,0,
226168,,False,0,
226179,,False,0,
226185,,False,0,
226190,,False,0,
226192,,False,0,
226251,,False,0,
226263,,False,0,
226282,,False,0,
226294,,False,0,
226307,,False,0,
226315,,False,0,
226338,,False,0,
226347,,False,0,
226356,,False,0,
226369,,False,0,
226380,,False,0,
226390,,False,0,
226397,,False,0,
226407,,False,0,
226415,,False,0,
226418,,False,0,
226422,,False,0,
226424,,False,0,
226426,,False,0,
226434,,False,0,
226527,,False,0,
226712,,False,0,
226718,,False,0,
226719,,False,0,
226720,,False,0,
226740,,False,0,
226745,,False,0,
226787,,False,0,
226792,,False,0,
226795,,False,0,
226956,,False,0,
226964,,False,0,
227044,,False,0,
227053,,False,0,
227057,,False,0,
227247,,False,0,
227253,,False,0,
227255,,False,0,
227257,,False,0,
227442,,False,0,
227502,,False,0,
227738,,False,0,
227760,,False,0,
227794,,False,0,
227798,,False,0,
227863,,False,0,
227901,,False,0,
227919,,False,0,
228157,,False,0,
228167,,False,0,
228198,,False,0,
228207,,False,0,
228352,,False,0,
228358,,False,0,
228364,,False,0,
228366,,False,0,
228368,,False,0,
228745,,False,0,
228775,,False,0,
228779,,False,0,
228781,,False,0,
228941,,False,0,
229125,,False,0,
229131,,False,0,
229241,,False,0,
229246,,False,0,
229589,,False,0,
229602,,False,0,
229608,,False,0,
229614,,False,0,
229616,,False,0,
229618,,False,0,
229913,,False,0,
229928,,False,0,
230064,,False,0,
230292,,False,0,
230298,,False,0,
230302,,False,0,
230308,,False,0,
230310,,False,0,
230312,,False,0,
230316,,False,0,
230328,,False,0,
230347,,False,0,
230668,,False,0,
230682,,False,0,
230708,,False,0,
230723,,False,0,
230866,,False,0,
230872,,False,0,
230945,,False,0,
230975,,False,0,
230997,,False,0,
231008,,False,0,
231028,,False,0,
231037,,False,0,
231051,,False,0,
231057,,False,0,
231059,,False,0,
231061,,False,0,
231103,,False,0,
231129,,False,0,
231273,,False,0,
231277,,False,0,
231278,,False,0,
231401,,False,0,
231424,,False,0,
231428,,False,0,
231429,,False,0,
231468,,False,0,
231474,,False,0,
231476,,False,0,
231478,,False,0,
231518,,False,0,
231576,,False,0,
231580,,False,0,
231628,,False,0,
231632,,False,0,
231662,,False,0,
231671,,False,0,
231690,,False,0,
231691,,False,0,
231692,,False,0,
231693,,False,0,
231694,,False,0,
232109,,False,0,
232115,,False,0,
232117,,False,0,
232119,,False,0,
232491,,False,0,
232495,,False,0,
232496,,False,0,
233205,,False,0,
233211,,False,0,
233213,,False,0,
233215,,False,0,
233476,,False,0,
233480,,False,0,
233481,,False,0,
233671,,False,0,
233675,,False,0,
233676,,False,0,
233914,,False,0,
233921,,False,0,
233925,,False,0,
233927,,False,0,
233929,,False,0,
233930,,False,0,
233931,,False,0,
233932,,False,0,
233973,,False,0,
234196,,False,0,
234203,,False,0,
234207,,False,0,
234376,,False,0,
234382,,False,0,
234384,,False,0,
234386,,False,0,
234511,,False,0,
234515,,False,0,
234516,,False,0,
234640,,False,0,
234644,,False,0,
234645,,False,0,
235049,,False,0,
235055,,False,0,
235057,,False,0,
235059,,False,0,
235065,,False,0,
235067,,False,0,
235069,,False,0,
235558,,False,0,
235689,,False,0,
235695,,False,0,
235696,,False,0,
235698,,False,0,
235711,,False,0,
235727,,False,0,
235744,,False,0,
235747,,False,0,
235751,,False,0,
235752,,False,0,
235754,,False,0,
235759,,False,0,
235779,,False,0,
235858,,False,0,
235890,,False,0,
235941,,False,0,
235948,,False,0,
235974,,False,0,
235976,,False,0,
235995,,False,0,
236001,,False,0,
236002,,False,0,
236004,,False,0,
236006,,False,0,
236547,,False,0,
236555,,False,0,
236614,,False,0,
236647,,False,0,
236666,,False,0,
236745,,False,0,
236766,,False,0,
236820,,False,0,
236826,,False,0,
236832,,False,0,
236834,,False,0,
236916,,False,0,
237007,,False,0,
237066,,False,0,
237087,,False,0,
237124,,False,0,
237185,,False,0,
237234,,False,0,
237241,,False,0,
237278,,False,0,
237287,,False,0,
237319,,False,0,
237362,,False,0,
237406,,False,0,
237418,,False,0,
237468,,False,0,
237472,,False,0,
237473,,False,0,
237475,,False,0,
237477,,False,0,
237549,,False,0,
237554,,False,0,
237642,,False,0,
237643,,False,0,
237644,,False,0,
237790,,False,0,
237809,,False,0,
237834,,False,0,
237852,,False,0,
237857,,False,0,
237998,,False,0,
238002,,False,0,
238003,,False,0,
238004,,False,0,
238009,,False,0,
238014,,False,0,
238033,,False,0,
238150,,False,0,
238154,,False,0,
238160,,False,0,
238161,,False,0,
238163,,False,0,
238165,,False,0,
238187,,False,0,
238192,,False,0,
238237,,False,0,
238309,,False,0,
238354,,False,0,
238355,,False,0,
238356,,False,0,
238358,,False,0,
238368,,False,0,
238457,,False,0,
238460,,False,0,
238465,,False,0,
238532,,False,0,
238537,,False,0,
238551,,False,0,
238573,,False,0,
238574,,False,0,
238575,,False,0,
238781,,False,0,
238783,,False,0,
238806,,False,0,
238823,,False,0,
238956,,False,0,
238979,,False,0,
238984,,False,0,
238985,,False,0,
238986,,False,0,
238994,,False,0,
238995,,False,0,
238996,,False,0,
238997,,False,0,
238998,,False,0,
238999,,False,0,
239000,,False,0,
239008,,False,0,
239014,,False,0,
239020,,False,0,
239021,,False,0,
239023,,False,0,
239025,,False,0,
239059,,False,0,
239060,,False,0,
239061,,False,0,
239069,,False,0,
239164,,False,0,
239176,,False,0,
239231,,False,0,
239236,,False,0,
239256,,False,0,
239304,,False,0,
239430,,False,0,
239448,,False,0,
239460,,False,0,
239468,,False,0,
239473,,False,0,
239474,,False,0,
239477,,False,0,
239481,,False,0,
239513,,False,0,
239518,,False,0,
239529,,False,0,
239598,,False,0,
239626,,False,0,
239630,,False,0,
239679,,False,0,
239684,,False,0,
239686,,False,0,
239695,,False,0,
239703,,False,0,
239704,,False,0,
239705,,False,0,
239706,,False,0,
239707,,False,0,
239722,,False,0,
239734,,False,0,
239739,,False,0,
239744,,False,0,
239745,,False,0,
239746,,False,0,
239754,,False,0,
239755,,False,0,
239756,,False,0,
239762,,False,0,
239764,,False,0,
239779,,False,0,
239780,,False,0,
239781,,False,0,
239784,,False,0,
239785,,False,0,
239786,,False,0,
239791,,False,0,
239796,,False,0,
239797,,False,0,
239798,,False,0,
239818,,False,0,
239848,,False,0,
239855,,False,0,
239864,,False,0,
239875,,False,0,
239926,,False,0,
239930,,False,0,
239941,,False,0,
239947,,False,0,
239948,,False,0,
239949,,False,0,
239956,,False,0,
239963,,False,0,
239964,,False,0,
239965,,False,0,
240004,,False,0,
240013,,False,0,
240019,,False,0,
240020,,False,0,
240023,,False,0,
240027,,False,0,
240092,,False,0,
240264,,False,0,
240268,,False,0,
240301,,False,0,
240305,,False,0,
240509,,False,0,
240514,,False,0,
240518,,False,0,
240613,,False,0,
240622,,False,0,
240656,,False,0,
240662,,False,0,
240706,,False,0,
240708,,False,0,
240710,,False,0,
240761,,False,0,
240763,,False,0,
240765,,False,0,
240791,,False,0,
240839,,False,0,
240854,,False,0,
240908,,False,0,
240914,,False,0,
240915,,False,0,
240917,,False,0,
240919,,False,0,
241075,,False,0,
241077,,False,0,
241088,,False,0,
241098,,False,0,
241205,,False,0,
241283,,False,0,
241292,,False,0,
241294,,False,0,
241453,,False,0,
241455,,False,0,
241460,,False,0,
241469,,False,0,
241726,,False,0,
241732,,False,0,
241733,,False,0,
241735,,False,0,
241737,,False,0,
241741,,False,0,
241759,,False,0,
241826,,False,0,
241837,,False,0,
241890,,False,0,
241894,,False,0,
241909,,False,0,
241942,,False,0,
241947,,False,0,
241952,,False,0,
241977,,False,0,
241996,,False,0,
242045,,False,0,
242048,,False,0,
242050,,False,0,
242051,,False,0,
242057,,False,0,
242091,,False,0,
242103,,False,0,
242109,,False,0,
242218,,False,0,
242233,,False,0,
242328,,False,0,
242334,,False,0,
242335,,False,0,
242337,,False,0,
242339,,False,0,
242437,,False,0,
242438,,False,0,
242439,,False,0,
242440,,False,0,
242441,,False,0,
242445,,False,0,
242452,,False,0,
242491,,False,0,
242525,,False,0,
242563,,False,0,
242588,,False,0,
242674,,False,0,
242675,,False,0,
242678,,False,0,
242679,,False,0,
242693,,False,0,
242694,,False,0,
242736,,False,0,
242737,,False,0,
242740,,False,0,
242741,,False,0,
242742,,False,0,
242743,,False,0,
242744,,False,0,
242745,,False,0,
242746,,False,0,
242770,,False,0,
242775,,False,0,
242777,,False,0,
242778,,False,0,
242779,,False,0,
242790,,False,0,
242814,,False,0,
242824,,False,0,
242825,,False,0,
242826,,False,0,
242831,,False,0,
242855,,False,0,
242863,,False,0,
242890,,False,0,
242894,,False,0,
242928,,False,0,
242933,,False,0,
242937,,False,0,
242939,,False,0,
242943,,False,0,
242945,,False,0,
242972,,False,0,
242977,,False,0,
243009,,False,0,
243010,,False,0,
243032,,False,0,
243060,,False,0,
243067,,False,0,
243080,,False,0,
243085,,False,0,
243106,,False,0,
243110,,False,0,
243114,,False,0,
243115,,False,0,
243116,,False,0,
243135,,False,0,
243151,,False,0,
243153,,False,0,
243160,,False,0,
243162,,False,0,
243171,,False,0,
243172,,False,0,
243173,,False,0,
243181,,False,0,
243186,,False,0,
243187,,False,0,
243188,,False,0,
243198,,False,0,
243199,,False,0,
243201,,False,0,
243206,,False,0,
243230,,False,0,
243231,,False,0,
243232,,False,0,
243264,,False,0,
243279,,False,0,
243321,,False,0,
243324,,False,0,
243325,,False,0,
243326,,False,0,
243335,,False,0,
243341,,False,0,
243342,,False,0,
243344,,False,0,
243355,,False,0,
243426,,False,0,
243429,,False,0,
243430,,False,0,
243431,,False,0,
243432,,False,0,
243436,,False,0,
243438,,False,0,
243445,,False,0,
243520,,False,0,
243521,,False,0,
243525,,False,0,
243530,,False,0,
243582,,False,0,
243584,,False,0,
243667,,False,0,
243675,,False,0,
243711,,False,0,
243777,,False,0,
243821,,False,0,
243855,,False,0,
243857,,False,0,
243863,,False,0,
243866,,False,0,
243867,,False,0,
243868,,False,0,
243870,,False,0,
243876,,False,0,
243877,,False,0,
244591,,False,0,
244803,,False,0,
244808,,False,0,
244921,,False,0,
244926,,False,0,
244932,,False,0,
244933,,False,0,
244935,,False,0,
244952,,False,0,
245008,,False,0,
245016,,False,0,
245065,,False,0,
245077,,False,0,
245145,,False,0,
245160,,False,0,
245164,,False,0,
245168,,False,0,
245169,,False,0,
245171,,False,0,
245189,,False,0,
245306,,False,0,
245355,,False,0,
245367,,False,0,
245447,,False,0,
245450,,False,0,
245456,,False,0,
245458,,False,0,
245469,,False,0,
245478,,False,0,
245514,,False,0,
245527,,False,0,
245563,,False,0,
245570,,False,0,
245579,,False,0,
245589,,False,0,
245609,,False,0,
245638,,False,0,
245658,,False,0,
245682,,False,0,
245698,,False,0,
245709,,False,0,
245721,,False,0,
245731,,False,0,
245735,,False,0,
245738,,False,0,
245751,,False,0,
245822,,False,0,
245889,,False,0,
245891,,False,0,
245894,,False,0,
245895,,False,0,
245896,,False,0,
245900,,False,0,
245904,,False,0,
245905,,False,0,
245907,,False,0,
245927,,False,0,
245965,,False,0,
246000,,False,0,
246002,,False,0,
246005,,False,0,
246006,,False,0,
246007,,False,0,
246008,,False,0,
246012,,False,0,
246013,,False,0,
246015,,False,0,
246045,,False,0,
246138,,False,0,
246205,,False,0,
246209,,False,0,
246212,,False,0,
246213,,False,0,
246214,,False,0,
246218,,False,0,
246226,,False,0,
246236,,False,0,
246238,,False,0,
246255,,False,0,
246269,,False,0,
246289,,False,0,
246298,,False,0,
246310,,False,0,
246326,,False,0,
246346,,False,0,
246355,,False,0,
246369,,False,0,
246376,,False,0,
246397,,False,0,
246413,,False,0,
246458,,False,0,
246476,,False,0,
246485,,False,0,
246489,,False,0,
246492,,False,0,
246527,,False,0,
246576,,False,0,
246580,,False,0,
246581,,False,0,
246583,,False,0,
246614,,False,0,
246666,,False,0,
246672,,False,0,
246674,,False,0,
246715,,False,0,
246861,,False,0,
246874,,False,0,
246880,,False,0,
246881,,False,0,
246883,,False,0,
246959,,False,0,
246961,,False,0,
247185,,False,0,
247191,,False,0,
247192,,False,0,
247194,,False,0,
247196,,False,0,
247666,,False,0,
247794,,False,0,
247804,,False,0,
247942,,False,0,
247972,,False,0,
248092,,False,0,
248138,,False,0,
248140,,False,0,
248142,,False,0,
248143,,False,0,
248145,,False,0,
248151,,False,0,
248152,,False,0,
248154,,False,0,
248156,,False,0,
248175,,False,0,
248242,,False,0,
248312,,False,0,
248344,,False,0,
248345,,False,0,
248346,,False,0,
248461,,False,0,
248477,,False,0,
248496,,False,0,
248497,,False,0,
248498,,False,0,
248545,,False,0,
248555,,False,0,
248621,,False,0,
248627,,False,0,
248635,,False,0,
248636,,False,0,
248637,,False,0,
248645,,False,0,
248647,,False,0,
248649,,False,0,
248665,,False,0,
248675,,False,0,
248676,,False,0,
248688,,False,0,
248692,,False,0,
248701,,False,0,
248724,,False,0,
248730,,False,0,
248731,,False,0,
248733,,False,0,
248735,,False,0,
249046,,False,0,
249050,,False,0,
249056,,False,0,
249081,,False,0,
249082,,False,0,
249083,,False,0,
249215,,False,0,
249221,,False,0,
249222,,False,0,
249224,,False,0,
249226,,False,0,
249264,,False,0,
249401,,False,0,
249405,,False,0,
249419,,False,0,
249430,,False,0,
249454,,False,0,
249458,,False,0,
249572,,False,0,
249580,,False,0,
249593,,False,0,
249594,,False,0,
249595,,False,0,
249624,,False,0,
249625,,False,0,
249626,,False,0,
249630,,False,0,
249639,,False,0,
249656,,False,0,
249790,,False,0,
249809,,False,0,
249815,,False,0,
249816,,False,0,
249818,,False,0,
249820,,False,0,
249872,,False,0,
249873,,False,0,
249874,,False,0,
249881,,False,0,
249885,,False,0,
249886,,False,0,
249887,,False,0,
249898,,False,0,
249906,,False,0,
249907,,False,0,
249908,,False,0,
249909,,False,0,
249910,,False,0,
249911,,False,0,
249912,,False,0,
249913,,False,0,
249914,,False,0,
249924,,False,0,
249925,,False,0,
249926,,False,0,
249932,,False,0,
249954,,False,0,
250078,,False,0,
250099,,False,0,
250110,,False,0,
250124,,False,0,
250125,,False,0,
250126,,False,0,
250150,,False,0,
250172,,False,0,
250182,,False,0,
250185,,False,0,
250193,,False,0,
250194,,False,0,
250195,,False,0,
250225,,False,0,
250324,,False,0,
250385,,False,0,
250389,,False,0,
250408,,False,0,
250446,,False,0,
250454,,False,0,
250649,,False,0,
250659,,False,0,
250663,,False,0,
250676,,False,0,
250677,,False,0,
250681,,False,0,
250839,,False,0,
250884,,False,0,
250891,,False,0,
250900,,False,0,
250938,,False,0,
250939,,False,0,
250940,,False,0,
250941,,False,0,
250942,,False,0,
250944,,False,0,
250948,,False,0,
250954,,False,0,
250964,,False,0,
250982,,False,0,
250988,,False,0,
250992,,False,0,
251000,,False,0,
251001,,False,0,
251002,,False,0,
251003,,False,0,
251005,,False,0,
251027,,False,0,
251041,,False,0,
251048,,False,0,
251049,,False,0,
251051,,False,0,
251066,,False,0,
251123,,False,0,
251190,,False,0,
251194,,False,0,
251196,,False,0,
251204,,False,0,
251214,,False,0,
251231,,False,0,
251238,,False,0,
251243,,False,0,
251271,,False,0,
251303,,False,0,
251309,,False,0,
251310,,False,0,
251311,,False,0,
251336,,False,0,
251368,,False,0,
251374,,False,0,
251376,,False,0,
251378,,False,0,
251392,,False,0,
251409,,False,0,
251411,,False,0,
251511,,False,0,
251627,,False,0,
251629,,False,0,
251635,,False,0,
251641,,False,0,
251654,,False,0,
251655,,False,0,
251656,,False,0,
251679,,False,0,
251683,,False,0,
251691,,False,0,
251700,,False,0,
251717,,False,0,
251796,,False,0,
251804,,False,0,
251908,,False,0,
251914,,False,0,
251925,,False,0,
251937,,False,0,
251959,,False,0,
252020,,False,0,
252039,,False,0,
252050,,False,0,
252076,,False,0,
252094,,False,0,
252119,,False,0,
252153,,False,0,
252164,,False,0,
252170,,False,0,
252184,,False,0,
252201,,False,0,
252210,,False,0,
252217,,False,0,
252242,,False,0,
252246,,False,0,
252248,,False,0,
252250,,False,0,
252255,,False,0,
252287,,False,0,
252289,,False,0,
252432,,False,0,
252606,,False,0,
252653,,False,0,
252657,,False,0,
252673,,False,0,
252739,,False,0,
252814,,False,0,
252826,,False,0,
252830,,False,0,
252832,,False,0,
252835,,False,0,
252849,,False,0,
252864,,False,0,
252881,,False,0,
252908,,False,0,
252936,,False,0,
253003,,False,0,
253021,,False,0,
253034,,False,0,
253052,,False,0,
253071,,False,0,
253081,,False,0,
253082,,False,0,
253083,,False,0,
253097,,False,0,
253226,,False,0,
253305,,False,0,
253309,,False,0,
253315,,False,0,
253320,,False,0,
253332,,False,0,
253378,,False,0,
253404,,False,0,
253416,,False,0,
253427,,False,0,
253433,,False,0,
253435,,False,0,
253437,,False,0,
253824,,False,0,
253828,,False,0,
253913,,False,0,
253914,,False,0,
253915,,False,0,
253928,,False,0,
253943,,False,0,
253949,,False,0,
253950,,False,0,
253952,,False,0,
254034,,False,0,
254164,,False,0,
254228,,False,0,
254257,,False,0,
254392,,False,0,
254398,,False,0,
254400,,False,0,
254514,,False,0,
254516,,False,0,
254950,,False,0,
254974,,False,0,
254980,,False,0,
254985,,False,0,
254987,,False,0,
255024,,False,0,
255050,,False,0,
255079,,False,0,
255088,,False,0,
255107,,False,0,
255122,,False,0,
255149,,False,0,
255179,,False,0,
255212,,False,0,
255240,,False,0,
255250,,False,0,
255263,,False,0,
255301,,False,0,
255328,,False,0,
255347,,False,0,
255351,,False,0,
255352,,False,0,
255354,,False,0,
255405,,False,0,
255415,,False,0,
255419,,False,0,
255420,,False,0,
255422,,False,0,
255423,,False,0,
255424,,False,0,
255425,,False,0,
255426,,False,0,
255427,,False,0,
255428,,False,0,
255429,,False,0,
255431,,False,0,
255463,,False,0,
255514,,False,0,
255527,,False,0,
255531,,False,0,
255535,,False,0,
255537,,False,0,
255539,,False,0,
255624,,False,0,
255634,,False,0,
255725,,False,0,
255731,,False,0,
255733,,False,0,
255735,,False,0,
255789,,False,0,
255797,,False,0,
255829,,False,0,
255833,,False,0,
255864,,False,0,
255874,,False,0,
256252,,False,0,
256256,,False,0,
256347,,False,0,
256353,,False,0,
256355,,False,0,
256357,,False,0,
256372,,False,0,
256479,,False,0,
256480,,False,0,
256481,,False,0,
256538,,False,0,
256601,,False,0,
256605,,False,0,
256887,,False,0,
256893,,False,0,
256895,,False,0,
256897,,False,0,
257034,,False,0,
257069,,False,0,
257074,,False,0,
257114,,False,0,
257115,,False,0,
257116,,False,0,
257197,,False,0,
257226,,False,0,
257230,,False,0,
257425,,False,0,
257679,,False,0,
257684,,False,0,
257688,,False,0,
257695,,False,0,
257699,,False,0,
257700,,False,0,
257701,,False,0,
257706,,False,0,
257714,,False,0,
257722,,False,0,
257805,,False,0,
257893,,False,0,
257899,,False,0,
257901,,False,0,
257903,,False,0,
257967,,False,0,
258015,,False,0,
258020,,False,0,
258024,,False,0,
258035,,False,0,
258305,,False,0,
258435,,False,0,
258436,,False,0,
258437,,False,0,
258477,,False,0,
258483,,False,0,
258485,,False,0,
258487,,False,0,
258490,,False,0,
258491,,False,0,
258492,,False,0,
258493,,False,0,
258494,,False,0,
258495,,False,0,
258496,,False,0,
258535,,False,0,
258550,,False,0,
258557,,False,0,
258633,,False,0,
258678,,False,0,
258736,,False,0,
258745,,False,0,
258873,,False,0,
258926,,False,0,
258930,,False,0,
258962,,False,0,
258966,,False,0,
258971,,False,0,
258972,,False,0,
258973,,False,0,
259103,,False,0,
259109,,False,0,
259111,,False,0,
259113,,False,0,
259114,,False,0,
259115,,False,0,
259116,,False,0,
259117,,False,0,
259236,,False,0,
259241,,False,0,
259242,,False,0,
259243,,False,0,
259270,,False,0,
259451,,False,0,
259455,,False,0,
259652,,False,0,
259665,,False,0,
259775,,False,0,
259779,,False,0,
259784,,False,0,
259785,,False,0,
259786,,False,0,
259836,,False,0,
259837,,False,0,
259838,,False,0,
259869,,False,0,
259877,,False,0,
259885,,False,0,
259899,,False,0,
259900,,False,0,
259901,,False,0,
259909,,False,0,
260022,,False,0,
260028,,False,0,
260030,,False,0,
260032,,False,0,
260128,,False,0,
260160,,False,0,
260161,,False,0,
260162,,False,0,
260249,,False,0,
260268,,False,0,
260288,,False,0,
260325,,False,0,
260326,,False,0,
260327,,False,0,
260338,,False,0,
260339,,False,0,
260340,,False,0,
260374,,False,0,
260382,,False,0,
260388,,False,0,
260400,,False,0,
260549,,False,0,
260567,,False,0,
260644,,False,0,
260646,,False,0,
260652,,False,0,
260655,,False,0,
260658,,False,0,
260662,,False,0,
260666,,False,0,
260670,,False,0,
260671,,False,0,
260672,,False,0,
260674,,False,0,
260680,,False,0,
260683,,False,0,
260688,,False,0,
260690,,False,0,
260754,,False,0,
260777,,False,0,
260793,,False,0,
260808,,False,0,
260875,,False,0,
260924,,False,0,
260925,,False,0,
260948,,False,0,
260972,,False,0,
260993,,False,0,
261009,,False,0,
261016,,False,0,
261024,,False,0,
261078,,False,0,
261102,,False,0,
261111,,False,0,
261132,,False,0,
261139,,False,0,
261143,,False,0,
261144,,False,0,
261146,,False,0,
261156,,False,0,
261201,,False,0,
261263,,False,0,
261272,,False,0,
261276,,False,0,
261278,,False,0,
261280,,False,0,
261449,,False,0,
261503,,False,0,
261511,,False,0,
261615,,False,0,
261621,,False,0,
261623,,False,0,
261625,,False,0,
261679,,False,0,
261717,,False,0,
261721,,False,0,
261816,,False,0,
261844,,False,0,
261855,,False,0,
261869,,False,0,
261870,,False,0,
261871,,False,0,
261885,,False,0,
261910,,False,0,
261915,,False,0,
261924,,False,0,
261929,,False,0,
261951,,False,0,
261952,,False,0,
261953,,False,0,
261957,,False,0,
261998,,False,0,
262012,,False,0,
262045,,False,0,
262050,,False,0,
262116,,False,0,
262144,,False,0,
262158,,False,0,
262163,,False,0,
262168,,False,0,
262169,,False,0,
262170,,False,0,
262190,,False,0,
262224,,False,0,
262230,,False,0,
262240,,False,0,
262255,,False,0,
262301,,False,0,
262356,,False,0,
262371,,False,0,
262380,,False,0,
262402,,False,0,
262411,,False,0,
262437,,False,0,
262470,,False,0,
262481,,False,0,
262506,,False,0,
262515,,False,0,
262527,,False,0,
262534,,False,0,
262547,,False,0,
262551,,False,0,
262553,,False,0,
262554,,False,0,
262556,,False,0,
262618,,False,0,
262701,,False,0,
262756,,False,0,
262799,,False,0,
262805,,False,0,
262809,,False,0,
262811,,False,0,
262813,,False,0,
263006,,False,0,
263012,,False,0,
263015,,False,0,
263019,,False,0,
263260,,False,0,
263504,,False,0,
263585,,False,0,
263611,,False,0,
263684,,False,0,
263690,,False,0,
263692,,False,0,
263694,,False,0,
263732,,False,0,
263825,,False,0,
263837,,False,0,
263856,,False,0,
264047,,False,0,
264052,,False,0,
264057,,False,0,
264281,,False,0,
264287,,False,0,
264289,,False,0,
264291,,False,0,
264337,,False,0,
264428,,False,0,
264479,,False,0,
264527,,False,0,
264534,,False,0,
264535,,False,0,
264536,,False,0,
264537,,False,0,
264538,,False,0,
264543,,False,0,
264547,,False,0,
264570,,False,0,
264609,,False,0,
264610,,False,0,
264611,,False,0,
264612,,False,0,
264613,,False,0,
264689,,False,0,
264693,,False,0,
264707,,False,0,
264720,,False,0,
264906,,False,0,
264946,,False,0,
264953,,False,0,
264994,,False,0,
265009,,False,0,
265015,,False,0,
265017,,False,0,
265019,,False,0,
265295,,False,0,
265440,,False,0,
265544,,False,0,
265545,,False,0,
265546,,False,0,
265560,,False,0,
265617,,False,0,
265618,,False,0,
265619,,False,0,
265630,,False,0,
265635,,False,0,
265642,,False,0,
265653,,False,0,
265664,,False,0,
265701,,False,0,
265707,,False,0,
265709,,False,0,
265711,,False,0,
265713,,False,0,
265833,,False,0,
265853,,False,0,
265874,,False,0,
265875,,False,0,
265876,,False,0,
265917,,False,0,
265922,,False,0,
265923,,False,0,
265924,,False,0,
265988,,False,0,
266000,,False,0,
266036,,False,0,
266071,,False,0,
266072,,False,0,
266073,,False,0,
266177,,False,0,
266378,,False,0,
266420,,False,0,
266430,,False,0,
266436,,False,0,
266438,,False,0,
266440,,False,0,
266522,,False,0,
266601,,False,0,
266634,,False,0,
266645,,False,0,
266646,,False,0,
266647,,False,0,
266654,,False,0,
266669,,False,0,
266825,,False,0,
266826,,False,0,
266827,,False,0,
266831,,False,0,
266850,,False,0,
266851,,False,0,
266852,,False,0,
266856,,False,0,
266857,,False,0,
266858,,False,0,
266866,,False,0,
266875,,False,0,
266876,,False,0,
266877,,False,0,
266890,,False,0,
266891,,False,0,
266892,,False,0,
266899,,False,0,
266904,,False,0,
266905,,False,0,
266906,,False,0,
266914,,False,0,
266969,,False,0,
266976,,False,0,
267010,,False,0,
267020,,False,0,
267024,,False,0,
267025,,False,0,
267026,,False,0,
267031,,False,0,
267036,,False,0,
267123,,False,0,
267138,,False,0,
267144,,False,0,
267146,,False,0,
267155,,False,0,
267179,,False,0,
267228,,False,0,
267247,,False,0,
267263,,False,0,
267270,,False,0,
267288,,False,0,
267310,,False,0,
267339,,False,0,
267379,,False,0,
267401,,False,0,
267423,,False,0,
267435,,False,0,
267443,,False,0,
267452,,False,0,
267456,,False,0,
267457,,False,0,
267459,,False,0,
267515,,False,0,
267546,,False,0,
267550,,False,0,
267551,,False,0,
267553,,False,0,
267581,,False,0,
267621,,False,0,
267663,,False,0,
267733,,False,0,
267770,,False,0,
267787,,False,0,
267793,,False,0,
267794,,False,0,
267796,,False,0,
267843,,False,0,
267845,,False,0,
268011,,False,0,
268018,,False,0,
268036,,False,0,
268050,,False,0,
268089,,False,0,
268110,,False,0,
268117,,False,0,
268180,,False,0,
268187,,False,0,
268192,,False,0,
268205,,False,0,
268236,,False,0,
268241,,False,0,
268249,,False,0,
268255,,False,0,
268273,,False,0,
268285,,False,0,
268290,,False,0,
268295,,False,0,
268300,,False,0,
268323,,False,0,
268329,,False,0,
268340,,False,0,
268344,,False,0,
268345,,False,0,
268346,,False,0,
268347,,False,0,
268349,,False,0,
268353,,False,0,
268359,,False,0,
268361,,False,0,
268421,,False,0,
268441,,False,0,
268444,,False,0,
268445,,False,0,
268478,,False,0,
268503,,False,0,
268536,,False,0,
268576,,False,0,
268617,,False,0,
268632,,False,0,
268648,,False,0,
268680,,False,0,
268694,,False,0,
268717,,False,0,
268745,,False,0,
268765,,False,0,
268777,,False,0,
268781,,False,0,
268782,,False,0,
268791,,False,0,
268810,,False,0,
268861,,False,0,
268865,,False,0,
268871,,False,0,
268877,,False,0,
268878,,False,0,
268880,,False,0,
268893,,False,0,
268961,,False,0,
268974,,False,0,
269036,,False,0,
269040,,False,0,
269042,,False,0,
269095,,False,0,
269101,,False,0,
269146,,False,0,
269152,,False,0,
269154,,False,0,
269312,,False,0,
269437,,False,0,
269448,,False,0,
269530,,False,0,
269534,,False,0,
269536,,False,0,
269663,,False,0,
269667,,False,0,
269668,,False,0,
269670,,False,0,
269685,,False,0,
269783,,False,0,
269785,,False,0,
269818,,False,0,
269832,,False,0,
269854,,False,0,
269957,,False,0,
269963,,False,0,
269965,,False,0,
269967,,False,0,
269994,,False,0,
270045,,False,0,
270056,,False,0,
270070,,False,0,
270086,,False,0,
270109,,False,0,
270157,,False,0,
270185,,False,0,
270231,,False,0,
270238,,False,0,
270239,,False,0,
270241,,False,0,
270256,,False,0,
270313,,False,0,
270319,,False,0,
270322,,False,0,
270324,,False,0,
270400,,False,0,
270455,,False,0,
270490,,False,0,
270528,,False,0,
270534,,False,0,
270536,,False,0,
270791,,False,0,
270793,,False,0,
270910,,False,0,
270912,,False,0,
270996,,False,0,
271063,,False,0,
271069,,False,0,
271071,,False,0,
271086,,False,0,
271128,,False,0,
271138,,False,0,
271147,,False,0,
271191,,False,0,
271233,,False,0,
271248,,False,0,
271262,,False,0,
271275,,False,0,
271305,,False,0,
271334,,False,0,
271345,,False,0,
271381,,False,0,
271395,,False,0,
271402,,False,0,
271415,,False,0,
271419,,False,0,
271420,,False,0,
271422,,False,0,
271658,,False,0,
271897,,False,0,
271904,,False,0,
271908,,False,0,
271915,,False,0,
272032,,False,0,
272038,,False,0,
272039,,False,0,
272041,,False,0,
272689,,False,0,
272695,,False,0,
272697,,False,0,
272741,,False,0,
272757,,False,0,
272776,,False,0,
272822,,False,0,
272829,,False,0,
272836,,False,0,
272847,,False,0,
272885,,False,0,
272900,,False,0,
272907,,False,0,
272929,,False,0,
272949,,False,0,
272969,,False,0,
272981,,False,0,
273010,,False,0,
273014,,False,0,
273015,,False,0,
273017,,False,0,
273272,,False,0,
273292,,False,0,
273359,,False,0,
273840,,False,0,
273846,,False,0,
273852,,False,0,
273853,,False,0,
273855,,False,0,
273858,,False,0,
273862,,False,0,
274088,,False,0,
274110,,False,0,
274596,,False,0,
274602,,False,0,
274603,,False,0,
274605,,False,0,
274670,,False,0,
274737,,False,0,
274751,,False,0,
275062,,False,0,
275066,,False,0,
275147,,False,0,
275266,,False,0,
275272,,False,0,
275273,,False,0,
275275,,False,0,
275639,,False,0,
275649,,False,0,
275760,,False,0,
275771,,False,0,
275856,,False,0,
275860,,False,0,
275963,,False,0,
275981,,False,0,
275988,,False,0,
276172,,False,0,
276201,,False,0,
276207,,False,0,
276208,,False,0,
276210,,False,0,
276239,,False,0,
276554,,False,0,
276558,,False,0,
276726,,False,0,
276908,,False,0,
276931,,False,0,
276937,,False,0,
276938,,False,0,
276940,,False,0,
276950,,False,0,
277057,,False,0,
277061,,False,0,
277096,,False,0,
277112,,False,0,
277232,,False,0,
277290,,False,0,
277298,,False,0,
277306,,False,0,
277310,,False,0,
277372,,False,0,
277376,,False,0,
277378,,False,0,
277522,,False,0,
277598,,False,0,
277604,,False,0,
277605,,False,0,
277607,,False,0,
277701,,False,0,
277894,,False,0,
277899,,False,0,
277938,,False,0,
278115,,False,0,
278269,,False,0,
278784,,False,0,
278791,,False,0,
278797,,False,0,
278803,,False,0,
278804,,False,0,
278806,,False,0,
278883,,False,0,
278891,,False,0,
279004,,False,0,
279021,,False,0,
279071,,False,0,
279072,,False,0,
279198,,False,0,
279202,,False,0,
279246,,False,0,
279247,,False,0,
279248,,False,0,
279249,,False,0,
279250,,False,0,
279251,,False,0,
279252,,False,0,
279253,,False,0,
279254,,False,0,
279255,,False,0,
279256,,False,0,
279591,,False,0,
279598,,False,0,
279599,,False,0,
279600,,False,0,
279797,,False,0,
279941,,False,0,
279965,,False,0,
279966,,False,0,
279967,,False,0,
280012,,False,0,
280015,,False,0,
280038,,False,0,
280060,,False,0,
280064,,False,0,
280071,,False,0,
280077,,False,0,
280078,,False,0,
280080,,False,0,
280231,,False,0,
280235,,False,0,
280256,,False,0,
280273,,False,0,
280286,,False,0,
280307,,False,0,
280349,,False,0,
280355,,False,0,
280356,,False,0,
280358,,False,0,
280476,,False,0,
280868,,False,0,
280955,,False,0,
280972,,False,0,
281452,,False,0,
281541,,False,0,
281542,,False,0,
281543,,False,0,
281547,,False,0,
281554,,False,0,
281567,,False,0,
281612,,False,0,
281638,,False,0,
281639,,False,0,
281640,,False,0,
281649,,False,0,
281661,,False,0,
281665,,False,0,
281682,,False,0,
281709,,False,0,
281715,,False,0,
281717,,False,0,
281765,,False,0,
281791,,False,0,
281800,,False,0,
281837,,False,0,
281866,,False,0,
281893,,False,0,
281923,,False,0,
281946,,False,0,
281992,,False,0,
282013,,False,0,
282020,,False,0,
282032,,False,0,
282043,,False,0,
282064,,False,0,
282089,,False,0,
282093,,False,0,
282094,,False,0,
282095,,False,0,
282097,,False,0,
282182,,False,0,
282188,,False,0,
282192,,False,0,
282194,,False,0,
282232,,False,0,
282300,,False,0,
282388,,False,0,
282399,,False,0,
282405,,False,0,
282407,,False,0,
282480,,False,0,
282494,,False,0,
282614,,False,0,
282616,,False,0,
282630,,False,0,
282631,,False,0,
282632,,False,0,
282637,,False,0,
282643,,False,0,
282645,,False,0,
282655,,False,0,
282680,,False,0,
282700,,False,0,
282715,,False,0,
282755,,False,0,
282766,,False,0,
282777,,False,0,
282794,,False,0,
282827,,False,0,
282861,,False,0,
282877,,False,0,
282891,,False,0,
282898,,False,0,
282905,,False,0,
282917,,False,0,
282921,,False,0,
282923,,False,0,
282925,,False,0,
282937,,False,0,
282943,,False,0,
282963,,False,0,
283031,,False,0,
283034,,False,0,
283036,,False,0,
283252,,False,0,
283259,,False,0,
283347,,False,0,
283354,,False,0,
283501,,False,0,
283519,,False,0,
283564,,False,0,
283570,,False,0,
283572,,False,0,
283574,,False,0,
283856,,False,0,
283863,,False,0,
284245,,False,0,
284252,,False,0,
284263,,False,0,
284293,,False,0,
284299,,False,0,
284301,,False,0,
284303,,False,0,
284436,,False,0,
284444,,False,0,
284821,,False,0,
284825,,False,0,
284984,,False,0,
284990,,False,0,
284991,,False,0,
284996,,False,0,
285003,,False,0,
285160,,False,0,
285240,,False,0,
285245,,False,0,
285256,,False,0,
285266,,False,0,
285321,,False,0,
285331,,False,0,
285338,,False,0,
285415,,False,0,
285507,,False,0,
285543,,False,0,
285546,,False,0,
285550,,False,0,
285562,,False,0,
285657,,False,0,
285685,,False,0,
285766,,False,0,
285772,,False,0,
285774,,False,0,
285776,,False,0,
285977,,False,0,
286001,,False,0,
286005,,False,0,
286030,,False,0,
286149,,False,0,
286187,,False,0,
286198,,False,0,
286203,,False,0,
286215,,False,0,
286253,,False,0,
286313,,False,0,
286386,,False,0,
286387,,False,0,
286388,,False,0,
286425,,False,0,
286447,,False,0,
286448,,False,0,
286450,,False,0,
286456,,False,0,
286458,,False,0,
286460,,False,0,
286578,,False,0,
286589,,False,0,
286597,,False,0,
286646,,False,0,
286647,,False,0,
286648,,False,0,
286670,,False,0,
286679,,False,0,
286689,,False,0,
286690,,False,0,
286691,,False,0,
286733,,False,0,
286736,,False,0,
286738,,False,0,
286927,,False,0,
286940,,False,0,
287017,,False,0,
287023,,False,0,
287025,,False,0,
287027,,False,0,
287035,,False,0,
287100,,False,0,
287324,,False,0,
287460,,False,0,
287473,,False,0,
287531,,False,0,
287555,,False,0,
287559,,False,0,
287586,,False,0,
287619,,False,0,
287733,,False,0,
287741,,False,0,
287820,,False,0,
287832,,False,0,
287833,,False,0,
287834,,False,0,
287870,,False,0,
287876,,False,0,
287882,,False,0,
287884,,False,0,
287886,,False,0,
287893,,False,0,
287962,,False,0,
287966,,False,0,
287999,,False,0,
288017,,False,0,
288031,,False,0,
288048,,False,0,
288073,,False,0,
288083,,False,0,
288112,,False,0,
288254,,False,0,
288327,,False,0,
288331,,False,0,
288406,,False,0,
288448,,False,0,
288498,,False,0,
288508,,False,0,
288582,,False,0,
288595,,False,0,
288620,,False,0,
288707,,False,0,
288714,,False,0,
288756,,False,0,
288761,,False,0,
288771,,False,0,
288819,,False,0,
288843,,False,0,
288844,,False,0,
288845,,False,0,
288866,,False,0,
288870,,False,0,
288874,,False,0,
288904,,False,0,
288917,,False,0,
288929,,False,0,
288971,,False,0,
288976,,False,0,
288977,,False,0,
288978,,False,0,
288984,,False,0,
288990,,False,0,
288993,,False,0,
288995,,False,0,
289006,,False,0,
289049,,False,0,
289058,,False,0,
289066,,False,0,
289075,,False,0,
289096,,False,0,
289124,,False,0,
289143,,False,0,
289176,,False,0,
289203,,False,0,
289235,,False,0,
289261,,False,0,
289274,,False,0,
289290,,False,0,
289311,,False,0,
289345,,False,0,
289349,,False,0,
289350,,False,0,
289352,,False,0,
289481,,False,0,
289487,,False,0,
289491,,False,0,
289492,,False,0,
289494,,False,0,
289638,,False,0,
289649,,False,0,
289656,,False,0,
289686,,False,0,
289742,,False,0,
289748,,False,0,
289749,,False,0,
289751,,False,0,
289753,,False,0,
289883,,False,0,
289886,,False,0,
289887,,False,0,
289892,,False,0,
289958,,False,0,
289962,,False,0,
290043,,False,0,
290092,,False,0,
290120,,False,0,
290145,,False,0,
290186,,False,0,
290247,,False,0,
290251,,False,0,
290257,,False,0,
290259,,False,0,
290298,,False,0,
290322,,False,0,
290362,,False,0,
290379,,False,0,
290400,,False,0,
290419,,False,0,
290426,,False,0,
290440,,False,0,
290449,,False,0,
290462,,False,0,
290499,,False,0,
290510,,False,0,
290521,,False,0,
290536,,False,0,
290556,,False,0,
290560,,False,0,
290561,,False,0,
290563,,False,0,
290614,,False,0,
290717,,False,0,
290721,,False,0,
290791,,False,0,
290797,,False,0,
290798,,False,0,
290800,,False,0,
290805,,False,0,
291108,,False,0,
291292,,False,0,
291381,,False,0,
291431,,False,0,
291450,,False,0,
291456,,False,0,
291457,,False,0,
291459,,False,0,
291568,,False,0,
291805,,False,0,
291811,,False,0,
291812,,False,0,
291814,,False,0,
291815,,False,0,
291817,,False,0,
291873,,False,0,
291994,,False,0,
291995,,False,0,
291996,,False,0,
292015,,False,0,
292019,,False,0,
292122,,False,0,
292126,,False,0,
292429,,False,0,
292433,,False,0,
292439,,False,0,
292440,,False,0,
292442,,False,0,
292768,,False,0,
292798,,False,0,
292804,,False,0,
292805,,False,0,
292807,,False,0,
292809,,False,0,
293107,,False,0,
293111,,False,0,
293157,,False,0,
293209,,False,0,
293297,,False,0,
293300,,False,0,
293303,,False,0,
293306,,False,0,
293371,,False,0,
293377,,False,0,
293381,,False,0,
293386,,False,0,
293392,,False,0,
293394,,False,0,
293444,,False,0,
293459,,False,0,
293525,,False,0,
293547,,False,0,
293582,,False,0,
293591,,False,0,
293595,,False,0,
293596,,False,0,
293628,,False,0,
293642,,False,0,
293655,,False,0,
293669,,False,0,
293681,,False,0,
293717,,False,0,
293737,,False,0,
293745,,False,0,
293759,,False,0,
293763,,False,0,
293764,,False,0,
293766,,False,0,
293861,,False,0,
293940,,False,0,
293950,,False,0,
293974,,False,0,
294002,,False,0,
294085,,False,0,
294091,,False,0,
294092,,False,0,
294094,,False,0,
294096,,False,0,
294112,,False,0,
294118,,False,0,
294400,,False,0,
294431,,False,0,
294469,,False,0,
294475,,False,0,
294477,,False,0,
294492,,False,0,
294523,,False,0,
294569,,False,0,
294592,,False,0,
294638,,False,0,
294664,,False,0,
294679,,False,0,
294709,,False,0,
294738,,False,0,
294747,,False,0,
294754,,False,0,
294765,,False,0,
294802,,False,0,
294815,,False,0,
294826,,False,0,
294830,,False,0,
294831,,False,0,
294833,,False,0,
294957,,False,0,
295006,,False,0,
295012,,False,0,
295013,,False,0,
295015,,False,0,
295017,,False,0,
295150,,False,0,
295159,,False,0,
295258,,False,0,
295262,,False,0,
295295,,False,0,
295320,,False,0,
295394,,False,0,
295463,,False,0,
295497,,False,0,
295500,,False,0,
295512,,False,0,
295515,,False,0,
295518,,False,0,
295561,,False,0,
295562,,False,0,
295563,,False,0,
295571,,False,0,
295574,,False,0,
295585,,False,0,
295631,,False,0,
295648,,False,0,
295652,,False,0,
295658,,False,0,
295659,,False,0,
295661,,False,0,
295663,,False,0,
295669,,False,0,
295743,,False,0,
295759,,False,0,
295764,,False,0,
295790,,False,0,
295797,,False,0,
295987,,False,0,
296033,,False,0,
296039,,False,0,
296040,,False,0,
296042,,False,0,
296044,,False,0,
296118,,False,0,
296263,,False,0,
296279,,False,0,
296329,,False,0,
296425,,False,0,
296429,,False,0,
296521,,False,0,
296619,,False,0,
296625,,False,0,
296626,,False,0,
296628,,False,0,
296630,,False,0,
297008,,False,0,
297012,,False,0,
297016,,False,0,
297056,,False,0,
297087,,False,0,
297339,,False,0,
297371,,False,0,
297378,,False,0,
297384,,False,0,
297399,,False,0,
297428,,False,0,
297559,,False,0,
297700,,False,0,
297704,,False,0,
297710,,False,0,
297711,,False,0,
297713,,False,0,
297795,,False,0,
297799,,False,0,
297908,,False,0,
297917,,False,0,
298015,,False,0,
298021,,False,0,
298022,,False,0,
298024,,False,0,
298187,,False,0,
298214,,False,0,
298219,,False,0,
298223,,False,0,
298348,,False,0,
298849,,False,0,
298850,,False,0,
298851,,False,0,
298923,,False,0,
298929,,False,0,
298931,,False,0,
298964,,False,0,
299056,,False,0,
299117,,False,0,
299121,,False,0,
299247,,False,0,
299249,,False,0,
299264,,False,0,
299271,,False,0,
299273,,False,0,
299281,,False,0,
299352,,False,0,
299357,,False,0,
299358,,False,0,
299359,,False,0,
299360,,False,0,
299361,,False,0,
299363,,False,0,
299369,,False,0,
299371,,False,0,
299372,,False,0,
299373,,False,0,
299403,,False,0,
299406,,False,0,
299408,,False,0,
299706,,False,0,
299719,,False,0,
299720,,False,0,
299721,,False,0,
299722,,False,0,
299723,,False,0,
299734,,False,0,
300161,,False,0,
300551,,False,0,
300557,,False,0,
300563,,False,0,
300570,,False,0,
300572,,False,0,
300605,,False,0,
300644,,False,0,
300660,,False,0,
300680,,False,0,
300687,,False,0,
300711,,False,0,
300744,,False,0,
300762,,False,0,
300774,,False,0,
300783,,False,0,
300810,,False,0,
300838,,False,0,
300858,,False,0,
300891,,False,0,
300922,,False,0,
300926,,False,0,
300927,,False,0,
300929,,False,0,
301061,,False,0,
301337,,False,0,
301343,,False,0,
301344,,False,0,
301447,,False,0,
301458,,False,0,
301692,,False,0,
301932,,False,0,
301942,,False,0,
301977,,False,0,
302188,,False,0,
302189,,False,0,
302190,,False,0,
302299,,False,0,
302306,,False,0,
302310,,False,0,
302359,,False,0,
302582,,False,0,
302664,,False,0,
302673,,False,0,
302710,,False,0,
302716,,False,0,
302718,,False,0,
302729,,False,0,
302735,,False,0,
302757,,False,0,
302790,,False,0,
302799,,False,0,
302818,,False,0,
302825,,False,0,
302834,,False,0,
302857,,False,0,
302874,,False,0,
302880,,False,0,
302895,,False,0,
302916,,False,0,
302923,,False,0,
302932,,False,0,
302936,,False,0,
302937,,False,0,
302939,,False,0,
302943,,False,0,
302948,,False,0,
303057,,False,0,
303201,,False,0,
303235,,False,0,
303248,,False,0,
303249,,False,0,
303250,,False,0,
303282,,False,0,
303292,,False,0,
303298,,False,0,
303299,,False,0,
303301,,False,0,
303403,,False,0,
303475,,False,0,
303498,,False,0,
303535,,False,0,
303546,,False,0,
303549,,False,0,
303552,,False,0,
303589,,False,0,
303592,,False,0,
303596,,False,0,
303602,,False,0,
303603,,False,0,
303605,,False,0,
303607,,False,0,
303620,,False,0,
303640,,False,0,
303694,,False,0,
303743,,False,0,
303949,,False,0,
303955,,False,0,
303962,,False,0,
303969,,False,0,
304033,,False,0,
304043,,False,0,
304112,,False,0,
304116,,False,0,
304213,,False,0,
304219,,False,0,
304220,,False,0,
304222,,False,0,
304224,,False,0,
304605,,False,0,
304744,,False,0,
304756,,False,0,
304840,,False,0,
304844,,False,0,
305029,,False,0,
305037,,False,0,
305158,,False,0,
305162,,False,0,
305336,,False,0,
305342,,False,0,
305343,,False,0,
305345,,False,0,
305349,,False,0,
305888,,False,0,
305892,,False,0,
306022,,False,0,
306101,,False,0,
306107,,False,0,
306108,,False,0,
306110,,False,0,
306112,,False,0,
306577,,False,0,
306755,,False,0,
306873,,False,0,
306885,,False,0,
306907,,False,0,
306913,,False,0,
306914,,False,0,
306916,,False,0,
306918,,False,0,
307186,,False,0,
307194,,False,0,
307255,,False,0,
307385,,False,0,
307433,,False,0,
307469,,False,0,
307609,,False,0,
307610,,False,0,
307611,,False,0,
307617,,False,0,
307635,,False,0,
307662,,False,0,
307684,,False,0,
307809,,False,0,
307819,,False,0,
307900,,False,0,
307981,,False,0,
308062,,False,0,
308069,,False,0,
308074,,False,0,
308075,,False,0,
308076,,False,0,
308077,,False,0,
308078,,False,0,
308079,,False,0,
308080,,False,0,
308081,,False,0,
308082,,False,0,
308083,,False,0,
308084,,False,0,
308096,,False,0,
308104,,False,0,
308108,,False,0,
308109,,False,0,
308110,,False,0,
308111,,False,0,
308112,,False,0,
308113,,False,0,
308114,,False,0,
308115,,False,0,
308116,,False,0,
308137,,False,0,
308160,,False,0,
308164,,False,0,
308172,,False,0,
308184,,False,0,
308217,,False,0,
308223,,False,0,
308225,,False,0,
308226,,False,0,
308228,,False,0,
308254,,False,0,
308352,,False,0,
308412,,False,0,
308466,,False,0,
308569,,False,0,
308575,,False,0,
308577,,False,0,
308719,,False,0,
308732,,False,0,
308734,,False,0,
309018,,False,0,
309024,,False,0,
309026,,False,0,
309062,,False,0,
309076,,False,0,
309100,,False,0,
309123,,False,0,
309141,,False,0,
309147,,False,0,
309174,,False,0,
309215,,False,0,
309228,,False,0,
309259,,False,0,
309266,,False,0,
309274,,False,0,
309288,,False,0,
309294,,False,0,
309321,,False,0,
309337,,False,0,
309341,,False,0,
309342,,False,0,
309344,,False,0,
309424,,False,0,
309430,,False,0,
309434,,False,0,
309435,,False,0,
309437,,False,0,
309467,,False,0,
309530,,False,0,
309598,,False,0,
309648,,False,0,
309653,,False,0,
309655,,False,0,
309660,,False,0,
309666,,False,0,
309668,,False,0,
309670,,False,0,
309783,,False,0,
309933,,False,0,
309943,,False,0,
310000,,False,0,
310052,,False,0,
310111,,False,0,
310126,,False,0,
310150,,False,0,
310274,,False,0,
310280,,False,0,
310282,,False,0,
310298,,False,0,
310349,,False,0,
310396,,False,0,
310419,,False,0,
310459,,False,0,
310494,,False,0,
310520,,False,0,
310530,,False,0,
310541,,False,0,
310555,,False,0,
310575,,False,0,
310590,,False,0,
310612,,False,0,
310625,,False,0,
310637,,False,0,
310641,,False,0,
310643,,False,0,
310645,,False,0,
310660,,False,0,
310671,,False,0,
310789,,False,0,
310802,,False,0,
311079,,False,0,
311159,,False,0,
311236,,False,0,
311242,,False,0,
311244,,False,0,
311246,,False,0,
311342,,False,0,
311500,,False,0,
311686,,False,0,
311696,,False,0,
311841,,False,0,
311847,,False,0,
311848,,False,0,
311850,,False,0,
311853,,False,0,
311855,,False,0,
311857,,False,0,
312021,,False,0,
312056,,False,0,
312060,,False,0,
312200,,False,0,
312261,,False,0,
312279,,False,0,
312297,,False,0,
312310,,False,0,
312324,,False,0,
312340,,False,0,
312341,,False,0,
312342,,False,0,
312347,,False,0,
312362,,False,0,
312378,,False,0,
312382,,False,0,
312383,,False,0,
312384,,False,0,
312385,,False,0,
312386,,False,0,
312387,,False,0,
312388,,False,0,
312422,,False,0,
312428,,False,0,
312430,,False,0,
312432,,False,0,
312500,,False,0,
312522,,False,0,
312563,,False,0,
312601,,False,0,
312617,,False,0,
312644,,False,0,
312671,,False,0,
312876,,False,0,
312998,,False,0,
313012,,False,0,
313026,,False,0,
313030,,False,0,
313105,,False,0,
313115,,False,0,
313169,,False,0,
313205,,False,0,
313210,,False,0,
313237,,False,0,
313277,,False,0,
313316,,False,0,
313334,,False,0,
313346,,False,0,
313354,,False,0,
313356,,False,0,
313366,,False,0,
313372,,False,0,
313374,,False,0,
313376,,False,0,
313399,,False,0,
313434,,False,0,
313487,,False,0,
313492,,False,0,
313493,,False,0,
313494,,False,0,
313499,,False,0,
313546,,False,0,
313565,,False,0,
313574,,False,0,
313593,,False,0,
313614,,False,0,
313616,,False,0,
313618,,False,0,
313620,,False,0,
313635,,False,0,
313756,,False,0,
313757,,False,0,
313758,,False,0,
313962,,False,0,
313983,,False,0,
313989,,False,0,
313991,,False,0,
313995,,False,0,
314005,,False,0,
314074,,False,0,
314080,,False,0,
314152,,False,0,
314154,,False,0,
314287,,False,0,
314291,,False,0,
314303,,False,0,
314362,,False,0,
314373,,False,0,
314414,,False,0,
314437,,False,0,
314450,,False,0,
314467,,False,0,
314473,,False,0,
314484,,False,0,
314564,,False,0,
314568,,False,0,
314577,,False,0,
314582,,False,0,
314588,,False,0,
314590,,False,0,
314592,,False,0,
314611,,False,0,
314636,,False,0,
314640,,False,0,
314655,,False,0,
314952,,False,0,
315006,,False,0,
315034,,False,0,
315038,,False,0,
315080,,False,0,
315104,,False,0,
315153,,False,0,
315166,,False,0,
315277,,False,0,
315316,,False,0,
315317,,False,0,
315318,,False,0,
315340,,False,0,
315350,,False,0,
315356,,False,0,
315358,,False,0,
315360,,False,0,
315366,,False,0,
315368,,False,0,
315408,,False,0,
315416,,False,0,
315417,,False,0,
315418,,False,0,
315422,,False,0,
315429,,False,0,
315622,,False,0,
315650,,False,0,
315654,,False,0,
315674,,False,0,
315682,,False,0,
315757,,False,0,
315762,,False,0,
315789,,False,0,
315808,,False,0,
315813,,False,0,
315976,,False,0,
315986,,False,0,
315996,,False,0,
316084,,False,0,
316093,,False,0,
316119,,False,0,
316123,,False,0,
316169,,False,0,
316177,,False,0,
316206,,False,0,
316219,,False,0,
316317,,False,0,
316338,,False,0,
316344,,False,0,
316346,,False,0,
316347,,False,0,
316349,,False,0,
316359,,False,0,
316420,,False,0,
316455,,False,0,
316459,,False,0,
316597,,False,0,
316606,,False,0,
316608,,False,0,
316640,,False,0,
316642,,False,0,
316643,,False,0,
316644,,False,0,
316673,,False,0,
316674,,False,0,
316675,,False,0,
316693,,False,0,
316696,,False,0,
316698,,False,0,
316812,,False,0,
316813,,False,0,
316814,,False,0,
316819,,False,0,
316844,,False,0,
316847,,False,0,
316853,,False,0,
316854,,False,0,
316855,,False,0,
316862,,False,0,
316891,,False,0,
316926,,False,0,
317022,,False,0,
317024,,False,0,
317076,,False,0,
317080,,False,0,
317082,,False,0,
317122,,False,0,
317124,,False,0,
317125,,False,0,
317126,,False,0,
317145,,False,0,
317181,,False,0,
317190,,False,0,
317196,,False,0,
317198,,False,0,
317203,,False,0,
317208,,False,0,
317213,,False,0,
317220,,False,0,
317227,,False,0,
317234,,False,0,
317243,,False,0,
317250,,False,0,
317257,,False,0,
317266,,False,0,
317273,,False,0,
317280,,False,0,
317287,,False,0,
317292,,False,0,
317300,,False,0,
317307,,False,0,
317314,,False,0,
317321,,False,0,
317332,,False,0,
317339,,False,0,
317346,,False,0,
317351,,False,0,
317358,,False,0,
317365,,False,0,
317370,,False,0,
317379,,False,0,
317386,,False,0,
317393,,False,0,
317400,,False,0,
317405,,False,0,
317412,,False,0,
317419,,False,0,
317425,,False,0,
317431,,False,0,
317439,,False,0,
317442,,False,0,
317444,,False,0,
317486,,False,0,
317515,,False,0,
317518,,False,0,
317519,,False,0,
317544,,False,0,
317566,,False,0,
317584,,False,0,
317613,,False,0,
317625,,False,0,
317636,,False,0,
317646,,False,0,
317655,,False,0,
317699,,False,0,
317732,,False,0,
317751,,False,0,
317790,,False,0,
317812,,False,0,
317816,,False,0,
317817,,False,0,
317819,,False,0,
317821,,False,0,
318354,,False,0,
318468,,False,0,
318474,,False,0,
318475,,False,0,
318477,,False,0,
318479,,False,0,
318528,,False,0,
318625,,False,0,
318636,,False,0,
318640,,False,0,
318648,,False,0,
318670,,False,0,
318684,,False,0,
318696,,False,0,
318701,,False,0,
318709,,False,0,
318710,,False,0,
318711,,False,0,
318746,,False,0,
318751,,False,0,
318752,,False,0,
318753,,False,0,
318782,,False,0,
318790,,False,0,
318791,,False,0,
318792,,False,0,
318807,,False,0,
318810,,False,0,
318817,,False,0,
318820,,False,0,
318822,,False,0,
318877,,False,0,
318912,,False,0,
318916,,False,0,
318929,,False,0,
318947,,False,0,
318948,,False,0,
318949,,False,0,
318953,,False,0,
318979,,False,0,
318986,,False,0,
318987,,False,0,
318988,,False,0,
319050,,False,0,
319056,,False,0,
319058,,False,0,
319098,,False,0,
319117,,False,0,
319131,,False,0,
319140,,False,0,
319163,,False,0,
319182,,False,0,
319195,,False,0,
319206,,False,0,
319264,,False,0,
319287,,False,0,
319301,,False,0,
319317,,False,0,
319326,,False,0,
319344,,False,0,
319368,,False,0,
319372,,False,0,
319373,,False,0,
319375,,False,0,
319383,,False,0,
319422,,False,0,
319440,,False,0,
319496,,False,0,
319501,,False,0,
319505,,False,0,
319506,,False,0,
319508,,False,0,
319510,,False,0,
319518,,False,0,
319525,,False,0,
319530,,False,0,
319531,,False,0,
319532,,False,0,
319595,,False,0,
319601,,False,0,
319637,,False,0,
319638,,False,0,
319639,,False,0,
319650,,False,0,
319655,,False,0,
319669,,False,0,
319673,,False,0,
319697,,False,0,
319702,,False,0,
319728,,False,0,
319732,,False,0,
319823,,False,0,
319827,,False,0,
319835,,False,0,
319875,,False,0,
319963,,False,0,
319968,,False,0,
319969,,False,0,
319970,,False,0,
319974,,False,0,
319979,,False,0,
319988,,False,0,
319991,,False,0,
319997,,False,0,
320003,,False,0,
320004,,False,0,
320006,,False,0,
320013,,False,0,
320074,,False,0,
320078,,False,0,
320080,,False,0,
320133,,False,0,
320157,,False,0,
320246,,False,0,
320276,,False,0,
320277,,False,0,
320326,,False,0,
320332,,False,0,
320334,,False,0,
320336,,False,0,
320344,,False,0,
320351,,False,0,
320355,,False,0,
320424,,False,0,
320442,,False,0,
320489,,False,0,
320490,,False,0,
320491,,False,0,
320555,,False,0,
320556,,False,0,
320557,,False,0,
320583,,False,0,
320587,,False,0,
320595,,False,0,
320630,,False,0,
320636,,False,0,
320637,,False,0,
320639,,False,0,
320650,,False,0,
320719,,False,0,
320721,,False,0,
320752,,False,0,
320765,,False,0,
320783,,False,0,
320785,,False,0,
320800,,False,0,
320805,,False,0,
320815,,False,0,
320817,,False,0,
320821,,False,0,
320841,,False,0,
320861,,False,0,
320862,,False,0,
320864,,False,0,
320873,,False,0,
320887,,False,0,
320893,,False,0,
320895,,False,0,
320934,,False,0,
320936,,False,0,
321029,,False,0,
321197,,False,0,
321207,,False,0,
321231,,False,0,
321236,,False,0,
321257,,False,0,
321262,,False,0,
321266,,False,0,
321267,,False,0,
321269,,False,0,
321277,,False,0,
321290,,False,0,
321298,,False,0,
321307,,False,0,
321313,,False,0,
321315,,False,0,
321316,,False,0,
321318,,False,0,
321340,,False,0,
321369,,False,0,
321378,,False,0,
321382,,False,0,
321402,,False,0,
321415,,False,0,
321430,,False,0,
321471,,False,0,
321476,,False,0,
321566,,False,0,
321580,,False,0,
321631,,False,0,
321663,,False,0,
321676,,False,0,
321703,,False,0,
321710,,False,0,
321714,,False,0,
321716,,False,0,
321718,,False,0,
321733,,False,0,
321737,,False,0,
321747,,False,0,
321762,,False,0,
321788,,False,0,
321908,,False,0,
321909,,False,0,
321910,,False,0,
321923,,False,0,
321928,,False,0,
321934,,False,0,
321943,,False,0,
321958,,False,0,
321978,,False,0,
321984,,False,0,
321986,,False,0,
321988,,False,0,
321996,,False,0,
322006,,False,0,
322014,,False,0,
322017,,False,0,
322032,,False,0,
322033,,False,0,
322034,,False,0,
322243,,False,0,
322275,,False,0,
322292,,False,0,
322296,,False,0,
322413,,False,0,
322431,,False,0,
322458,,False,0,
322576,,False,0,
322582,,False,0,
322584,,False,0,
322661,,False,0,
322714,,False,0,
322756,,False,0,
322780,,False,0,
322809,,False,0,
322842,,False,0,
322854,,False,0,
322902,,False,0,
322957,,False,0,
322995,,False,0,
323019,,False,0,
323027,,False,0,
323059,,False,0,
323076,,False,0,
323088,,False,0,
323092,,False,0,
323094,,False,0,
323096,,False,0,
323123,,False,0,
323163,,False,0,
323181,,False,0,
323199,,False,0,
323203,,False,0,
323204,,False,0,
323205,,False,0,
323210,,False,0,
323221,,False,0,
323228,,False,0,
323253,,False,0,
323270,,False,0,
323336,,False,0,
323360,,False,0,
323390,,False,0,
323402,,False,0,
323425,,False,0,
323432,,False,0,
323446,,False,0,
323454,,False,0,
323562,,False,0,
323590,,False,0,
323595,,False,0,
323597,,False,0,
323633,,False,0,
323657,,False,0,
323665,,False,0,
323755,,False,0,
323761,,False,0,
323763,,False,0,
323765,,False,0,
323937,,False,0,
323947,,False,0,
324013,,False,0,
324027,,False,0,
324152,,False,0,
324173,,False,0,
324177,,False,0,
324323,,False,0,
324332,,False,0,
324338,,False,0,
324929,,False,0,
325470,,False,0,
325653,,False,0,
325655,,False,0,
325660,,False,0,
325666,,False,0,
325668,,False,0,
325670,,False,0,
325680,,False,0,
325741,,False,0,
325848,,False,0,
325852,,False,0,
326035,,False,0,
326039,,False,0,
326079,,False,0,
326098,,False,0,
326112,,False,0,
326201,,False,0,
326308,,False,0,
326317,,False,0,
326318,,False,0,
326319,,False,0,
326352,,False,0,
326393,,False,0,
326394,,False,0,
326395,,False,0,
326431,,False,0,
326440,,False,0,
326445,,False,0,
326497,,False,0,
326503,,False,0,
326504,,False,0,
326506,,False,0,
326526,,False,0,
326631,,False,0,
326635,,False,0,
326640,,False,0,
326642,,False,0,
326666,,False,0,
326738,,False,0,
326792,,False,0,
326819,,False,0,
326840,,False,0,
326846,,False,0,
326848,,False,0,
326850,,False,0,
326870,,False,0,
326879,,False,0,
326883,,False,0,
326889,,False,0,
326893,,False,0,
326894,,False,0,
326895,,False,0,
326906,,False,0,
326918,,False,0,
326919,,False,0,
326920,,False,0,
326948,,False,0,
326967,,False,0,
326984,,False,0,
326991,,False,0,
327002,,False,0,
327015,,False,0,
327040,,False,0,
327059,,False,0,
327063,,False,0,
327064,,False,0,
327066,,False,0,
327076,,False,0,
327115,,False,0,
327133,,False,0,
327142,,False,0,
327203,,False,0,
327207,,False,0,
327209,,False,0,
327222,,False,0,
327237,,False,0,
327294,,False,0,
327299,,False,0,
327304,,False,0,
327328,,False,0,
327352,,False,0,
327358,,False,0,
327360,,False,0,
327362,,False,0,
327375,,False,0,
327403,,False,0,
327490,,False,0,
327494,,False,0,
327504,,False,0,
327509,,False,0,
327517,,False,0,
327528,,False,0,
327554,,False,0,
327574,,False,0,
327581,,False,0,
327627,,False,0,
327658,,False,0,
327662,,False,0,
327663,,False,0,
327665,,False,0,
327697,,False,0,
327704,,False,0,
327712,,False,0,
327713,,False,0,
327715,,False,0,
327724,,False,0,
327760,,False,0,
327762,,False,0,
327778,,False,0,
327782,,False,0,
327786,,False,0,
327792,,False,0,
327794,,False,0,
327795,,False,0,
327797,,False,0,
327823,,False,0,
327897,,False,0,
327967,,False,0,
327982,,False,0,
328034,,False,0,
328036,,False,0,
328058,,False,0,
328064,,False,0,
328066,,False,0,
328068,,False,0,
328085,,False,0,
328091,,False,0,
328092,,False,0,
328238,,False,0,
328489,,False,0,
328586,,False,0,
328637,,False,0,
328669,,False,0,
328675,,False,0,
328681,,False,0,
328683,,False,0,
328688,,False,0,
328695,,False,0,
328703,,False,0,
328708,,False,0,
328713,,False,0,
328718,,False,0,
328725,,False,0,
328730,,False,0,
328735,,False,0,
328742,,False,0,
328749,,False,0,
328757,,False,0,
328765,,False,0,
328772,,False,0,
328781,,False,0,
328788,,False,0,
328799,,False,0,
328806,,False,0,
328813,,False,0,
328820,,False,0,
328827,,False,0,
328834,,False,0,
328841,,False,0,
328848,,False,0,
328855,,False,0,
328862,,False,0,
328870,,False,0,
328877,,False,0,
328884,,False,0,
328891,,False,0,
328898,,False,0,
328903,,False,0,
328908,,False,0,
328916,,False,0,
328922,,False,0,
328924,,False,0,
328984,,False,0,
329038,,False,0,
329088,,False,0,
329110,,False,0,
329156,,False,0,
329179,,False,0,
329229,,False,0,
329253,,False,0,
329268,,False,0,
329305,,False,0,
329323,,False,0,
329346,,False,0,
329362,,False,0,
329383,,False,0,
329408,,False,0,
329421,,False,0,
329425,,False,0,
329427,,False,0,
329429,,False,0,
329435,,False,0,
329449,,False,0,
329471,,False,0,
329534,,False,0,
329543,,False,0,
329545,,False,0,
329546,,False,0,
329633,,False,0,
329637,,False,0,
329638,,False,0,
329639,,False,0,
329642,,False,0,
329658,,False,0,
329662,,False,0,
329667,,False,0,
329668,,False,0,
329669,,False,0,
329718,,False,0,
329745,,False,0,
329784,,False,0,
329815,,False,0,
329830,,False,0,
329913,,False,0,
329970,,False,0,
329986,,False,0,
329991,,False,0,
329997,,False,0,
329999,,False,0,
330007,,False,0,
330020,,False,0,
330125,,False,0,
330144,,False,0,
330189,,False,0,
330201,,False,0,
330213,,False,0,
330220,,False,0,
330230,,False,0,
330239,,False,0,
330246,,False,0,
330251,,False,0,
330402,,False,0,
330416,,False,0,
330445,,False,0,
330521,,False,0,
330654,,False,0,
330661,,False,0,
330665,,False,0,
330667,,False,0,
330669,,False,0,
330671,,False,0,
330678,,False,0,
330683,,False,0,
330718,,False,0,
330726,,False,0,
330734,,False,0,
330747,,False,0,
330760,,False,0,
330764,,False,0,
330773,,False,0,
330783,,False,0,
330787,,False,0,
330794,,False,0,
330812,,False,0,
330822,,False,0,
330826,,False,0,
330881,,False,0,
330883,,False,0,
330884,,False,0,
330885,,False,0,
330889,,False,0,
330891,,False,0,
330898,,False,0,
330899,,False,0,
330900,,False,0,
330910,,False,0,
330911,,False,0,
330912,,False,0,
330917,,False,0,
330918,,False,0,
330919,,False,0,
330924,,False,0,
330929,,False,0,
330933,,False,0,
330934,,False,0,
330936,,False,0,
330980,,False,0,
330989,,False,0,
330995,,False,0,
331000,,False,0,
331002,,False,0,
331011,,False,0,
331022,,False,0,
331035,,False,0,
331058,,False,0,
331075,,False,0,
331084,,False,0,
331123,,False,0,
331146,,False,0,
331194,,False,0,
331221,,False,0,
331233,,False,0,
331240,,False,0,
331260,,False,0,
331267,,False,0,
331275,,False,0,
331279,,False,0,
331280,,False,0,
331282,,False,0,
331295,,False,0,
331337,,False,0,
331339,,False,0,
331355,,False,0,
331368,,False,0,
331388,,False,0,
331396,,False,0,
331400,,False,0,
331408,,False,0,
331429,,False,0,
331447,,False,0,
331450,,False,0,
331451,,False,0,
331453,,False,0,
331460,,False,0,
331497,,False,0,
331503,,False,0,
331505,,False,0,
331515,,False,0,
331525,,False,0,
331527,,False,0,
331574,,False,0,
331606,,False,0,
331612,,False,0,
331613,,False,0,
331615,,False,0,
331627,,False,0,
331659,,False,0,
331661,,False,0,
331662,,False,0,
331663,,False,0,
331664,,False,0,
331665,,False,0,
331666,,False,0,
331667,,False,0,
331677,,False,0,
331678,,False,0,
331679,,False,0,
331680,,False,0,
331681,,False,0,
331682,,False,0,
331683,,False,0,
331685,,False,0,
331686,,False,0,
331687,,False,0,
331689,,False,0,
331690,,False,0,
331691,,False,0,
331692,,False,0,
331693,,False,0,
331694,,False,0,
331695,,False,0,
331700,,False,0,
331706,,False,0,
331710,,False,0,
331717,,False,0,
331723,,False,0,
331724,,False,0,
332406,,False,0,
332414,,False,0,
332420,,False,0,
332421,,False,0,
332423,,False,0,
332485,,False,0,
332552,,False,0,
332678,,False,0,
332692,,False,0,
332696,,False,0,
332848,,False,0,
332850,,False,0,
332947,,False,0,
332953,,False,0,
332954,,False,0,
332956,,False,0,
332958,,False,0,
333016,,False,0,
333022,,False,0,
333047,,False,0,
333048,,False,0,
333049,,False,0,
333072,,False,0,
333109,,False,0,
333164,,False,0,
333174,,False,0,
333221,,False,0,
333229,,False,0,
333239,,False,0,
333256,,False,0,
333261,,False,0,
333272,,False,0,
333346,,False,0,
333354,,False,0,
333561,,False,0,
333566,,False,0,
333606,,False,0,
333610,,False,0,
333618,,False,0,
333622,,False,0,
333625,,False,0,
333628,,False,0,
333695,,False,0,
333699,,False,0,
333703,,False,0,
333707,,False,0,
333806,,False,0,
333812,,False,0,
333814,,False,0,
333821,,False,0,
333826,,False,0,
333833,,False,0,
333840,,False,0,
333847,,False,0,
333851,,False,0,
333858,,False,0,
333865,,False,0,
333872,,False,0,
333879,,False,0,
333886,,False,0,
333893,,False,0,
333900,,False,0,
333907,,False,0,
333914,,False,0,
333922,,False,0,
333929,,False,0,
333936,,False,0,
333943,,False,0,
333950,,False,0,
333957,,False,0,
333964,,False,0,
333971,,False,0,
333978,,False,0,
333985,,False,0,
333992,,False,0,
333999,,False,0,
334004,,False,0,
334011,,False,0,
334018,,False,0,
334025,,False,0,
334031,,False,0,
334037,,False,0,
334039,,False,0,
334064,,False,0,
334086,,False,0,
334100,,False,0,
334108,,False,0,
334165,,False,0,
334188,,False,0,
334207,,False,0,
334227,,False,0,
334274,,False,0,
334281,,False,0,
334309,,False,0,
334320,,False,0,
334329,,False,0,
334340,,False,0,
334358,,False,0,
334362,,False,0,
334364,,False,0,
334365,,False,0,
334367,,False,0,
334369,,False,0,
334375,,False,0,
334381,,False,0,
334389,,False,0,
334397,,False,0,
334402,,False,0,
334406,,False,0,
334411,,False,0,
334412,,False,0,
334413,,False,0,
334453,,False,0,
334457,,False,0,
334467,,False,0,
334619,,False,0,
334632,,False,0,
334639,,False,0,
334663,,False,0,
334668,,False,0,
334672,,False,0,
334682,,False,0,
334691,,False,0,
334692,,False,0,
334693,,False,0,
334873,,False,0,
334896,,False,0,
334904,,False,0,
334909,,False,0,
334928,,False,0,
334938,,False,0,
334945,,False,0,
334951,,False,0,
334953,,False,0,
334958,,False,0,
334962,,False,0,
334966,,False,0,
334974,,False,0,
334988,,False,0,
334992,,False,0,
334996,,False,0,
335010,,False,0,
335077,,False,0,
335083,,False,0,
335087,,False,0,
335114,,False,0,
335139,,False,0,
335179,,False,0,
335185,,False,0,
335186,,False,0,
335188,,False,0,
335190,,False,0,
335196,,False,0,
335214,,False,0,
335222,,False,0,
335223,,False,0,
335224,,False,0,
335245,,False,0,
335256,,False,0,
335260,,False,0,
335265,,False,0,
335269,,False,0,
335295,,False,0,
335339,,False,0,
335340,,False,0,
335341,,False,0,
335342,,False,0,
335343,,False,0,
335366,,False,0,
335370,,False,0,
335374,,False,0,
335378,,False,0,
335383,,False,0,
335387,,False,0,
335391,,False,0,
335395,,False,0,
335399,,False,0,
335403,,False,0,
335523,,False,0,
335527,,False,0,
335546,,False,0,
335570,,False,0,
335593,,False,0,
335608,,False,0,
335616,,False,0,
335639,,False,0,
335716,,False,0,
335739,,False,0,
335749,,False,0,
335861,,False,0,
335873,,False,0,
335912,,False,0,
335922,,False,0,
335927,,False,0,
335953,,False,0,
335984,,False,0,
335988,,False,0,
335989,,False,0,
335990,,False,0,
335998,,False,0,
336002,,False,0,
336029,,False,0,
336032,,False,0,
336034,,False,0,
336150,,False,0,
336158,,False,0,
336232,,False,0,
336439,,False,0,
336453,,False,0,
336460,,False,0,
336475,,False,0,
336509,,False,0,
336541,,False,0,
336542,,False,0,
336543,,False,0,
336551,,False,0,
336556,,False,0,
336562,,False,0,
336563,,False,0,
336564,,False,0,
336568,,False,0,
336576,,False,0,
336578,,False,0,
336582,,False,0,
336588,,False,0,
336590,,False,0,
336591,,False,0,
336592,,False,0,
336596,,False,0,
336597,,False,0,
336598,,False,0,
336605,,False,0,
336609,,False,0,
336614,,False,0,
336620,,False,0,
336621,,False,0,
336622,,False,0,
336626,,False,0,
336633,,False,0,
336647,,False,0,
336651,,False,0,
336655,,False,0,
336656,,False,0,
336657,,False,0,
336663,,False,0,
336669,,False,0,
336677,,False,0,
336684,,False,0,
336695,,False,0,
336699,,False,0,
336738,,False,0,
336742,,False,0,
336746,,False,0,
336750,,False,0,
336754,,False,0,
336758,,False,0,
336764,,False,0,
336770,,False,0,
336778,,False,0,
336789,,False,0,
336798,,False,0,
336803,,False,0,
336804,,False,0,
336805,,False,0,
336809,,False,0,
336810,,False,0,
336811,,False,0,
336815,,False,0,
336816,,False,0,
336817,,False,0,
336821,,False,0,
336822,,False,0,
336823,,False,0,
336837,,False,0,
336843,,False,0,
336847,,False,0,
336851,,False,0,
336869,,False,0,
336875,,False,0,
336883,,False,0,
336884,,False,0,
336885,,False,0,
336886,,False,0,
336887,,False,0,
336894,,False,0,
336895,,False,0,
336896,,False,0,
336921,,False,0,
336926,,False,0,
336930,,False,0,
336940,,False,0,
336944,,False,0,
336950,,False,0,
336963,,False,0,
336971,,False,0,
336983,,False,0,
336987,,False,0,
336991,,False,0,
337000,,False,0,
337087,,False,0,
337091,,False,0,
337095,,False,0,
337105,,False,0,
337106,,False,0,
337107,,False,0,
337111,,False,0,
337115,,False,0,
337117,,False,0,
337121,,False,0,
337125,,False,0,
337126,,False,0,
337127,,False,0,
337131,,False,0,
337132,,False,0,
337133,,False,0,
337162,,False,0,
337166,,False,0,
337167,,False,0,
337168,,False,0,
337173,,False,0,
337179,,False,0,
337180,,False,0,
337181,,False,0,
337195,,False,0,
337199,,False,0,
337200,,False,0,
337201,,False,0,
337205,,False,0,
337206,,False,0,
337207,,False,0,
337330,,False,0,
337338,,False,0,
337339,,False,0,
337340,,False,0,
337341,,False,0,
337342,,False,0,
337343,,False,0,
337348,,False,0,
337356,,False,0,
337364,,False,0,
337365,,False,0,
337366,,False,0,
337370,,False,0,
337371,,False,0,
337372,,False,0,
337419,,False,0,
337423,,False,0,
337427,,False,0,
337434,,False,0,
337439,,False,0,
337443,,False,0,
337448,,False,0,
337455,,False,0,
337479,,False,0,
337497,,False,0,
337501,,False,0,
337517,,False,0,
337518,,False,0,
337519,,False,0,
337520,,False,0,
337521,,False,0,
337524,,False,0,
337529,,False,0,
337530,,False,0,
337531,,False,0,
337535,,False,0,
337540,,False,0,
337546,,False,0,
337561,,False,0,
337576,,False,0,
337582,,False,0,
337584,,False,0,
337628,,False,0,
337650,,False,0,
337663,,False,0,
337677,,False,0,
337697,,False,0,
337726,,False,0,
337770,,False,0,
337777,,False,0,
337801,,False,0,
337812,,False,0,
337846,,False,0,
337881,,False,0,
337908,,False,0,
337919,,False,0,
337937,,False,0,
337941,,False,0,
337942,,False,0,
337944,,False,0,
337970,,False,0,
338051,,False,0,
338059,,False,0,
338061,,False,0,
338067,,False,0,
338070,,False,0,
338076,,False,0,
338077,,False,0,
338079,,False,0,
338094,,False,0,
338098,,False,0,
338111,,False,0,
338119,,False,0,
338224,,False,0,
338245,,False,0,
338363,,False,0,
338365,,False,0,
338372,,False,0,
338378,,False,0,
338379,,False,0,
338381,,False,0,
338429,,False,0,
338466,,False,0,
338484,,False,0,
338494,,False,0,
338505,,False,0,
338545,,False,0,
338618,,False,0,
338782,,False,0,
338786,,False,0,
338948,,False,0,
338950,,False,0,
339140,,False,0,
339146,,False,0,
339148,,False,0,
339150,,False,0,
339159,,False,0,
339173,,False,0,
339179,,False,0,
339240,,False,0,
339245,,False,0,
339463,,False,0,
339476,,False,0,
339603,,False,0,
339753,,False,0,
339758,,False,0,
339870,,False,0,
339874,,False,0,
339945,,False,0,
339957,,False,0,
340014,,False,0,
340018,,False,0,
340309,,False,0,
340313,,False,0,
340616,,False,0,
340626,,False,0,
340651,,False,0,
340771,,False,0,
340781,,False,0,
340787,,False,0,
340789,,False,0,
340791,,False,0,
340801,,False,0,
340808,,False,0,
340815,,False,0,
340822,,False,0,
340829,,False,0,
340834,,False,0,
340839,,False,0,
340846,,False,0,
340855,,False,0,
340860,,False,0,
340869,,False,0,
340876,,False,0,
340885,,False,0,
340891,,False,0,
340896,,False,0,
340903,,False,0,
340907,,False,0,
340916,,False,0,
340923,,False,0,
340928,,False,0,
340935,,False,0,
340942,,False,0,
340949,,False,0,
340956,,False,0,
340963,,False,0,
340970,,False,0,
340977,,False,0,
340984,,False,0,
340991,,False,0,
340998,,False,0,
341005,,False,0,
341013,,False,0,
341019,,False,0,
341021,,False,0,
341028,,False,0,
341058,,False,0,
341098,,False,0,
341131,,False,0,
341140,,False,0,
341177,,False,0,
341184,,False,0,
341199,,False,0,
341216,,False,0,
341227,,False,0,
341250,,False,0,
341257,,False,0,
341266,,False,0,
341287,,False,0,
341299,,False,0,
341302,,False,0,
341306,,False,0,
341308,,False,0,
341309,,False,0,
341311,,False,0,
341323,,False,0,
341341,,False,0,
341344,,False,0,
341345,,False,0,
341347,,False,0,
341394,,False,0,
341436,,False,0,
341533,,False,0,
341577,,False,0,
341590,,False,0,
341596,,False,0,
341597,,False,0,
341599,,False,0,
341669,,False,0,
341671,,False,0,
341908,,False,0,
341937,,False,0,
341964,,False,0,
342022,,False,0,
342028,,False,0,
342030,,False,0,
342061,,False,0,
342079,,False,0,
342103,,False,0,
342119,,False,0,
342128,,False,0,
342152,,False,0,
342163,,False,0,
342170,,False,0,
342180,,False,0,
342187,,False,0,
342207,,False,0,
342214,,False,0,
342225,,False,0,
342234,,False,0,
342242,,False,0,
342246,,False,0,
342247,,False,0,
342249,,False,0,
342269,,False,0,
342328,,False,0,
342392,,False,0,
342398,,False,0,
342402,,False,0,
342403,,False,0,
342405,,False,0,
342407,,False,0,
342592,,False,0,
342616,,False,0,
342622,,False,0,
342623,,False,0,
342625,,False,0,
342627,,False,0,
342925,,False,0,
343004,,False,0,
343093,,False,0,
343164,,False,0,
343167,,False,0,
343199,,False,0,
343205,,False,0,
343206,,False,0,
343208,,False,0,
343210,,False,0,
343411,,False,0,
343415,,False,0,
343469,,False,0,
343499,,False,0,
343500,,False,0,
343501,,False,0,
343502,,False,0,
343503,,False,0,
343508,,False,0,
343509,,False,0,
343510,,False,0,
343579,,False,0,
343580,,False,0,
343581,,False,0,
343586,,False,0,
343595,,False,0,
343659,,False,0,
343720,,False,0,
343730,,False,0,
343762,,False,0,
343768,,False,0,
343769,,False,0,
343771,,False,0,
343773,,False,0,
343782,,False,0,
343783,,False,0,
343784,,False,0,
343798,,False,0,
343806,,False,0,
343809,,False,0,
343822,,False,0,
343826,,False,0,
343827,,False,0,
343828,,False,0,
343829,,False,0,
343830,,False,0,
343831,,False,0,
343832,,False,0,
343841,,False,0,
343858,,False,0,
343913,,False,0,
343914,,False,0,
343915,,False,0,
343923,,False,0,
343954,,False,0,
344020,,False,0,
344069,,False,0,
344083,,False,0,
344120,,False,0,
344122,,False,0,
344165,,False,0,
344189,,False,0,
344207,,False,0,
344208,,False,0,
344209,,False,0,
344242,,False,0,
344315,,False,0,
344316,,False,0,
344317,,False,0,
344340,,False,0,
344341,,False,0,
344342,,False,0,
344380,,False,0,
344466,,False,0,
344508,,False,0,
344514,,False,0,
344515,,False,0,
344517,,False,0,
344519,,False,0,
344530,,False,0,
344546,,False,0,
344644,,False,0,
344678,,False,0,
344679,,False,0,
344680,,False,0,
344687,,False,0,
344688,,False,0,
344689,,False,0,
344691,,False,0,
344692,,False,0,
344693,,False,0,
344775,,False,0,
344785,,False,0,
344795,,False,0,
344802,,False,0,
344810,,False,0,
344886,,False,0,
344887,,False,0,
344888,,False,0,
344892,,False,0,
344894,,False,0,
344896,,False,0,
344907,,False,0,
344923,,False,0,
344930,,False,0,
344939,,False,0,
344945,,False,0,
344959,,False,0,
344971,,False,0,
344983,,False,0,
345038,,False,0,
345039,,False,0,
345040,,False,0,
345117,,False,0,
345118,,False,0,
345119,,False,0,
345124,,False,0,
345129,,False,0,
345155,,False,0,
345167,,False,0,
345184,,False,0,
345185,,False,0,
345186,,False,0,
345194,,False,0,
345207,,False,0,
345214,,False,0,
345257,,False,0,
345264,,False,0,
345313,,False,0,
345317,,False,0,
345322,,False,0,
345325,,False,0,
345333,,False,0,
345338,,False,0,
345346,,False,0,
345348,,False,0,
345366,,False,0,
345545,,False,0,
345550,,False,0,
345551,,False,0,
345552,,False,0,
345553,,False,0,
345554,,False,0,
345555,,False,0,
345556,,False,0,
345557,,False,0,
345558,,False,0,
345559,,False,0,
345560,,False,0,
345561,,False,0,
345562,,False,0,
345567,,False,0,
345568,,False,0,
345569,,False,0,
345570,,False,0,
345571,,False,0,
345589,,False,0,
345610,,False,0,
345632,,False,0,
345638,,False,0,
345639,,False,0,
345641,,False,0,
345643,,False,0,
345645,,False,0,
345647,,False,0,
345648,,False,0,
345649,,False,0,
345651,,False,0,
345652,,False,0,
345653,,False,0,
345655,,False,0,
345656,,False,0,
345657,,False,0,
345658,,False,0,
345659,,False,0,
345660,,False,0,
345661,,False,0,
345662,,False,0,
345663,,False,0,
345664,,False,0,
345665,,False,0,
345666,,False,0,
345667,,False,0,
345674,,False,0,
345675,,False,0,
345683,,False,0,
345689,,False,0,
345691,,False,0,
345706,,False,0,
345726,,False,0,
345760,,False,0,
345771,,False,0,
345789,,False,0,
345804,,False,0,
345837,,False,0,
345844,,False,0,
345881,,False,0,
345888,,False,0,
345897,,False,0,
345908,,False,0,
345931,,False,0,
345946,,False,0,
345960,,False,0,
345964,,False,0,
345965,,False,0,
345967,,False,0,
346035,,False,0,
346041,,False,0,
346047,,False,0,
346051,,False,0,
346053,,False,0,
346054,,False,0,
346056,,False,0,
346081,,False,0,
346194,,False,0,
346284,,False,0,
346290,,False,0,
346292,,False,0,
346302,,False,0,
346304,,False,0,
346514,,False,0,
346519,,False,0,
346740,,False,0,
346981,,False,0,
346987,,False,0,
346988,,False,0,
346990,,False,0,
346993,,False,0,
346995,,False,0,
346997,,False,0,
347312,,False,0,
347323,,False,0,
347411,,False,0,
347470,,False,0,
347471,,False,0,
347472,,False,0,
347508,,False,0,
347566,,False,0,
347572,,False,0,
347574,,False,0,
347576,,False,0,
347936,,False,0,
347940,,False,0,
347966,,False,0,
347973,,False,0,
347985,,False,0,
347986,,False,0,
347987,,False,0,
347991,,False,0,
347996,,False,0,
348005,,False,0,
348022,,False,0,
348044,,False,0,
348103,,False,0,
348118,,False,0,
348133,,False,0,
348142,,False,0,
348144,,False,0,
348146,,False,0,
348155,,False,0,
348156,,False,0,
348157,,False,0,
348160,,False,0,
348166,,False,0,
348168,,False,0,
348175,,False,0,
348184,,False,0,
348191,,False,0,
348198,,False,0,
348203,,False,0,
348210,,False,0,
348217,,False,0,
348222,,False,0,
348229,,False,0,
348241,,False,0,
348248,,False,0,
348259,,False,0,
348266,,False,0,
348273,,False,0,
348282,,False,0,
348289,,False,0,
348296,,False,0,
348303,,False,0,
348310,,False,0,
348317,,False,0,
348328,,False,0,
348333,,False,0,
348338,,False,0,
348346,,False,0,
348353,,False,0,
348360,,False,0,
348365,,False,0,
348372,,False,0,
348377,,False,0,
348384,,False,0,
348391,,False,0,
348398,,False,0,
348407,,False,0,
348415,,False,0,
348417,,False,0,
348423,,False,0,
348425,,False,0,
348441,,False,0,
348461,,False,0,
348493,,False,0,
348511,,False,0,
348547,,False,0,
348578,,False,0,
348607,,False,0,
348618,,False,0,
348635,,False,0,
348642,,False,0,
348653,,False,0,
348667,,False,0,
348686,,False,0,
348701,,False,0,
348717,,False,0,
348721,,False,0,
348722,,False,0,
348724,,False,0,
348733,,False,0,
348775,,False,0,
348871,,False,0,
348876,,False,0,
348949,,False,0,
348951,,False,0,
348993,,False,0,
349071,,False,0,
349079,,False,0,
349088,,False,0,
349093,,False,0,
349099,,False,0,
349100,,False,0,
349102,,False,0,
349117,,False,0,
349223,,False,0,
349339,,False,0,
349452,,False,0,
349458,,False,0,
349460,,False,0,
349469,,False,0,
349487,,False,0,
349503,,False,0,
349538,,False,0,
349574,,False,0,
349606,,False,0,
349633,,False,0,
349655,,False,0,
349675,,False,0,
349681,,False,0,
349696,,False,0,
349735,,False,0,
349745,,False,0,
349754,,False,0,
349767,,False,0,
349771,,False,0,
349773,,False,0,
349775,,False,0,
349885,,False,0,
349889,,False,0,
349916,,False,0,
349921,,False,0,
350012,,False,0,
350035,,False,0,
350158,,False,0,
350167,,False,0,
350244,,False,0,
350332,,False,0,
350338,,False,0,
350340,,False,0,
350345,,False,0,
350347,,False,0,
350448,,False,0,
350472,,False,0,
350758,,False,0,
350776,,False,0,
350851,,False,0,
350991,,False,0,
350997,,False,0,
350998,,False,0,
351000,,False,0,
351020,,False,0,
351166,,False,0,
351365,,False,0,
351369,,False,0,
351370,,False,0,
351372,,False,0,
351404,,False,0,
351423,,False,0,
351429,,False,0,
351431,,False,0,
351512,,False,0,
351514,,False,0,
351557,,False,0,
351710,,False,0,
351728,,False,0,
351740,,False,0,
351768,,False,0,
351776,,False,0,
351789,,False,0,
351808,,False,0,
351815,,False,0,
351821,,False,0,
351825,,False,0,
351826,,False,0,
351828,,False,0,
351860,,False,0,
351919,,False,0,
351921,,False,0,
351965,,False,0,
351971,,False,0,
351973,,False,0,
351975,,False,0,
351986,,False,0,
352006,,False,0,
352010,,False,0,
352022,,False,0,
352034,,False,0,
352053,,False,0,
352103,,False,0,
352131,,False,0,
352194,,False,0,
352207,,False,0,
352219,,False,0,
352230,,False,0,
352266,,False,0,
352276,,False,0,
352289,,False,0,
352317,,False,0,
352336,,False,0,
352354,,False,0,
352388,,False,0,
352392,,False,0,
352401,,False,0,
352418,,False,0,
352432,,False,0,
352436,,False,0,
352437,,False,0,
352439,,False,0,
352453,,False,0,
352513,,False,0,
352517,,False,0,
352526,,False,0,
352532,,False,0,
352534,,False,0,
352536,,False,0,
352538,,False,0,
352579,,False,0,
352580,,False,0,
352581,,False,0,
352803,,False,0,
352853,,False,0,
352870,,False,0,
352908,,False,0,
352961,,False,0,
352967,,False,0,
352970,,False,0,
352972,,False,0,
353000,,False,0,
353003,,False,0,
353004,,False,0,
353035,,False,0,
353062,,False,0,
353091,,False,0,
353111,,False,0,
353129,,False,0,
353141,,False,0,
353153,,False,0,
353192,,False,0,
353206,,False,0,
353245,,False,0,
353255,,False,0,
353283,,False,0,
353290,,False,0,
353300,,False,0,
353304,,False,0,
353305,,False,0,
353307,,False,0,
353381,,False,0,
353386,,False,0,
353390,,False,0,
353532,,False,0,
353538,,False,0,
353704,,False,0,
353708,,False,0,
353876,,False,0,
353882,,False,0,
353884,,False,0,
353903,,False,0,
353922,,False,0,
353957,,False,0,
353966,,False,0,
353978,,False,0,
354002,,False,0,
354013,,False,0,
354026,,False,0,
354032,,False,0,
354056,,False,0,
354086,,False,0,
354100,,False,0,
354127,,False,0,
354137,,False,0,
354147,,False,0,
354151,,False,0,
354181,,False,0,
354185,,False,0,
354289,,False,0,
354295,,False,0,
354580,,False,0,
354586,,False,0,
354766,,False,0,
354770,,False,0,
354772,,False,0,
354776,,False,0,
354923,,False,0,
354929,,False,0,
354930,,False,0,
354932,,False,0,
354979,,False,0,
355058,,False,0,
355188,,False,0,
355229,,False,0,
355265,,False,0,
355271,,False,0,
355273,,False,0,
355286,,False,0,
355288,,False,0,
355561,,False,0,
355693,,False,0,
355698,,False,0,
355719,,False,0,
355726,,False,0,
355727,,False,0,
355759,,False,0,
355772,,False,0,
355811,,False,0,
355817,,False,0,
355820,,False,0,
355822,,False,0,
355847,,False,0,
355868,,False,0,
355887,,False,0,
355910,,False,0,
355951,,False,0,
355961,,False,0,
356017,,False,0,
356040,,False,0,
356047,,False,0,
356058,,False,0,
356067,,False,0,
356076,,False,0,
356087,,False,0,
356096,,False,0,
356109,,False,0,
356129,,False,0,
356133,,False,0,
356135,,False,0,
356137,,False,0,
356139,,False,0,
356484,,False,0,
356495,,False,0,
356514,,False,0,
356714,,False,0,
356720,,False,0,
356722,,False,0,
356724,,False,0,
356909,,False,0,
356918,,False,0,
356919,,False,0,
357025,,False,0,
357078,,False,0,
357086,,False,0,
357315,,False,0,
357321,,False,0,
357323,,False,0,
357354,,False,0,
357369,,False,0,
357380,,False,0,
357401,,False,0,
357414,,False,0,
357447,,False,0,
357483,,False,0,
357493,,False,0,
357502,,False,0,
357526,,False,0,
357545,,False,0,
357562,,False,0,
357571,,False,0,
357586,,False,0,
357607,,False,0,
357611,,False,0,
357613,,False,0,
357615,,False,0,
357863,,False,0,
357881,,False,0,
357960,,False,0,
357964,,False,0,
358147,,False,0,
358156,,False,0,
358249,,False,0,
358255,,False,0,
358257,,False,0,
358259,,False,0,
358410,,False,0,
358425,,False,0,
358558,,False,0,
358658,,False,0,
358746,,False,0,
358849,,False,0,
358884,,False,0,
358890,,False,0,
358891,,False,0,
358893,,False,0,
358894,,False,0,
358895,,False,0,
358896,,False,0,
358897,,False,0,
358898,,False,0,
358899,,False,0,
358903,,False,0,
358904,,False,0,
358906,,False,0,
358962,,False,0,
359044,,False,0,
359152,,False,0,
359208,,False,0,
359211,,False,0,
359217,,False,0,
359219,,False,0,
359221,,False,0,
359242,,False,0,
359251,,False,0,
359291,,False,0,
359298,,False,0,
359303,,False,0,
359449,,False,0,
359460,,False,0,
359634,,False,0,
359744,,False,0,
359828,,False,0,
359837,,False,0,
359847,,False,0,
359851,,False,0,
359865,,False,0,
360048,,False,0,
360054,,False,0,
360058,,False,0,
360060,,False,0,
360062,,False,0,
360411,,False,0,
360437,,False,0,
360441,,False,0,
360494,,False,0,
360500,,False,0,
360502,,False,0,
360504,,False,0,
360582,,False,0,
360744,,False,0,
360747,,False,0,
360750,,False,0,
360751,,False,0,
360752,,False,0,
360753,,False,0,
360782,,False,0,
360791,,False,0,
360824,,False,0,
360890,,False,0,
360897,,False,0,
360898,,False,0,
360917,,False,0,
360929,,False,0,
360996,,False,0,
360997,,False,0,
360998,,False,0,
360999,,False,0,
361000,,False,0,
361020,,False,0,
361024,,False,0,
361087,,False,0,
361091,,False,0,
361106,,False,0,
361112,,False,0,
361113,,False,0,
361115,,False,0,
361117,,False,0,
361193,,False,0,
361235,,False,0,
361252,,False,0,
361261,,False,0,
361424,,False,0,
361428,,False,0,
361433,,False,0,
361437,,False,0,
361555,,False,0,
361713,,False,0,
361748,,False,0,
361776,,False,0,
361781,,False,0,
361787,,False,0,
361834,,False,0,
361856,,False,0,
361876,,False,0,
361948,,False,0,
361985,,False,0,
361986,,False,0,
361987,,False,0,
361988,,False,0,
362002,,False,0,
362025,,False,0,
362051,,False,0,
362052,,False,0,
362053,,False,0,
362080,,False,0,
362086,,False,0,
362088,,False,0,
362090,,False,0,
362108,,False,0,
362118,,False,0,
362134,,False,0,
362142,,False,0,
362153,,False,0,
362252,,False,0,
362335,,False,0,
362340,,False,0,
362347,,False,0,
362391,,False,0,
362392,,False,0,
362393,,False,0,
362394,,False,0,
362395,,False,0,
362396,,False,0,
362399,,False,0,
362404,,False,0,
362421,,False,0,
362422,,False,0,
362423,,False,0,
362729,,False,0,
362746,,False,0,
362750,,False,0,
362762,,False,0,
362764,,False,0,
362806,,False,0,
362812,,False,0,
362813,,False,0,
362815,,False,0,
363013,,False,0,
363050,,False,0,
363055,,False,0,
363059,,False,0,
363060,,False,0,
363062,,False,0,
363072,,False,0,
363101,,False,0,
363140,,False,0,
363170,,False,0,
363188,,False,0,
363194,,False,0,
363195,,False,0,
363197,,False,0,
363230,,False,0,
363274,,False,0,
363455,,False,0,
363752,,False,0,
363762,,False,0,
363768,,False,0,
363770,,False,0,
363775,,False,0,
363782,,False,0,
363789,,False,0,
363796,,False,0,
363803,,False,0,
363810,,False,0,
363817,,False,0,
363824,,False,0,
363831,,False,0,
363838,,False,0,
363845,,False,0,
363853,,False,0,
363862,,False,0,
363867,,False,0,
363872,,False,0,
363876,,False,0,
363883,,False,0,
363890,,False,0,
363897,,False,0,
363904,,False,0,
363911,,False,0,
363918,,False,0,
363925,,False,0,
363932,,False,0,
363939,,False,0,
363946,,False,0,
363953,,False,0,
363960,,False,0,
363967,,False,0,
363976,,False,0,
363985,,False,0,
363994,,False,0,
364002,,False,0,
364013,,False,0,
364021,,False,0,
364027,,False,0,
364030,,False,0,
364032,,False,0,
364052,,False,0,
364084,,False,0,
364093,,False,0,
364131,,False,0,
364140,,False,0,
364160,,False,0,
364174,,False,0,
364219,,False,0,
364233,,False,0,
364256,,False,0,
364267,,False,0,
364296,,False,0,
364317,,False,0,
364324,,False,0,
364343,,False,0,
364347,,False,0,
364348,,False,0,
364350,,False,0,
364368,,False,0,
364369,,False,0,
364435,,False,0,
364441,,False,0,
364445,,False,0,
364446,,False,0,
364448,,False,0,
364461,,False,0,
364486,,False,0,
364492,,False,0,
364494,,False,0,
364514,,False,0,
364516,,False,0,
364613,,False,0,
364689,,False,0,
364703,,False,0,
364713,,False,0,
364746,,False,0,
364783,,False,0,
364807,,False,0,
364832,,False,0,
364833,,False,0,
364834,,False,0,
364861,,False,0,
364865,,False,0,
364867,,False,0,
364868,,False,0,
364869,,False,0,
364893,,False,0,
364895,,False,0,
364899,,False,0,
364928,,False,0,
364930,,False,0,
364939,,False,0,
364941,,False,0,
364983,,False,0,
364990,,False,0,
364996,,False,0,
364998,,False,0,
365032,,False,0,
365045,,False,0,
365070,,False,0,
365085,,False,0,
365112,,False,0,
365150,,False,0,
365174,,False,0,
365186,,False,0,
365230,,False,0,
365257,,False,0,
365296,,False,0,
365303,,False,0,
365309,,False,0,
365317,,False,0,
365342,,False,0,
365343,,False,0,
365345,,False,0,
365354,,False,0,
365360,,False,0,
365361,,False,0,
365363,,False,0,
365513,,False,0,
365778,,False,0,
365782,,False,0,
365832,,False,0,
365836,,False,0,
365840,,False,0,
365965,,False,0,
365969,,False,0,
365970,,False,0,
365972,,False,0,
366018,,False,0,
366030,,False,0,
366113,,False,0,
366119,,False,0,
366121,,False,0,
366351,,False,0,
366454,,False,0,
366458,,False,0,
366459,,False,0,
366461,,False,0,
366472,,False,0,
366547,,False,0,
366549,,False,0,
366586,,False,0,
366602,,False,0,
366626,,False,0,
366632,,False,0,
366634,,False,0,
366636,,False,0,
366659,,False,0,
366669,,False,0,
366752,,False,0,
366779,,False,0,
366884,,False,0,
366916,,False,0,
366958,,False,0,
366969,,False,0,
366973,,False,0,
366974,,False,0,
366976,,False,0,
366983,,False,0,
367015,,False,0,
367021,,False,0,
367023,,False,0,
367025,,False,0,
367030,,False,0,
367037,,False,0,
367042,,False,0,
367049,,False,0,
367056,,False,0,
367061,,False,0,
367068,,False,0,
367075,,False,0,
367082,,False,0,
367089,,False,0,
367094,,False,0,
367103,,False,0,
367108,,False,0,
367115,,False,0,
367120,,False,0,
367127,,False,0,
367132,,False,0,
367154,,False,0,
367159,,False,0,
367164,,False,0,
367171,,False,0,
367176,,False,0,
367183,,False,0,
367188,,False,0,
367195,,False,0,
367200,,False,0,
367207,,False,0,
367214,,False,0,
367219,,False,0,
367226,,False,0,
367233,,False,0,
367238,,False,0,
367246,,False,0,
367248,,False,0,
367254,,False,0,
367260,,False,0,
367313,,False,0,
367352,,False,0,
367363,,False,0,
367370,,False,0,
367409,,False,0,
367424,,False,0,
367445,,False,0,
367465,,False,0,
367474,,False,0,
367495,,False,0,
367511,,False,0,
367527,,False,0,
367536,,False,0,
367566,,False,0,
367576,,False,0,
367580,,False,0,
367586,,False,0,
367766,,False,0,
367770,,False,0,
367975,,False,0,
367981,,False,0,
368142,,False,0,
368146,,False,0,
368322,,False,0,
368327,,False,0,
368382,,False,0,
368390,,False,0,
368397,,False,0,
368409,,False,0,
368411,,False,0,
368447,,False,0,
368481,,False,0,
368491,,False,0,
368498,,False,0,
368519,,False,0,
368548,,False,0,
368562,,False,0,
368591,,False,0,
368605,,False,0,
368612,,False,0,
368623,,False,0,
368637,,False,0,
368646,,False,0,
368655,,False,0,
368663,,False,0,
368667,,False,0,
368854,,False,0,
368858,,False,0,
369057,,False,0,
369063,,False,0,
369254,,False,0,
369260,,False,0,
369261,,False,0,
369263,,False,0,
369328,,False,0,
369433,,False,0,
369443,,False,0,
369481,,False,0,
369628,,False,0,
369632,,False,0,
369633,,False,0,
369635,,False,0,
369658,,False,0,
369687,,False,0,
369693,,False,0,
369695,,False,0,
369754,,False,0,
369833,,False,0,
369837,,False,0,
369838,,False,0,
369840,,False,0,
369849,,False,0,
369916,,False,0,
369999,,False,0,
370000,,False,0,
370002,,False,0,
370014,,False,0,
370030,,False,0,
370036,,False,0,
370043,,False,0,
370049,,False,0,
370051,,False,0,
370079,,False,0,
370104,,False,0,
370108,,False,0,
370109,,False,0,
370111,,False,0,
370118,,False,0,
370151,,False,0,
370153,,False,0,
370154,,False,0,
370155,,False,0,
370175,,False,0,
370188,,False,0,
370194,,False,0,
370195,,False,0,
370196,,False,0,
370207,,False,0,
370215,,False,0,
370226,,False,0,
370230,,False,0,
370288,,False,0,
370303,,False,0,
370309,,False,0,
370310,,False,0,
370314,,False,0,
370452,,False,0,
370455,,False,0,
370459,,False,0,
370460,,False,0,
370462,,False,0,
370509,,False,0,
370570,,False,0,
370605,,False,0,
370611,,False,0,
370613,,False,0,
370705,,False,0,
370707,,False,0,
370717,,False,0,
370893,,False,0,
371122,,False,0,
371172,,False,0,
371178,,False,0,
371180,,False,0,
371193,,False,0,
371200,,False,0,
371242,,False,0,
371267,,False,0,
371303,,False,0,
371318,,False,0,
371348,,False,0,
371367,,False,0,
371392,,False,0,
371406,,False,0,
371434,,False,0,
371445,,False,0,
371467,,False,0,
371475,,False,0,
371514,,False,0,
371528,,False,0,
371532,,False,0,
371534,,False,0,
371536,,False,0,
371538,,False,0,
371543,,False,0,
371720,,False,0,
371725,,False,0,
371878,,False,0,
371884,,False,0,
371888,,False,0,
372243,,False,0,
372249,,False,0,
372251,,False,0,
372253,,False,0,
372453,,False,0,
372496,,False,0,
372920,,False,0,
372936,,False,0,
372944,,False,0,
372946,,False,0,
372971,,False,0,
373202,,False,0,
373246,,False,0,
373285,,False,0,
373292,,False,0,
373296,,False,0,
373307,,False,0,
373333,,False,0,
373342,,False,0,
373534,,False,0,
373575,,False,0,
373582,,False,0,
373583,,False,0,
373584,,False,0,
373585,,False,0,
373586,,False,0,
373591,,False,0,
373592,,False,0,
373593,,False,0,
373595,,False,0,
373640,,False,0,
373646,,False,0,
373671,,False,0,
373674,,False,0,
373707,,False,0,
373713,,False,0,
373715,,False,0,
373716,,False,0,
373717,,False,0,
373722,,False,0,
373725,,False,0,
373731,,False,0,
373738,,False,0,
373745,,False,0,
373763,,False,0,
373814,,False,0,
373855,,False,0,
373862,,False,0,
373911,,False,0,
373935,,False,0,
373942,,False,0,
373957,,False,0,
373976,,False,0,
373986,,False,0,
374002,,False,0,
374013,,False,0,
374023,,False,0,
374048,,False,0,
374052,,False,0,
374053,,False,0,
374055,,False,0,
374111,,False,0,
374177,,False,0,
374247,,False,0,
374251,,False,0,
374387,,False,0,
374393,,False,0,
374397,,False,0,
374398,,False,0,
374400,,False,0,
374595,,False,0,
374606,,False,0,
374608,,False,0,
374843,,False,0,
374988,,False,0,
374994,,False,0,
374995,,False,0,
374997,,False,0,
374999,,False,0,
375311,,False,0,
375562,,False,0,
375568,,False,0,
375569,,False,0,
375571,,False,0,
375573,,False,0,
375618,,False,0,
375624,,False,0,
375655,,False,0,
375746,,False,0,
375752,,False,0,
375889,,False,0,
376187,,False,0,
376256,,False,0,
376273,,False,0,
376307,,False,0,
376345,,False,0,
376422,,False,0,
376467,,False,0,
376473,,False,0,
376474,,False,0,
376476,,False,0,
376478,,False,0,
376483,,False,0,
376826,,False,0,
376830,,False,0,
376848,,False,0,
376872,,False,0,
376891,,False,0,
376892,,False,0,
376893,,False,0,
376894,,False,0,
376895,,False,0,
376937,,False,0,
376942,,False,0,
376954,,False,0,
376987,,False,0,
376993,,False,0,
376994,,False,0,
376996,,False,0,
376998,,False,0,
377001,,False,0,
377207,,False,0,
377245,,False,0,
377258,,False,0,
377284,,False,0,
377285,,False,0,
377286,,False,0,
377288,,False,0,
377408,,False,0,
377513,,False,0,
377542,,False,0,
377543,,False,0,
377544,,False,0,
377545,,False,0,
377546,,False,0,
377573,,False,0,
377592,,False,0,
377661,,False,0,
377665,,False,0,
377669,,False,0,
377675,,False,0,
377676,,False,0,
377678,,False,0,
377680,,False,0,
377850,,False,0,
377877,,False,0,
377884,,False,0,
377894,,False,0,
377951,,False,0,
377972,,False,0,
378018,,False,0,
378043,,False,0,
378054,,False,0,
378244,,False,0,
378245,,False,0,
378246,,False,0,
378251,,False,0,
378252,,False,0,
378253,,False,0,
378260,,False,0,
378261,,False,0,
378262,,False,0,
378267,,False,0,
378268,,False,0,
378269,,False,0,
378271,,False,0,
378363,,False,0,
378364,,False,0,
378365,,False,0,
378376,,False,0,
378444,,False,0,
378446,,False,0,
378447,,False,0,
378448,,False,0,
378453,,False,0,
378467,,False,0,
378484,,False,0,
378485,,False,0,
378486,,False,0,
378487,,False,0,
378488,,False,0,
378489,,False,0,
378491,,False,0,
378497,,False,0,
378503,,False,0,
378504,,False,0,
378506,,False,0,
378508,,False,0,
378552,,False,0,
378553,,False,0,
378554,,False,0,
378558,,False,0,
378559,,False,0,
378560,,False,0,
378570,,False,0,
378594,,False,0,
378595,,False,0,
378596,,False,0,
378597,,False,0,
378598,,False,0,
378599,,False,0,
378600,,False,0,
378607,,False,0,
378612,,False,0,
378638,,False,0,
378734,,False,0,
378796,,False,0,
378797,,False,0,
378798,,False,0,
378799,,False,0,
378800,,False,0,
378881,,False,0,
378882,,False,0,
378883,,False,0,
378962,,False,0,
378963,,False,0,
378964,,False,0,
378973,,False,0,
378974,,False,0,
378975,,False,0,
378984,,False,0,
379079,,False,0,
379155,,False,0,
379159,,False,0,
379164,,False,0,
379165,,False,0,
379166,,False,0,
379213,,False,0,
379214,,False,0,
379215,,False,0,
379219,,False,0,
379220,,False,0,
379221,,False,0,
379232,,False,0,
379244,,False,0,
379245,,False,0,
379246,,False,0,
379251,,False,0,
379256,,False,0,
379257,,False,0,
379258,,False,0,
379266,,False,0,
379273,,False,0,
379281,,False,0,
379282,,False,0,
379283,,False,0,
379291,,False,0,
379296,,False,0,
379302,,False,0,
379310,,False,0,
379323,,False,0,
379332,,False,0,
379333,,False,0,
379334,,False,0,
379356,,False,0,
379377,,False,0,
379382,,False,0,
379383,,False,0,
379386,,False,0,
379401,,False,0,
379403,,False,0,
379431,,False,0,
379436,,False,0,
379442,,False,0,
379450,,False,0,
379464,,False,0,
379465,,False,0,
379466,,False,0,
379475,,False,0,
379476,,False,0,
379477,,False,0,
379482,,False,0,
379516,,False,0,
379637,,False,0,
379645,,False,0,
379652,,False,0,
379656,,False,0,
379701,,False,0,
379709,,False,0,
379719,,False,0,
379720,,False,0,
379721,,False,0,
379745,,False,0,
379750,,False,0,
379751,,False,0,
379752,,False,0,
379763,,False,0,
380050,,False,0,
380060,,False,0,
380071,,False,0,
380072,,False,0,
380073,,False,0,
380074,,False,0,
380075,,False,0,
380105,,False,0,
380106,,False,0,
380107,,False,0,
380111,,False,0,
380135,,False,0,
380136,,False,0,
380137,,False,0,
380150,,False,0,
380157,,False,0,
380158,,False,0,
380159,,False,0,
380164,,False,0,
380202,,False,0,
380203,,False,0,
380204,,False,0,
380208,,False,0,
380293,,False,0,
380307,,False,0,
380319,,False,0,
380325,,False,0,
380326,,False,0,
380327,,False,0,
380333,,False,0,
380335,,False,0,
380336,,False,0,
380337,,False,0,
380341,,False,0,
380343,,False,0,
380344,,False,0,
380345,,False,0,
380352,,False,0,
380353,,False,0,
380354,,False,0,
380395,,False,0,
380396,,False,0,
380397,,False,0,
380398,,False,0,
380399,,False,0,
380400,,False,0,
380401,,False,0,
380405,,False,0,
380406,,False,0,
380407,,False,0,
380429,,False,0,
380433,,False,0,
380443,,False,0,
380452,,False,0,
380453,,False,0,
380454,,False,0,
380455,,False,0,
380457,,False,0,
380530,,False,0,
380593,,False,0,
380601,,False,0,
380607,,False,0,
380608,,False,0,
380610,,False,0,
380639,,False,0,
380707,,False,0,
380754,,False,0,
380828,,False,0,
380834,,False,0,
380836,,False,0,
380838,,False,0,
380853,,False,0,
381405,,False,0,
381411,,False,0,
381414,,False,0,
381416,,False,0,
381495,,False,0,
381519,,False,0,
381534,,False,0,
381572,,False,0,
381616,,False,0,
381643,,False,0,
381659,,False,0,
381668,,False,0,
381687,,False,0,
381703,,False,0,
381736,,False,0,
381758,,False,0,
381769,,False,0,
381778,,False,0,
381786,,False,0,
381790,,False,0,
381792,,False,0,
381794,,False,0,
381940,,False,0,
382012,,False,0,
382168,,False,0,
382240,,False,0,
382247,,False,0,
382378,,False,0,
382384,,False,0,
382386,,False,0,
382388,,False,0,
382455,,False,0,
382690,,False,0,
382704,,False,0,
382891,,False,0,
382918,,False,0,
382924,,False,0,
382926,,False,0,
382951,,False,0,
382977,,False,0,
383009,,False,0,
383042,,False,0,
383051,,False,0,
383071,,False,0,
383095,,False,0,
383118,,False,0,
383127,,False,0,
383138,,False,0,
383148,,False,0,
383157,,False,0,
383164,,False,0,
383174,,False,0,
383195,,False,0,
383199,,False,0,
383201,,False,0,
383203,,False,0,
383208,,False,0,
383390,,False,0,
383417,,False,0,
383592,,False,0,
383610,,False,0,
383785,,False,0,
383846,,False,0,
383852,,False,0,
383854,,False,0,
383859,,False,0,
383863,,False,0,
383892,,False,0,
383896,,False,0,
383929,,False,0,
383939,,False,0,
384102,,False,0,
384114,,False,0,
384127,,False,0,
384284,,False,0,
384288,,False,0,
384297,,False,0,
384317,,False,0,
384321,,False,0,
384472,,False,0,
384478,,False,0,
384480,,False,0,
384482,,False,0,
384823,,False,0,
384833,,False,0,
384921,,False,0,
385040,,False,0,
385055,,False,0,
385069,,False,0,
385077,,False,0,
385116,,False,0,
385121,,False,0,
385142,,False,0,
385148,,False,0,
385150,,False,0,
385152,,False,0,
385164,,False,0,
385598,,False,0,
385749,,False,0,
385755,,False,0,
385862,,False,0,
386016,,False,0,
386035,,False,0,
386040,,False,0,
386045,,False,0,
386081,,False,0,
386089,,False,0,
386128,,False,0,
386134,,False,0,
386136,,False,0,
386138,,False,0,
386204,,False,0,
386520,,False,0,
386537,,False,0,
386567,,False,0,
386573,,False,0,
386589,,False,0,
386593,,False,0,
386693,,False,0,
386699,,False,0,
386701,,False,0,
386703,,False,0,
386982,,False,0,
387150,,False,0,
387159,,False,0,
387209,,False,0,
387248,,False,0,
387271,,False,0,
387277,,False,0,
387279,,False,0,
387283,,False,0,
387285,,False,0,
387617,,False,0,
387621,,False,0,
387684,,False,0,
387693,,False,0,
387699,,False,0,
387719,,False,0,
387723,,False,0,
388057,,False,0,
388066,,False,0,
388099,,False,0,
388100,,False,0,
388101,,False,0,
388188,,False,0,
388194,,False,0,
388196,,False,0,
388198,,False,0,
388326,,False,0,
388332,,False,0,
388333,,False,0,
388334,,False,0,
388344,,False,0,
388349,,False,0,
388388,,False,0,
388401,,False,0,
388409,,False,0,
388470,,False,0,
388493,,False,0,
388514,,False,0,
388518,,False,0,
388543,,False,0,
388553,,False,0,
388570,,False,0,
388611,,False,0,
388622,,False,0,
388660,,False,0,
388681,,False,0,
388693,,False,0,
388820,,False,0,
388824,,False,0,
388882,,False,0,
388936,,False,0,
388984,,False,0,
388989,,False,0,
389005,,False,0,
389015,,False,0,
389016,,False,0,
389017,,False,0,
389036,,False,0,
389050,,False,0,
389172,,False,0,
389192,,False,0,
389197,,False,0,
389217,,False,0,
389245,,False,0,
389335,,False,0,
389586,,False,0,
389592,,False,0,
389594,,False,0,
389601,,False,0,
389610,,False,0,
389619,,False,0,
389627,,False,0,
389635,,False,0,
389659,,False,0,
389666,,False,0,
389673,,False,0,
389680,,False,0,
389687,,False,0,
389694,,False,0,
389701,,False,0,
389708,,False,0,
389715,,False,0,
389723,,False,0,
389734,,False,0,
389744,,False,0,
389751,,False,0,
389756,,False,0,
389763,,False,0,
389770,,False,0,
389777,,False,0,
389785,,False,0,
389792,,False,0,
389799,,False,0,
389806,,False,0,
389813,,False,0,
389820,,False,0,
389827,,False,0,
389834,,False,0,
389841,,False,0,
389846,,False,0,
389854,,False,0,
389860,,False,0,
389862,,False,0,
389879,,False,0,
389895,,False,0,
389911,,False,0,
389918,,False,0,
389931,,False,0,
389946,,False,0,
389965,,False,0,
389978,,False,0,
390002,,False,0,
390007,,False,0,
390012,,False,0,
390042,,False,0,
390067,,False,0,
390076,,False,0,
390094,,False,0,
390098,,False,0,
390099,,False,0,
390101,,False,0,
390154,,False,0,
390160,,False,0,
390164,,False,0,
390165,,False,0,
390167,,False,0,
390176,,False,0,
390261,,False,0,
390263,,False,0,
390290,,False,0,
390294,,False,0,
390298,,False,0,
390302,,False,0,
390303,,False,0,
390306,,False,0,
390308,,False,0,
390356,,False,0,
390358,,False,0,
390367,,False,0,
390375,,False,0,
390382,,False,0,
390388,,False,0,
390497,,False,0,
390504,,False,0,
390509,,False,0,
390510,,False,0,
390511,,False,0,
390528,,False,0,
390534,,False,0,
390543,,False,0,
390555,,False,0,
390561,,False,0,
390563,,False,0,
390586,,False,0,
390604,,False,0,
390632,,False,0,
390645,,False,0,
390658,,False,0,
390677,,False,0,
390690,,False,0,
390705,,False,0,
390712,,False,0,
390721,,False,0,
390738,,False,0,
390745,,False,0,
390758,,False,0,
390767,,False,0,
390777,,False,0,
390781,,False,0,
390782,,False,0,
390784,,False,0,
390793,,False,0,
390835,,False,0,
390894,,False,0,
390896,,False,0,
390979,,False,0,
391015,,False,0,
391021,,False,0,
391060,,False,0,
391101,,False,0,
391107,,False,0,
391109,,False,0,
391111,,False,0,
391138,,False,0,
391171,,False,0,
391187,,False,0,
391200,,False,0,
391285,,False,0,
391306,,False,0,
391329,,False,0,
391336,,False,0,
391337,,False,0,
391339,,False,0,
391346,,False,0,
391393,,False,0,
391395,,False,0,
391396,,False,0,
391397,,False,0,
391399,,False,0,
391428,,False,0,
391429,,False,0,
391430,,False,0,
391432,,False,0,
391442,,False,0,
391443,,False,0,
391444,,False,0,
391454,,False,0,
391455,,False,0,
391456,,False,0,
391458,,False,0,
391462,,False,0,
391464,,False,0,
391465,,False,0,
391466,,False,0,
391470,,False,0,
391500,,False,0,
391501,,False,0,
391502,,False,0,
391503,,False,0,
391504,,False,0,
391511,,False,0,
391522,,False,0,
391537,,False,0,
391539,,False,0,
391548,,False,0,
391550,,False,0,
391552,,False,0,
391567,,False,0,
391568,,False,0,
391569,,False,0,
391571,,False,0,
391572,,False,0,
391573,,False,0,
391589,,False,0,
391590,,False,0,
391591,,False,0,
391597,,False,0,
391599,,False,0,
391603,,False,0,
391604,,False,0,
391605,,False,0,
391607,,False,0,
391608,,False,0,
391609,,False,0,
391631,,False,0,
391632,,False,0,
391633,,False,0,
391635,,False,0,
391636,,False,0,
391637,,False,0,
391639,,False,0,
391640,,False,0,
391641,,False,0,
391652,,False,0,
391653,,False,0,
391654,,False,0,
391660,,False,0,
391661,,False,0,
391662,,False,0,
391664,,False,0,
391671,,False,0,
391673,,False,0,
391674,,False,0,
391675,,False,0,
391677,,False,0,
391683,,False,0,
391688,,False,0,
391694,,False,0,
391696,,False,0,
391698,,False,0,
391700,,False,0,
391701,,False,0,
391702,,False,0,
391704,,False,0,
391710,,False,0,
391716,,False,0,
391718,,False,0,
391731,,False,0,
391738,,False,0,
391744,,False,0,
391750,,False,0,
391751,,False,0,
391753,,False,0,
391766,,False,0,
391837,,False,0,
391839,,False,0,
391840,,False,0,
391846,,False,0,
391850,,False,0,
391851,,False,0,
391853,,False,0,
391870,,False,0,
391910,,False,0,
391912,,False,0,
391913,,False,0,
391918,,False,0,
391922,,False,0,
391924,,False,0,
391940,,False,0,
391946,,False,0,
391948,,False,0,
391979,,False,0,
392023,,False,0,
392029,,False,0,
392035,,False,0,
392037,,False,0,
392044,,False,0,
392049,,False,0,
392056,,False,0,
392061,,False,0,
392066,,False,0,
392071,,False,0,
392078,,False,0,
392085,,False,0,
392094,,False,0,
392101,,False,0,
392108,,False,0,
392115,,False,0,
392122,,False,0,
392129,,False,0,
392136,,False,0,
392145,,False,0,
392152,,False,0,
392157,,False,0,
392162,,False,0,
392167,,False,0,
392172,,False,0,
392179,,False,0,
392186,,False,0,
392193,,False,0,
392200,,False,0,
392207,,False,0,
392214,,False,0,
392221,,False,0,
392226,,False,0,
392233,,False,0,
392241,,False,0,
392243,,False,0,
392249,,False,0,
392251,,False,0,
392258,,False,0,
392273,,False,0,
392286,,False,0,
392336,,False,0,
392367,,False,0,
392383,,False,0,
392413,,False,0,
392444,,False,0,
392453,,False,0,
392469,,False,0,
392479,,False,0,
392501,,False,0,
392537,,False,0,
392567,,False,0,
392586,,False,0,
392594,,False,0,
392598,,False,0,
392790,,False,0,
393057,,False,0,
393063,,False,0,
393610,,False,0,
393646,,False,0,
393675,,False,0,
393683,,False,0,
393688,,False,0,
393690,,False,0,
393731,,False,0,
393741,,False,0,
393755,,False,0,
393766,,False,0,
393775,,False,0,
393793,,False,0,
393800,,False,0,
393835,,False,0,
393845,,False,0,
393856,,False,0,
393869,,False,0,
393882,,False,0,
393895,,False,0,
393902,,False,0,
393922,,False,0,
393926,,False,0,
394244,,False,0,
394402,,False,0,
394408,,False,0,
394566,,False,0,
394838,,False,0,
394844,,False,0,
394845,,False,0,
394847,,False,0,
394947,,False,0,
395409,,False,0,
395749,,False,0,
395753,,False,0,
395755,,False,0,
395757,,False,0,
395804,,False,0,
395808,,False,0,
395819,,False,0,
395835,,False,0,
395841,,False,0,
395847,,False,0,
395848,,False,0,
395850,,False,0,
395869,,False,0,
396097,,False,0,
396099,,False,0,
396108,,False,0,
396223,,False,0,
396227,,False,0,
396228,,False,0,
396230,,False,0,
396259,,False,0,
396314,,False,0,
396370,,False,0,
396376,,False,0,
396377,,False,0,
396379,,False,0,
396431,,False,0,
396497,,False,0,
396527,,False,0,
396599,,False,0,
396601,,False,0,
396749,,False,0,
396755,,False,0,
396757,,False,0,
396759,,False,0,
397156,,False,0,
397160,,False,0,
397258,,False,0,
397270,,False,0,
397408,,False,0,
397414,,False,0,
397416,,False,0,
397425,,False,0,
397446,,False,0,
397487,,False,0,
397498,,False,0,
397536,,False,0,
397561,,False,0,
397576,,False,0,
397592,,False,0,
397617,,False,0,
397646,,False,0,
397680,,False,0,
397688,,False,0,
397702,,False,0,
397715,,False,0,
397731,,False,0,
397735,,False,0,
397737,,False,0,
398446,,False,0,
398579,,False,0,
398585,,False,0,
398587,,False,0,
398589,,False,0,
398593,,False,0,
398829,,False,0,
398843,,False,0,
398844,,False,0,
398864,,False,0,
398907,,False,0,
398973,,False,0,
398982,,False,0,
398988,,False,0,
398990,,False,0,
398999,,False,0,
399021,,False,0,
399037,,False,0,
399045,,False,0,
399057,,False,0,
399063,,False,0,
399073,,False,0,
399082,,False,0,
399110,,False,0,
399122,,False,0,
399166,,False,0,
399185,,False,0,
399207,,False,0,
399216,,False,0,
399242,,False,0,
399246,,False,0,
399247,,False,0,
399249,,False,0,
399261,,False,0,
399370,,False,0,
399372,,False,0,
399520,,False,0,
399530,,False,0,
399541,,False,0,
399551,,False,0,
399555,,False,0,
399584,,False,0,
399588,,False,0,
399594,,False,0,
399595,,False,0,
399597,,False,0,
399699,,False,0,
399936,,False,0,
400002,,False,0,
400125,,False,0,
400131,,False,0,
400135,,False,0,
400136,,False,0,
400138,,False,0,
400145,,False,0,
400160,,False,0,
400166,,False,0,
400168,,False,0,
400197,,False,0,
400199,,False,0,
400247,,False,0,
400251,,False,0,
400306,,False,0,
400351,,False,0,
400352,,False,0,
400353,,False,0,
400370,,False,0,
400371,,False,0,
400372,,False,0,
400392,,False,0,
400396,,False,0,
400397,,False,0,
400398,,False,0,
400420,,False,0,
400421,,False,0,
400423,,False,0,
400430,,False,0,
400433,,False,0,
400435,,False,0,
400437,,False,0,
400438,,False,0,
400439,,False,0,
400443,,False,0,
400444,,False,0,
400445,,False,0,
400452,,False,0,
400453,,False,0,
400454,,False,0,
400467,,False,0,
400478,,False,0,
400485,,False,0,
400495,,False,0,
400501,,False,0,
400503,,False,0,
400669,,False,0,
400673,,False,0,
400777,,False,0,
400783,,False,0,
401041,,False,0,
401045,,False,0,
401197,,False,0,
401203,,False,0,
401205,,False,0,
401239,,False,0,
401250,,False,0,
401282,,False,0,
401335,,False,0,
401362,,False,0,
401385,,False,0,
401422,,False,0,
401456,,False,0,
401486,,False,0,
401521,,False,0,
401550,,False,0,
401565,,False,0,
401592,,False,0,
401621,,False,0,
401629,,False,0,
401633,,False,0,
401868,,False,0,
401874,,False,0,
401876,,False,0,
401982,,False,0,
401988,,False,0,
401990,,False,0,
401991,,False,0,
401993,,False,0,
402005,,False,0,
402072,,False,0,
402076,,False,0,
402078,,False,0,
402306,,False,0,
402312,,False,0,
402314,,False,0,
402316,,False,0,
402340,,False,0,
402459,,False,0,
402467,,False,0,
402510,,False,0,
402529,,False,0,
402565,,False,0,
402566,,False,0,
402567,,False,0,
402568,,False,0,
402569,,False,0,
402572,,False,0,
402573,,False,0,
402574,,False,0,
402634,,False,0,
402637,,False,0,
402654,,False,0,
402671,,False,0,
402675,,False,0,
402676,,False,0,
402678,,False,0,
402687,,False,0,
402712,,False,0,
402718,,False,0,
402720,,False,0,
402762,,False,0,
402789,,False,0,
402803,,False,0,
402816,,False,0,
402842,,False,0,
402859,,False,0,
402884,,False,0,
402893,,False,0,
402904,,False,0,
402911,,False,0,
402917,,False,0,
402924,,False,0,
402931,,False,0,
402980,,False,0,
403003,,False,0,
403007,,False,0,
403009,,False,0,
403067,,False,0,
403069,,False,0,
403128,,False,0,
403135,,False,0,
403150,,False,0,
403156,,False,0,
403188,,False,0,
403212,,False,0,
403222,,False,0,
403223,,False,0,
403224,,False,0,
403260,,False,0,
403274,,False,0,
403286,,False,0,
403287,,False,0,
403288,,False,0,
403298,,False,0,
403303,,False,0,
403313,,False,0,
403317,,False,0,
403328,,False,0,
403345,,False,0,
403357,,False,0,
403364,,False,0,
403397,,False,0,
403406,,False,0,
403419,,False,0,
403453,,False,0,
403459,,False,0,
403465,,False,0,
403466,,False,0,
403468,,False,0,
403470,,False,0,
403486,,False,0,
403497,,False,0,
403503,,False,0,
403504,,False,0,
403506,,False,0,
403512,,False,0,
403513,,False,0,
403515,,False,0,
403524,,False,0,
403525,,False,0,
403527,,False,0,
403550,,False,0,
403614,,False,0,
403616,,False,0,
403785,,False,0,
403791,,False,0,
403795,,False,0,
403796,,False,0,
403798,,False,0,
403825,,False,0,
403831,,False,0,
403833,,False,0,
403866,,False,0,
403868,,False,0,
403869,,False,0,
403870,,False,0,
403903,,False,0,
403933,,False,0,
404029,,False,0,
404030,,False,0,
404031,,False,0,
404061,,False,0,
404062,,False,0,
404064,,False,0,
404112,,False,0,
404118,,False,0,
404122,,False,0,
404123,,False,0,
404125,,False,0,
404133,,False,0,
404181,,False,0,
404183,,False,0,
404224,,False,0,
404232,,False,0,
404253,,False,0,
404257,,False,0,
404299,,False,0,
404300,,False,0,
404301,,False,0,
404307,,False,0,
404308,,False,0,
404310,,False,0,
404317,,False,0,
404349,,False,0,
404355,,False,0,
404357,,False,0,
404444,,False,0,
404477,,False,0,
404483,,False,0,
404484,,False,0,
404486,,False,0,
404527,,False,0,
404596,,False,0,
404625,,False,0,
404662,,False,0,
404664,,False,0,
404698,,False,0,
404704,,False,0,
404706,,False,0,
404708,,False,0,
404718,,False,0,
404724,,False,0,
404925,,False,0,
404937,,False,0,
405155,,False,0,
405174,,False,0,
405181,,False,0,
405266,,False,0,
405309,,False,0,
405384,,False,0,
405400,,False,0,
405475,,False,0,
405485,,False,0,
405490,,False,0,
405583,,False,0,
405589,,False,0,
405591,,False,0,
405593,,False,0,
405972,,False,0,
405976,,False,0,
406289,,False,0,
406290,,False,0,
406291,,False,0,
406292,,False,0,
406293,,False,0,
406294,,False,0,
406299,,False,0,
406336,,False,0,
406369,,False,0,
406381,,False,0,
406387,,False,0,
406388,,False,0,
406390,,False,0,
406397,,False,0,
406480,,False,0,
406528,,False,0,
406576,,False,0,
406578,,False,0,
406591,,False,0,
406595,,False,0,
406596,,False,0,
406598,,False,0,
406635,,False,0,
406641,,False,0,
406643,,False,0,
406693,,False,0,
406761,,False,0,
406833,,False,0,
406839,,False,0,
406844,,False,0,
406846,,False,0,
406882,,False,0,
406887,,False,0,
406888,,False,0,
406895,,False,0,
406906,,False,0,
406915,,False,0,
406952,,False,0,
406967,,False,0,
407009,,False,0,
407027,,False,0,
407038,,False,0,
407045,,False,0,
407055,,False,0,
407087,,False,0,
407108,,False,0,
407115,,False,0,
407128,,False,0,
407132,,False,0,
407134,,False,0,
407172,,False,0,
407174,,False,0,
407277,,False,0,
407323,,False,0,
407381,,False,0,
407432,,False,0,
407450,,False,0,
407456,,False,0,
407458,,False,0,
407460,,False,0,
408059,,False,0,
408072,,False,0,
408078,,False,0,
408080,,False,0,
408096,,False,0,
408116,,False,0,
408130,,False,0,
408160,,False,0,
408177,,False,0,
408203,,False,0,
408217,,False,0,
408242,,False,0,
408264,,False,0,
408287,,False,0,
408309,,False,0,
408329,,False,0,
408368,,False,0,
408378,,False,0,
408398,,False,0,
408402,,False,0,
408403,,False,0,
408405,,False,0,
408416,,False,0,
408472,,False,0,
408474,,False,0,
408594,,False,0,
408598,,False,0,
408605,,False,0,
408844,,False,0,
408854,,False,0,
408860,,False,0,
408861,,False,0,
408863,,False,0,
408865,,False,0,
409124,,False,0,
409235,,False,0,
409246,,False,0,
409247,,False,0,
409248,,False,0,
409291,,False,0,
409296,,False,0,
409297,,False,0,
409298,,False,0,
409303,,False,0,
409304,,False,0,
409306,,False,0,
409348,,False,0,
409354,,False,0,
409356,,False,0,
409358,,False,0,
409393,,False,0,
409397,,False,0,
409411,,False,0,
409415,,False,0,
409426,,False,0,
409681,,False,0,
409685,,False,0,
409689,,False,0,
409690,,False,0,
409691,,False,0,
409700,,False,0,
409802,,False,0,
409829,,False,0,
409871,,False,0,
409910,,False,0,
409922,,False,0,
409927,,False,0,
409946,,False,0,
409952,,False,0,
409954,,False,0,
409955,,False,0,
410013,,False,0,
410032,,False,0,
410217,,False,0,
410259,,False,0,
410269,,False,0,
410489,,False,0,
410500,,False,0,
410506,,False,0,
410508,,False,0,
410510,,False,0,
410554,,False,0,
410558,,False,0,
410559,,False,0,
410622,,False,0,
410643,,False,0,
410755,,False,0,
410759,,False,0,
410842,,False,0,
410925,,False,0,
410931,,False,0,
410933,,False,0,
410935,,False,0,
411028,,False,0,
411086,,False,0,
411135,,False,0,
411152,,False,0,
411230,,False,0,
411234,,False,0,
411241,,False,0,
411305,,False,0,
411313,,False,0,
411373,,False,0,
411379,,False,0,
411381,,False,0,
411383,,False,0,
411587,,False,0,
411591,,False,0,
411685,,False,0,
411689,,False,0,
411819,,False,0,
411870,,False,0,
411886,,False,0,
411910,,False,0,
411944,,False,0,
411950,,False,0,
411952,,False,0,
411954,,False,0,
412010,,False,0,
412016,,False,0,
412026,,False,0,
412069,,False,0,
412098,,False,0,
412176,,False,0,
412242,,False,0,
412248,,False,0,
412250,,False,0,
412252,,False,0,
412283,,False,0,
412330,,False,0,
412366,,False,0,
412378,,False,0,
412391,,False,0,
412400,,False,0,
412415,,False,0,
412442,,False,0,
412542,,False,0,
412552,,False,0,
412710,,False,0,
412716,,False,0,
412718,,False,0,
412720,,False,0,
412736,,False,0,
412737,,False,0,
412738,,False,0,
412743,,False,0,
412758,,False,0,
412762,,False,0,
412772,,False,0,
412818,,False,0,
412819,,False,0,
412820,,False,0,
412826,,False,0,
412861,,False,0,
412992,,False,0,
413026,,False,0,
413027,,False,0,
413028,,False,0,
413053,,False,0,
413096,,False,0,
413196,,False,0,
413202,,False,0,
413204,,False,0,
413216,,False,0,
413221,,False,0,
413228,,False,0,
413235,,False,0,
413242,,False,0,
413251,,False,0,
413256,,False,0,
413263,,False,0,
413270,,False,0,
413277,,False,0,
413282,,False,0,
413289,,False,0,
413296,,False,0,
413303,,False,0,
413313,,False,0,
413322,,False,0,
413329,,False,0,
413338,,False,0,
413345,,False,0,
413352,,False,0,
413359,,False,0,
413366,,False,0,
413371,,False,0,
413378,,False,0,
413385,,False,0,
413390,,False,0,
413395,,False,0,
413400,,False,0,
413408,,False,0,
413415,,False,0,
413420,,False,0,
413430,,False,0,
413438,,False,0,
413444,,False,0,
413469,,False,0,
413513,,False,0,
413542,,False,0,
413556,,False,0,
413583,,False,0,
413623,,False,0,
413653,,False,0,
413664,,False,0,
413675,,False,0,
413690,,False,0,
413725,,False,0,
413750,,False,0,
413780,,False,0,
413803,,False,0,
413816,,False,0,
413817,,False,0,
413819,,False,0,
413825,,False,0,
413829,,False,0,
413831,,False,0,
413833,,False,0,
413939,,False,0,
413957,,False,0,
414068,,False,0,
414072,,False,0,
414079,,False,0,
414083,,False,0,
414096,,False,0,
414243,,False,0,
414293,,False,0,
414313,,False,0,
414380,,False,0,
414386,,False,0,
414388,,False,0,
414390,,False,0,
414411,,False,0,
414424,,False,0,
414439,,False,0,
414452,,False,0,
414545,,False,0,
414559,,False,0,
414563,,False,0,
414633,,False,0,
414647,,False,0,
414826,,False,0,
414829,,False,0,
414985,,False,0,
414993,,False,0,
414995,,False,0,
415007,,False,0,
415013,,False,0,
415015,,False,0,
415046,,False,0,
415088,,False,0,
415115,,False,0,
415136,,False,0,
415154,,False,0,
415165,,False,0,
415214,,False,0,
415232,,False,0,
415264,,False,0,
415298,,False,0,
415313,,False,0,
415340,,False,0,
415354,,False,0,
415372,,False,0,
415380,,False,0,
415388,,False,0,
415389,,False,0,
415391,,False,0,
415400,,False,0,
415428,,False,0,
415431,,False,0,
415434,,False,0,
415438,,False,0,
415439,,False,0,
415441,,False,0,
415457,,False,0,
415519,,False,0,
415556,,False,0,
415562,,False,0,
415563,,False,0,
415565,,False,0,
415575,,False,0,
415583,,False,0,
415589,,False,0,
415591,,False,0,
415640,,False,0,
415646,,False,0,
415647,,False,0,
415649,,False,0,
415665,,False,0,
415713,,False,0,
415714,,False,0,
415715,,False,0,
415716,,False,0,
415717,,False,0,
415718,,False,0,
415723,,False,0,
415729,,False,0,
415730,,False,0,
415732,,False,0,
415743,,False,0,
415823,,False,0,
415882,,False,0,
415997,,False,0,
416020,,False,0,
416022,,False,0,
416036,,False,0,
416073,,False,0,
416114,,False,0,
416120,,False,0,
416122,,False,0,
416124,,False,0,
416143,,False,0,
416191,,False,0,
416196,,False,0,
416609,,False,0,
416637,,False,0,
416652,,False,0,
416689,,False,0,
416693,,False,0,
416758,,False,0,
416769,,False,0,
416819,,False,0,
416827,,False,0,
416833,,False,0,
416835,,False,0,
416845,,False,0,
416852,,False,0,
416859,,False,0,
416868,,False,0,
416875,,False,0,
416882,,False,0,
416889,,False,0,
416896,,False,0,
416903,,False,0,
416912,,False,0,
416920,,False,0,
416925,,False,0,
416932,,False,0,
416937,,False,0,
416942,,False,0,
416947,,False,0,
416952,,False,0,
416959,,False,0,
416964,,False,0,
416972,,False,0,
416981,,False,0,
416988,,False,0,
416998,,False,0,
417005,,False,0,
417010,,False,0,
417015,,False,0,
417020,,False,0,
417027,,False,0,
417036,,False,0,
417043,,False,0,
417049,,False,0,
417055,,False,0,
417057,,False,0,
417072,,False,0,
417102,,False,0,
417136,,False,0,
417151,,False,0,
417164,,False,0,
417176,,False,0,
417192,,False,0,
417203,,False,0,
417210,,False,0,
417232,,False,0,
417243,,False,0,
417249,,False,0,
417255,,False,0,
417264,,False,0,
417272,,False,0,
417276,,False,0,
417277,,False,0,
417279,,False,0,
417317,,False,0,
417323,,False,0,
417327,,False,0,
417329,,False,0,
417331,,False,0,
417426,,False,0,
417627,,False,0,
417676,,False,0,
417680,,False,0,
417805,,False,0,
417811,,False,0,
417813,,False,0,
417815,,False,0,
417828,,False,0,
417832,,False,0,
417838,,False,0,
417916,,False,0,
417922,,False,0,
418002,,False,0,
418013,,False,0,
418088,,False,0,
418143,,False,0,
418175,,False,0,
418259,,False,0,
418264,,False,0,
418271,,False,0,
418275,,False,0,
418280,,False,0,
418287,,False,0,
418292,,False,0,
418314,,False,0,
418336,,False,0,
418381,,False,0,
418410,,False,0,
418451,,False,0,
418457,,False,0,
418459,,False,0,
418470,,False,0,
418477,,False,0,
418488,,False,0,
418505,,False,0,
418543,,False,0,
418550,,False,0,
418559,,False,0,
418576,,False,0,
418594,,False,0,
418603,,False,0,
418616,,False,0,
418630,,False,0,
418645,,False,0,
418656,,False,0,
418668,,False,0,
418672,,False,0,
418674,,False,0,
418676,,False,0,
418691,,False,0,
418698,,False,0,
418705,,False,0,
418710,,False,0,
418714,,False,0,
418719,,False,0,
418733,,False,0,
418738,,False,0,
418758,,False,0,
418763,,False,0,
418770,,False,0,
418777,,False,0,
418786,,False,0,
418795,,False,0,
418799,,False,0,
418825,,False,0,
418843,,False,0,
418884,,False,0,
418909,,False,0,
418919,,False,0,
418926,,False,0,
418948,,False,0,
418955,,False,0,
418968,,False,0,
418991,,False,0,
418998,,False,0,
419002,,False,0,
419016,,False,0,
419021,,False,0,
419024,,False,0,
419029,,False,0,
419030,,False,0,
419031,,False,0,
419034,,False,0,
419042,,False,0,
419046,,False,0,
419049,,False,0,
419053,,False,0,
419061,,False,0,
419087,,False,0,
419095,,False,0,
419100,,False,0,
419108,,False,0,
419122,,False,0,
419128,,False,0,
419139,,False,0,
419191,,False,0,
419198,,False,0,
419210,,False,0,
419267,,False,0,
419274,,False,0,
419304,,False,0,
419307,,False,0,
419311,,False,0,
419316,,False,0,
419321,,False,0,
419322,,False,0,
419323,,False,0,
419326,,False,0,
419328,,False,0,
419344,,False,0,
419350,,False,0,
419351,,False,0,
419353,,False,0,
419389,,False,0,
419410,,False,0,
419462,,False,0,
419557,,False,0,
419563,,False,0,
419565,,False,0,
419647,,False,0,
419649,,False,0,
420017,,False,0,
420023,,False,0,
420025,,False,0,
420032,,False,0,
420054,,False,0,
420063,,False,0,
420086,,False,0,
420120,,False,0,
420129,,False,0,
420152,,False,0,
420169,,False,0,
420179,,False,0,
420210,,False,0,
420217,,False,0,
420226,,False,0,
420249,,False,0,
420259,,False,0,
420283,,False,0,
420293,,False,0,
420297,,False,0,
420298,,False,0,
420300,,False,0,
420459,,False,0,
420468,,False,0,
420472,,False,0,
420474,,False,0,
420476,,False,0,
420794,,False,0,
420875,,False,0,
420882,,False,0,
420962,,False,0,
420963,,False,0,
420965,,False,0,
420971,,False,0,
420973,,False,0,
420975,,False,0,
421248,,False,0,
421423,,False,0,
421518,,False,0,
421524,,False,0,
421526,,False,0,
421537,,False,0,
421540,,False,0,
421541,,False,0,
421556,,False,0,
421586,,False,0,
421595,,False,0,
421611,,False,0,
421655,,False,0,
421675,,False,0,
421684,,False,0,
421691,,False,0,
421708,,False,0,
421721,,False,0,
421730,,False,0,
421737,,False,0,
421746,,False,0,
421760,,False,0,
421764,,False,0,
421766,,False,0,
421768,,False,0,
421795,,False,0,
421973,,False,0,
421981,,False,0,
421987,,False,0,
422005,,False,0,
422145,,False,0,
422311,,False,0,
422367,,False,0,
422438,,False,0,
422444,,False,0,
422446,,False,0,
422448,,False,0,
422698,,False,0,
422941,,False,0,
422973,,False,0,
423071,,False,0,
423277,,False,0,
423283,,False,0,
423285,,False,0,
423287,,False,0,
423367,,False,0,
423515,,False,0,
423626,,False,0,
423630,,False,0,
423714,,False,0,
423719,,False,0,
423758,,False,0,
423853,,False,0,
423861,,False,0,
423863,,False,0,
423865,,False,0,
423942,,False,0,
423953,,False,0,
423989,,False,0,
424013,,False,0,
424257,,False,0,
424267,,False,0,
424285,,False,0,
424324,,False,0,
424361,,False,0,
424401,,False,0,
424414,,False,0,
424426,,False,0,
424430,,False,0,
424709,,False,0,
424727,,False,0,
424733,,False,0,
424756,,False,0,
424787,,False,0,
424793,,False,0,
424795,,False,0,
424797,,False,0,
425020,,False,0,
425030,,False,0,
425031,,False,0,
425032,,False,0,
425052,,False,0,
425081,,False,0,
425096,,False,0,
425129,,False,0,
425133,,False,0,
425150,,False,0,
425309,,False,0,
425340,,False,0,
425346,,False,0,
425347,,False,0,
425349,,False,0,
425384,,False,0,
425387,,False,0,
425391,,False,0,
425393,,False,0,
425395,,False,0,
425525,,False,0,
425536,,False,0,
425548,,False,0,
425607,,False,0,
425690,,False,0,
425696,,False,0,
425701,,False,0,
425703,,False,0,
425708,,False,0,
425781,,False,0,
425794,,False,0,
425804,,False,0,
425823,,False,0,
425891,,False,0,
425973,,False,0,
425998,,False,0,
426066,,False,0,
426078,,False,0,
426345,,False,0,
426382,,False,0,
426402,,False,0,
426435,,False,0,
426456,,False,0,
426462,,False,0,
426464,,False,0,
426466,,False,0,
426511,,False,0,
426512,,False,0,
426513,,False,0,
426523,,False,0,
426572,,False,0,
426634,,False,0,
426698,,False,0,
426717,,False,0,
426838,,False,0,
426912,,False,0,
426913,,False,0,
426914,,False,0,
426918,,False,0,
426932,,False,0,
426938,,False,0,
426970,,False,0,
426974,,False,0,
426995,,False,0,
427018,,False,0,
427036,,False,0,
427037,,False,0,
427038,,False,0,
427085,,False,0,
427091,,False,0,
427098,,False,0,
427100,,False,0,
427109,,False,0,
427117,,False,0,
427154,,False,0,
427178,,False,0,
427218,,False,0,
427240,,False,0,
427273,,False,0,
427288,,False,0,
427308,,False,0,
427317,,False,0,
427326,,False,0,
427352,,False,0,
427361,,False,0,
427385,,False,0,
427401,,False,0,
427405,,False,0,
427407,,False,0,
427409,,False,0,
427564,,False,0,
427654,,False,0,
427741,,False,0,
427852,,False,0,
427860,,False,0,
427866,,False,0,
427868,,False,0,
427870,,False,0,
427891,,False,0,
427905,,False,0,
427974,,False,0,
428012,,False,0,
428221,,False,0,
428332,,False,0,
428394,,False,0,
428400,,False,0,
428800,,False,0,
428983,,False,0,
428985,,False,0,
428993,,False,0,
428999,,False,0,
429001,,False,0,
429003,,False,0,
429098,,False,0,
429105,,False,0,
429264,,False,0,
429317,,False,0,
429321,,False,0,
429328,,False,0,
429457,,False,0,
429576,,False,0,
429577,,False,0,
429578,,False,0,
429585,,False,0,
429591,,False,0,
429592,,False,0,
429594,,False,0,
429600,,False,0,
429602,,False,0,
429604,,False,0,
429620,,False,0,
429626,,False,0,
429631,,False,0,
429633,,False,0,
429681,,False,0,
429753,,False,0,
429754,,False,0,
429755,,False,0,
429785,,False,0,
429793,,False,0,
429801,,False,0,
429802,,False,0,
429803,,False,0,
429807,,False,0,
430068,,False,0,
430074,,False,0,
430076,,False,0,
430078,,False,0,
430559,,False,0,
430930,,False,0,
430936,,False,0,
430938,,False,0,
430940,,False,0,
430958,,False,0,
431205,,False,0,
431296,,False,0,
431300,,False,0,
431308,,False,0,
431516,,False,0,
431522,,False,0,
431524,,False,0,
431526,,False,0,
431581,,False,0,
431589,,False,0,
431710,,False,0,
431714,,False,0,
431764,,False,0,
431808,,False,0,
431812,,False,0,
431822,,False,0,
431835,,False,0,
431862,,False,0,
431896,,False,0,
431900,,False,0,
431988,,False,0,
431994,,False,0,
431996,,False,0,
431998,,False,0,
432021,,False,0,
432022,,False,0,
432023,,False,0,
432024,,False,0,
432025,,False,0,
432036,,False,0,
432040,,False,0,
432044,,False,0,
432050,,False,0,
432091,,False,0,
432092,,False,0,
432093,,False,0,
432097,,False,0,
432101,,False,0,
432124,,False,0,
432155,,False,0,
432168,,False,0,
432174,,False,0,
432175,,False,0,
432176,,False,0,
432195,,False,0,
432210,,False,0,
432225,,False,0,
432264,,False,0,
432271,,False,0,
432278,,False,0,
432282,,False,0,
432283,,False,0,
432284,,False,0,
432313,,False,0,
432369,,False,0,
432387,,False,0,
432388,,False,0,
432389,,False,0,
432441,,False,0,
432445,,False,0,
432449,,False,0,
432453,,False,0,
432460,,False,0,
432464,,False,0,
432479,,False,0,
432483,,False,0,
432506,,False,0,
432559,,False,0,
432611,,False,0,
432617,,False,0,
432621,,False,0,
432625,,False,0,
432648,,False,0,
432701,,False,0,
432763,,False,0,
432764,,False,0,
432765,,False,0,
432769,,False,0,
432773,,False,0,
432774,,False,0,
432775,,False,0,
432776,,False,0,
432777,,False,0,
432798,,False,0,
432800,,False,0,
432808,,False,0,
432810,,False,0,
432820,,False,0,
432821,,False,0,
432822,,False,0,
432840,,False,0,
432841,,False,0,
432842,,False,0,
432846,,False,0,
432853,,False,0,
432859,,False,0,
432861,,False,0,
432863,,False,0,
432923,,False,0,
432937,,False,0,
432942,,False,0,
432946,,False,0,
432959,,False,0,
432960,,False,0,
432961,,False,0,
432987,,False,0,
433093,,False,0,
433122,,False,0,
433163,,False,0,
433167,,False,0,
433172,,False,0,
433241,,False,0,
433245,,False,0,
433252,,False,0,
433256,,False,0,
433260,,False,0,
433261,,False,0,
433262,,False,0,
433264,,False,0,
433275,,False,0,
433276,,False,0,
433277,,False,0,
433281,,False,0,
433285,,False,0,
433286,,False,0,
433287,,False,0,
433296,,False,0,
433307,,False,0,
433311,,False,0,
433316,,False,0,
433339,,False,0,
433342,,False,0,
433347,,False,0,
433367,,False,0,
433371,,False,0,
433377,,False,0,
433383,,False,0,
433406,,False,0,
433409,,False,0,
433443,,False,0,
433462,,False,0,
433466,,False,0,
433826,,False,0,
433838,,False,0,
433844,,False,0,
433905,,False,0,
433909,,False,0,
433910,,False,0,
433946,,False,0,
433948,,False,0,
433965,,False,0,
433971,,False,0,
433977,,False,0,
433978,,False,0,
433980,,False,0,
433984,,False,0,
434123,,False,0,
434126,,False,0,
434127,,False,0,
434129,,False,0,
434282,,False,0,
434287,,False,0,
434293,,False,0,
434295,,False,0,
434301,,False,0,
434311,,False,0,
434316,,False,0,
434324,,False,0,
434329,,False,0,
434334,,False,0,
434340,,False,0,
434345,,False,0,
434352,,False,0,
434359,,False,0,
434364,,False,0,
434369,,False,0,
434376,,False,0,
434383,,False,0,
434390,,False,0,
434397,,False,0,
434404,,False,0,
434411,,False,0,
434418,,False,0,
434422,,False,0,
434431,,False,0,
434436,,False,0,
434443,,False,0,
434454,,False,0,
434461,,False,0,
434466,,False,0,
434471,,False,0,
434476,,False,0,
434483,,False,0,
434490,,False,0,
434498,,False,0,
434504,,False,0,
434506,,False,0,
434525,,False,0,
434546,,False,0,
434571,,False,0,
434588,,False,0,
434610,,False,0,
434626,,False,0,
434637,,False,0,
434659,,False,0,
434692,,False,0,
434715,,False,0,
434748,,False,0,
434757,,False,0,
434764,,False,0,
434773,,False,0,
434782,,False,0,
434786,,False,0,
434787,,False,0,
434789,,False,0,
434859,,False,0,
434872,,False,0,
434876,,False,0,
434877,,False,0,
434879,,False,0,
434984,,False,0,
434988,,False,0,
434989,,False,0,
434991,,False,0,
435042,,False,0,
435047,,False,0,
435053,,False,0,
435054,,False,0,
435056,,False,0,
435168,,False,0,
435173,,False,0,
435177,,False,0,
435178,,False,0,
435180,,False,0,
435193,,False,0,
435260,,False,0,
435265,,False,0,
435269,,False,0,
435270,,False,0,
435272,,False,0,
435287,,False,0,
435320,,False,0,
435325,,False,0,
435331,,False,0,
435346,,False,0,
435348,,False,0,
435372,,False,0,
435384,,False,0,
435397,,False,0,
435410,,False,0,
435431,,False,0,
435440,,False,0,
435449,,False,0,
435482,,False,0,
435505,,False,0,
435514,,False,0,
435525,,False,0,
435547,,False,0,
435571,,False,0,
435586,,False,0,
435611,,False,0,
435615,,False,0,
435616,,False,0,
435618,,False,0,
435642,,False,0,
435693,,False,0,
435699,,False,0,
435700,,False,0,
435702,,False,0,
435714,,False,0,
435759,,False,0,
435764,,False,0,
435768,,False,0,
435769,,False,0,
435771,,False,0,
435779,,False,0,
435815,,False,0,
435819,,False,0,
435825,,False,0,
435826,,False,0,
435828,,False,0,
435847,,False,0,
435853,,False,0,
435855,,False,0,
435859,,False,0,
435943,,False,0,
435945,,False,0,
435960,,False,0,
435970,,False,0,
435971,,False,0,
435972,,False,0,
436058,,False,0,
436059,,False,0,
436060,,False,0,
436169,,False,0,
436174,,False,0,
436180,,False,0,
436206,,False,0,
436208,,False,0,
436380,,False,0,
436471,,False,0,
436594,,False,0,
436607,,False,0,
436642,,False,0,
436696,,False,0,
436783,,False,0,
436873,,False,0,
436883,,False,0,
436901,,False,0,
436925,,False,0,
436931,,False,0,
436933,,False,0,
436935,,False,0,
436976,,False,0,
437060,,False,0,
437061,,False,0,
437063,,False,0,
437081,,False,0,
437133,,False,0,
437137,,False,0,
437139,,False,0,
437163,,False,0,
437180,,False,0,
437199,,False,0,
437211,,False,0,
437234,,False,0,
437247,,False,0,
437260,,False,0,
437274,,False,0,
437282,,False,0,
437291,,False,0,
437300,,False,0,
437479,,False,0,
437480,,False,0,
437482,,False,0,
437483,,False,0,
437485,,False,0,
437493,,False,0,
437499,,False,0,
437501,,False,0,
437586,,False,0,
437588,,False,0,
437658,,False,0,
437668,,False,0,
437675,,False,0,
437676,,False,0,
437677,,False,0,
437678,,False,0,
437679,,False,0,
437685,,False,0,
437697,,False,0,
437698,,False,0,
437699,,False,0,
437700,,False,0,
437701,,False,0,
437702,,False,0,
437703,,False,0,
437709,,False,0,
437710,,False,0,
437711,,False,0,
437717,,False,0,
437737,,False,0,
437738,,False,0,
437739,,False,0,
437740,,False,0,
437741,,False,0,
437768,,False,0,
437769,,False,0,
437771,,False,0,
437788,,False,0,
437793,,False,0,
437799,,False,0,
437800,,False,0,
437802,,False,0,
437823,,False,0,
437906,,False,0,
438182,,False,0,
438184,,False,0,
438377,,False,0,
438384,,False,0,
438386,,False,0,
438388,,False,0,
438438,,False,0,
438478,,False,0,
438690,,False,0,
438694,,False,0,
438870,,False,0,
438876,,False,0,
438878,,False,0,
438886,,False,0,
438889,,False,0,
438890,,False,0,
438901,,False,0,
438916,,False,0,
438936,,False,0,
438952,,False,0,
438965,,False,0,
438980,,False,0,
439007,,False,0,
439030,,False,0,
439037,,False,0,
439071,,False,0,
439096,,False,0,
439113,,False,0,
439119,,False,0,
439152,,False,0,
439158,,False,0,
439162,,False,0,
439164,,False,0,
439166,,False,0,
439242,,False,0,
439246,,False,0,
439247,,False,0,
439599,,False,0,
439739,,False,0,
439754,,False,0,
439774,,False,0,
439878,,False,0,
439885,,False,0,
439887,,False,0,
439889,,False,0,
440000,,False,0,
440138,,False,0,
440159,,False,0,
440210,,False,0,
440300,,False,0,
440320,,False,0,
440329,,False,0,
440340,,False,0,
440392,,False,0,
440461,,False,0,
440498,,False,0,
440538,,False,0,
440547,,False,0,
440583,,False,0,
440587,,False,0,
440619,,False,0,
440643,,False,0,
440700,,False,0,
440706,,False,0,
440708,,False,0,
440721,,False,0,
440749,,False,0,
440758,,False,0,
440765,,False,0,
440812,,False,0,
440820,,False,0,
440840,,False,0,
440846,,False,0,
440863,,False,0,
440869,,False,0,
440881,,False,0,
440889,,False,0,
440895,,False,0,
440931,,False,0,
440944,,False,0,
440945,,False,0,
440951,,False,0,
440955,,False,0,
440956,,False,0,
441025,,False,0,
441162,,False,0,
441221,,False,0,
441278,,False,0,
441284,,False,0,
441286,,False,0,
441325,,False,0,
441327,,False,0,
441735,,False,0,
441741,,False,0,
441742,,False,0,
441744,,False,0,
441750,,False,0,
441786,,False,0,
441791,,False,0,
441795,,False,0,
441797,,False,0,
441799,,False,0,
442260,,False,0,
442266,,False,0,
442268,,False,0,
442270,,False,0,
442338,,False,0,
442537,,False,0,
442541,,False,0,
442623,,False,0,
442627,,False,0,
442642,,False,0,
442679,,False,0,
442680,,False,0,
442681,,False,0,
442716,,False,0,
442748,,False,0,
442773,,False,0,
443017,,False,0,
443025,,False,0,
443034,,False,0,
443050,,False,0,
443058,,False,0,
443060,,False,0,
443062,,False,0,
443146,,False,0,
443157,,False,0,
443224,,False,0,
443505,,False,0,
443537,,False,0,
443549,,False,0,
443553,,False,0,
443556,,False,0,
443592,,False,0,
443593,,False,0,
443595,,False,0,
443601,,False,0,
443603,,False,0,
443605,,False,0,
443611,,False,0,
443728,,False,0,
443729,,False,0,
443730,,False,0,
443731,,False,0,
443732,,False,0,
443774,,False,0,
443775,,False,0,
443776,,False,0,
443805,,False,0,
443823,,False,0,
443862,,False,0,
443912,,False,0,
443981,,False,0,
443982,,False,0,
443983,,False,0,
443996,,False,0,
444048,,False,0,
444054,,False,0,
444056,,False,0,
444058,,False,0,
444109,,False,0,
444141,,False,0,
444142,,False,0,
444143,,False,0,
444205,,False,0,
444234,,False,0,
444404,,False,0,
444405,,False,0,
444406,,False,0,
444407,,False,0,
444408,,False,0,
444414,,False,0,
444481,,False,0,
444485,,False,0,
444496,,False,0,
444497,,False,0,
444498,,False,0,
444504,,False,0,
444578,,False,0,
444585,,False,0,
444598,,False,0,
444609,,False,0,
444642,,False,0,
444646,,False,0,
444653,,False,0,
444657,,False,0,
444667,,False,0,
444673,,False,0,
444794,,False,0,
444827,,False,0,
444828,,False,0,
444829,,False,0,
444842,,False,0,
444861,,False,0,
444870,,False,0,
444874,,False,0,
444880,,False,0,
444884,,False,0,
444888,,False,0,
444977,,False,0,
445018,,False,0,
445021,,False,0,
445031,,False,0,
445034,,False,0,
445040,,False,0,
445042,,False,0,
445044,,False,0,
445065,,False,0,
445094,,False,0,
445130,,False,0,
445138,,False,0,
445166,,False,0,
445180,,False,0,
445212,,False,0,
445225,,False,0,
445263,,False,0,
445284,,False,0,
445291,,False,0,
445299,,False,0,
445304,,False,0,
445317,,False,0,
445327,,False,0,
445331,,False,0,
445333,,False,0,
445334,,False,0,
445336,,False,0,
445361,,False,0,
445424,,False,0,
445477,,False,0,
445485,,False,0,
445494,,False,0,
445510,,False,0,
445514,,False,0,
445515,,False,0,
445517,,False,0,
445538,,False,0,
445583,,False,0,
445635,,False,0,
445651,,False,0,
445657,,False,0,
445658,,False,0,
445660,,False,0,
445732,,False,0,
445734,,False,0,
445942,,False,0,
446074,,False,0,
446078,,False,0,
446143,,False,0,
446166,,False,0,
446235,,False,0,
446254,,False,0,
446314,,False,0,
446396,,False,0,
446399,,False,0,
446403,,False,0,
446509,,False,0,
446520,,False,0,
446529,,False,0,
446535,,False,0,
446536,,False,0,
446538,,False,0,
446571,,False,0,
446637,,False,0,
446701,,False,0,
446705,,False,0,
446792,,False,0,
446794,,False,0,
446922,,False,0,
446928,,False,0,
446930,,False,0,
446932,,False,0,
447344,,False,0,
447506,,False,0,
447512,,False,0,
447513,,False,0,
447515,,False,0,
447535,,False,0,
447579,,False,0,
447590,,False,0,
447594,,False,0,
447595,,False,0,
447597,,False,0,
447607,,False,0,
447672,,False,0,
447673,,False,0,
447674,,False,0,
447680,,False,0,
447682,,False,0,
447684,,False,0,
447804,,False,0,
447817,,False,0,
447889,,False,0,
447959,,False,0,
448007,,False,0,
448019,,False,0,
448029,,False,0,
448180,,False,0,
448443,,False,0,
448451,,False,0,
448461,,False,0,
448593,,False,0,
448620,,False,0,
448626,,False,0,
448628,,False,0,
448630,,False,0,
448680,,False,0,
448713,,False,0,
448717,,False,0,
448752,,False,0,
448787,,False,0,
448794,,False,0,
448812,,False,0,
448854,,False,0,
448874,,False,0,
448875,,False,0,
448876,,False,0,
448887,,False,0,
448907,,False,0,
448908,,False,0,
448932,,False,0,
448938,,False,0,
448939,,False,0,
448941,,False,0,
448954,,False,0,
448990,,False,0,
448992,,False,0,
448996,,False,0,
449000,,False,0,
449001,,False,0,
449003,,False,0,
449017,,False,0,
449067,,False,0,
449069,,False,0,
449070,,False,0,
449074,,False,0,
449075,,False,0,
449077,,False,0,
449092,,False,0,
449137,,False,0,
449153,,False,0,
449159,,False,0,
449165,,False,0,
449168,,False,0,
449170,,False,0,
449177,,False,0,
449188,,False,0,
449199,,False,0,
449217,,False,0,
449240,,False,0,
449249,,False,0,
449278,,False,0,
449320,,False,0,
449326,,False,0,
449341,,False,0,
449356,,False,0,
449371,,False,0,
449386,,False,0,
449394,,False,0,
449410,,False,0,
449411,,False,0,
449413,,False,0,
449419,,False,0,
449423,,False,0,
449425,,False,0,
449426,,False,0,
449428,,False,0,
449444,,False,0,
449514,,False,0,
449584,,False,0,
449590,,False,0,
449596,,False,0,
449600,,False,0,
449601,,False,0,
449603,,False,0,
449617,,False,0,
449668,,False,0,
449674,,False,0,
449680,,False,0,
449683,,False,0,
449689,,False,0,
449690,,False,0,
449692,,False,0,
449705,,False,0,
449803,,False,0,
449859,,False,0,
449865,,False,0,
449874,,False,0,
449878,,False,0,
449879,,False,0,
449881,,False,0,
449899,,False,0,
449968,,False,0,
449989,,False,0,
450048,,False,0,
450050,,False,0,
450074,,False,0,
450091,,False,0,
450097,,False,0,
450099,,False,0,
450101,,False,0,
450109,,False,0,
450125,,False,0,
450213,,False,0,
450231,,False,0,
450241,,False,0,
450280,,False,0,
450295,,False,0,
450361,,False,0,
450362,,False,0,
450363,,False,0,
450430,,False,0,
450454,,False,0,
450462,,False,0,
450496,,False,0,
450500,,False,0,
450513,,False,0,
450514,,False,0,
450515,,False,0,
450528,,False,0,
450534,,False,0,
450567,,False,0,
450605,,False,0,
450627,,False,0,
450633,,False,0,
450639,,False,0,
450760,,False,0,
450761,,False,0,
450764,,False,0,
450770,,False,0,
450772,,False,0,
450805,,False,0,
450827,,False,0,
450849,,False,0,
450888,,False,0,
450897,,False,0,
450916,,False,0,
450932,,False,0,
450951,,False,0,
450959,,False,0,
450978,,False,0,
451001,,False,0,
451013,,False,0,
451028,,False,0,
451035,,False,0,
451055,,False,0,
451057,,False,0,
451061,,False,0,
451062,,False,0,
451064,,False,0,
451071,,False,0,
451108,,False,0,
451112,,False,0,
451113,,False,0,
451339,,False,0,
451348,,False,0,
451352,,False,0,
451353,,False,0,
451355,,False,0,
451366,,False,0,
451420,,False,0,
451426,,False,0,
451428,,False,0,
451457,,False,0,
451461,,False,0,
451463,,False,0,
451474,,False,0,
451475,,False,0,
451476,,False,0,
451840,,False,0,
451849,,False,0,
451850,,False,0,
451851,,False,0,
451861,,False,0,
451869,,False,0,
451888,,False,0,
451892,,False,0,
451898,,False,0,
451904,,False,0,
451905,,False,0,
451911,,False,0,
452173,,False,0,
452356,,False,0,
452793,,False,0,
452986,,False,0,
452988,,False,0,
453081,,False,0,
453087,,False,0,
453089,,False,0,
453091,,False,0,
453586,,False,0,
453598,,False,0,
453853,,False,0,
454091,,False,0,
454206,,False,0,
454212,,False,0,
454213,,False,0,
454215,,False,0,
454220,,False,0,
454221,,False,0,
454223,,False,0,
454230,,False,0,
454276,,False,0,
454321,,False,0,
454330,,False,0,
454335,,False,0,
454336,,False,0,
454338,,False,0,
454345,,False,0,
454374,,False,0,
454378,,False,0,
454384,,False,0,
454385,,False,0,
454387,,False,0,
454394,,False,0,
454471,,False,0,
454473,,False,0,
454474,,False,0,
454476,,False,0,
454479,,False,0,
454485,,False,0,
454487,,False,0,
454511,,False,0,
454518,,False,0,
454549,,False,0,
454566,,False,0,
454577,,False,0,
454594,,False,0,
454646,,False,0,
454658,,False,0,
454674,,False,0,
454704,,False,0,
454724,,False,0,
454735,,False,0,
454744,,False,0,
454786,,False,0,
454794,,False,0,
454795,,False,0,
454797,,False,0,
454803,,False,0,
454807,,False,0,
454808,,False,0,
454810,,False,0,
454812,,False,0,
454824,,False,0,
454830,,False,0,
454831,,False,0,
454833,,False,0,
454847,,False,0,
454908,,False,0,
454923,,False,0,
454963,,False,0,
454965,,False,0,
455038,,False,0,
455044,,False,0,
455046,,False,0,
455048,,False,0,
455355,,False,0,
455362,,False,0,
455366,,False,0,
455369,,False,0,
455370,,False,0,
455371,,False,0,
455380,,False,0,
455381,,False,0,
455382,,False,0,
455385,,False,0,
455401,,False,0,
455402,,False,0,
455403,,False,0,
455418,,False,0,
455441,,False,0,
455456,,False,0,
455465,,False,0,
455471,,False,0,
455472,,False,0,
455474,,False,0,
455481,,False,0,
455493,,False,0,
455532,,False,0,
455536,,False,0,
455537,,False,0,
455539,,False,0,
455551,,False,0,
455647,,False,0,
455651,,False,0,
455654,,False,0,
455655,,False,0,
455657,,False,0,
455670,,False,0,
455746,,False,0,
455749,,False,0,
455757,,False,0,
455759,,False,0,
455761,,False,0,
455782,,False,0,
455792,,False,0,
455813,,False,0,
455824,,False,0,
455832,,False,0,
455845,,False,0,
455854,,False,0,
455873,,False,0,
455884,,False,0,
455890,,False,0,
455896,,False,0,
455910,,False,0,
455917,,False,0,
455928,,False,0,
455939,,False,0,
455943,,False,0,
455945,,False,0,
455946,,False,0,
455948,,False,0,
455981,,False,0,
456016,,False,0,
456148,,False,0,
456150,,False,0,
456298,,False,0,
456304,,False,0,
456305,,False,0,
456307,,False,0,
456309,,False,0,
456499,,False,0,
456500,,False,0,
456501,,False,0,
456626,,False,0,
456636,,False,0,
456641,,False,0,
456754,,False,0,
456817,,False,0,
456823,,False,0,
456824,,False,0,
456826,,False,0,
456839,,False,0,
456907,,False,0,
456987,,False,0,
456991,,False,0,
456997,,False,0,
457001,,False,0,
457002,,False,0,
457004,,False,0,
457006,,False,0,
457051,,False,0,
457052,,False,0,
457053,,False,0,
457090,,False,0,
457126,,False,0,
457127,,False,0,
457128,,False,0,
457129,,False,0,
457130,,False,0,
457136,,False,0,
457137,,False,0,
457138,,False,0,
457206,,False,0,
457207,,False,0,
457208,,False,0,
457209,,False,0,
457210,,False,0,
457254,,False,0,
457255,,False,0,
457256,,False,0,
457267,,False,0,
457280,,False,0,
457281,,False,0,
457282,,False,0,
457295,,False,0,
457304,,False,0,
457323,,False,0,
457327,,False,0,
457407,,False,0,
457408,,False,0,
457409,,False,0,
457410,,False,0,
457413,,False,0,
457423,,False,0,
457424,,False,0,
457425,,False,0,
457429,,False,0,
457488,,False,0,
457493,,False,0,
457508,,False,0,
457536,,False,0,
457542,,False,0,
457543,,False,0,
457545,,False,0,
457547,,False,0,
457633,,False,0,
457637,,False,0,
457654,,False,0,
457655,,False,0,
457656,,False,0,
457662,,False,0,
457663,,False,0,
457664,,False,0,
457668,,False,0,
457704,,False,0,
457750,,False,0,
457777,,False,0,
457778,,False,0,
457779,,False,0,
457789,,False,0,
457829,,False,0,
457838,,False,0,
457839,,False,0,
457840,,False,0,
457841,,False,0,
457842,,False,0,
457851,,False,0,
457856,,False,0,
457857,,False,0,
457858,,False,0,
457859,,False,0,
457860,,False,0,
457864,,False,0,
457865,,False,0,
457866,,False,0,
457870,,False,0,
457885,,False,0,
457886,,False,0,
457887,,False,0,
457925,,False,0,
457926,,False,0,
457927,,False,0,
457969,,False,0,
457975,,False,0,
457999,,False,0,
458000,,False,0,
458001,,False,0,
458002,,False,0,
458004,,False,0,
458010,,False,0,
458011,,False,0,
458013,,False,0,
458015,,False,0,
458029,,False,0,
458050,,False,0,
458062,,False,0,
458161,,False,0,
458162,,False,0,
458163,,False,0,
458172,,False,0,
458209,,False,0,
458261,,False,0,
458262,,False,0,
458263,,False,0,
458266,,False,0,
458534,,False,0,
458540,,False,0,
458541,,False,0,
458543,,False,0,
458545,,False,0,
458556,,False,0,
458892,,False,0,
458896,,False,0,
458903,,False,0,
458960,,False,0,
458961,,False,0,
458962,,False,0,
458963,,False,0,
458964,,False,0,
458967,,False,0,
458968,,False,0,
458969,,False,0,
458994,,False,0,
458995,,False,0,
458996,,False,0,
459006,,False,0,
459007,,False,0,
459008,,False,0,
459023,,False,0,
459024,,False,0,
459025,,False,0,
459034,,False,0,
459035,,False,0,
459036,,False,0,
459040,,False,0,
459045,,False,0,
459046,,False,0,
459047,,False,0,
459058,,False,0,
459062,,False,0,
459063,,False,0,
459064,,False,0,
459075,,False,0,
459076,,False,0,
459077,,False,0,
459083,,False,0,
459087,,False,0,
459091,,False,0,
459092,,False,0,
459093,,False,0,
459130,,False,0,
459135,,False,0,
459136,,False,0,
459137,,False,0,
459148,,False,0,
459149,,False,0,
459150,,False,0,
459216,,False,0,
459217,,False,0,
459218,,False,0,
459222,,False,0,
459223,,False,0,
459224,,False,0,
459228,,False,0,
459229,,False,0,
459230,,False,0,
459239,,False,0,
459240,,False,0,
459241,,False,0,
459246,,False,0,
459264,,False,0,
459269,,False,0,
459270,,False,0,
459271,,False,0,
459272,,False,0,
459273,,False,0,
459287,,False,0,
459288,,False,0,
459289,,False,0,
459290,,False,0,
459291,,False,0,
459303,,False,0,
459304,,False,0,
459305,,False,0,
459320,,False,0,
459321,,False,0,
459323,,False,0,
459347,,False,0,
459353,,False,0,
459355,,False,0,
459368,,False,0,
459396,,False,0,
459423,,False,0,
459438,,False,0,
459453,,False,0,
459464,,False,0,
459492,,False,0,
459503,,False,0,
459532,,False,0,
459541,,False,0,
459549,,False,0,
459558,,False,0,
459573,,False,0,
459583,,False,0,
459615,,False,0,
459626,,False,0,
459627,,False,0,
459629,,False,0,
459635,,False,0,
459639,,False,0,
459640,,False,0,
459642,,False,0,
459649,,False,0,
459680,,False,0,
459682,,False,0,
459700,,False,0,
459746,,False,0,
459760,,False,0,
459769,,False,0,
459788,,False,0,
459789,,False,0,
459790,,False,0,
459800,,False,0,
459838,,False,0,
459848,,False,0,
459887,,False,0,
459902,,False,0,
459906,,False,0,
459907,,False,0,
459908,,False,0,
459977,,False,0,
460014,,False,0,
460043,,False,0,
460065,,False,0,
460066,,False,0,
460067,,False,0,
460072,,False,0,
460077,,False,0,
460084,,False,0,
460099,,False,0,
460101,,False,0,
460106,,False,0,
460111,,False,0,
460112,,False,0,
460113,,False,0,
460116,,False,0,
460117,,False,0,
460118,,False,0,
460123,,False,0,
460129,,False,0,
460130,,False,0,
460134,,False,0,
460147,,False,0,
460199,,False,0,
460205,,False,0,
460206,,False,0,
460208,,False,0,
460218,,False,0,
460290,,False,0,
460292,,False,0,
460293,,False,0,
460318,,False,0,
460325,,False,0,
460326,,False,0,
460328,,False,0,
460341,,False,0,
460367,,False,0,
460401,,False,0,
460403,,False,0,
460404,,False,0,
460411,,False,0,
460416,,False,0,
460417,,False,0,
460419,,False,0,
460428,,False,0,
460456,,False,0,
460458,,False,0,
460459,,False,0,
460466,,False,0,
460472,,False,0,
460476,,False,0,
460477,,False,0,
460479,,False,0,
460492,,False,0,
460544,,False,0,
460567,,False,0,
460569,,False,0,
460570,,False,0,
460571,,False,0,
460572,,False,0,
460573,,False,0,
460576,,False,0,
460577,,False,0,
460579,,False,0,
460594,,False,0,
460635,,False,0,
460637,,False,0,
460638,,False,0,
460639,,False,0,
460644,,False,0,
460650,,False,0,
460652,,False,0,
460694,,False,0,
460724,,False,0,
460736,,False,0,
460757,,False,0,
460774,,False,0,
460791,,False,0,
460798,,False,0,
460807,,False,0,
460827,,False,0,
460845,,False,0,
460858,,False,0,
460869,,False,0,
460884,,False,0,
460892,,False,0,
460904,,False,0,
460910,,False,0,
460911,,False,0,
460920,,False,0,
460924,,False,0,
460925,,False,0,
460927,,False,0,
460981,,False,0,
461011,,False,0,
461073,,False,0,
461079,,False,0,
461081,,False,0,
461243,,False,0,
461249,,False,0,
461277,,False,0,
461279,,False,0,
461537,,False,0,
461778,,False,0,
461933,,False,0,
461939,,False,0,
461941,,False,0,
461943,,False,0,
462000,,False,0,
462001,,False,0,
462002,,False,0,
462006,,False,0,
462007,,False,0,
462034,,False,0,
462296,,False,0,
462302,,False,0,
462304,,False,0,
462306,,False,0,
462463,,False,0,
462710,,False,0,
462718,,False,0,
462722,,False,0,
462724,,False,0,
462818,,False,0,
462824,,False,0,
462826,,False,0,
462828,,False,0,
463010,,False,0,
463397,,False,0,
463403,,False,0,
463405,,False,0,
463407,,False,0,
463857,,False,0,
463863,,False,0,
463865,,False,0,
463867,,False,0,
464277,,False,0,
464562,,False,0,
464589,,False,0,
464595,,False,0,
464597,,False,0,
464599,,False,0,
464680,,False,0,
464722,,False,0,
464786,,False,0,
464792,,False,0,
465012,,False,0,
465276,,False,0,
465355,,False,0,
465359,,False,0,
465398,,False,0,
465401,,False,0,
465407,,False,0,
465409,,False,0,
465462,,False,0,
465463,,False,0,
465474,,False,0,
465528,,False,0,
465718,,False,0,
465720,,False,0,
465726,,False,0,
465728,,False,0,
465738,,False,0,
465744,,False,0,
465745,,False,0,
465759,,False,0,
465763,,False,0,
465769,,False,0,
465777,,False,0,
465784,,False,0,
465794,,False,0,
465831,,False,0,
465848,,False,0,
465861,,False,0,
465872,,False,0,
465902,,False,0,
465915,,False,0,
465926,,False,0,
465949,,False,0,
465961,,False,0,
466012,,False,0,
466024,,False,0,
466061,,False,0,
466080,,False,0,
466103,,False,0,
466117,,False,0,
466132,,False,0,
466141,,False,0,
466170,,False,0,
466182,,False,0,
466198,,False,0,
466209,,False,0,
466221,,False,0,
466238,,False,0,
466244,,False,0,
466246,,False,0,
466248,,False,0,
466376,,False,0,
466386,,False,0,
466441,,False,0,
466446,,False,0,
466613,,False,0,
466617,,False,0,
466651,,False,0,
466657,,False,0,
466659,,False,0,
466661,,False,0,
466665,,False,0,
467023,,False,0,
467189,,False,0,
467377,,False,0,
467383,,False,0,
467385,,False,0,
467387,,False,0,
467714,,False,0,
467720,,False,0,
467721,,False,0,
467723,,False,0,
467737,,False,0,
467779,,False,0,
467827,,False,0,
467828,,False,0,
467830,,False,0,
467872,,False,0,
467876,,False,0,
467878,,False,0,
467880,,False,0,
468003,,False,0,
468009,,False,0,
468015,,False,0,
468017,,False,0,
468019,,False,0,
468369,,False,0,
468790,,False,0,
468814,,False,0,
468820,,False,0,
468822,,False,0,
468824,,False,0,
469100,,False,0,
469104,,False,0,
469115,,False,0,
469150,,False,0,
469223,,False,0,
469229,,False,0,
469231,,False,0,
469233,,False,0,
469235,,False,0,
469310,,False,0,
469311,,False,0,
469312,,False,0,
469339,,False,0,
469400,,False,0,
469414,,False,0,
469425,,False,0,
469450,,False,0,
469463,,False,0,
469488,,False,0,
469492,,False,0,
469512,,False,0,
469582,,False,0,
469706,,False,0,
469712,,False,0,
469714,,False,0,
469716,,False,0,
469752,,False,0,
469856,,False,0,
469884,,False,0,
469925,,False,0,
469968,,False,0,
469972,,False,0,
469980,,False,0,
470322,,False,0,
470453,,False,0,
470472,,False,0,
470473,,False,0,
470572,,False,0,
470665,,False,0,
470671,,False,0,
470673,,False,0,
470677,,False,0,
470774,,False,0,
470900,,False,0,
470985,,False,0,
470989,,False,0,
471004,,False,0,
471079,,False,0,
471124,,False,0,
471130,,False,0,
471736,,False,0,
471742,,False,0,
471744,,False,0,
471746,,False,0,
471902,,False,0,
472048,,False,0,
472054,,False,0,
472058,,False,0,
472060,,False,0,
472083,,False,0,
472118,,False,0,
472121,,False,0,
472122,,False,0,
472142,,False,0,
472163,,False,0,
472191,,False,0,
472214,,False,0,
472223,,False,0,
472240,,False,0,
472260,,False,0,
472295,,False,0,
472305,,False,0,
472350,,False,0,
472368,,False,0,
472389,,False,0,
472401,,False,0,
472411,,False,0,
472433,,False,0,
472446,,False,0,
472469,,False,0,
472477,,False,0,
472493,,False,0,
472505,,False,0,
472521,,False,0,
472530,,False,0,
472557,,False,0,
472565,,False,0,
472579,,False,0,
472582,,False,0,
472583,,False,0,
472585,,False,0,
472591,,False,0,
472592,,False,0,
472594,,False,0,
472600,,False,0,
472604,,False,0,
472605,,False,0,
472607,,False,0,
472614,,False,0,
472647,,False,0,
472656,,False,0,
472660,,False,0,
472662,,False,0,
472664,,False,0,
472680,,False,0,
472699,,False,0,
472702,,False,0,
472815,,False,0,
472896,,False,0,
472902,,False,0,
472904,,False,0,
472906,,False,0,
473051,,False,0,
473058,,False,0,
473102,,False,0,
473106,,False,0,
473161,,False,0,
473166,,False,0,
473172,,False,0,
473174,,False,0,
473176,,False,0,
473207,,False,0,
473336,,False,0,
473337,,False,0,
473338,,False,0,
473339,,False,0,
473340,,False,0,
473363,,False,0,
473414,,False,0,
473421,,False,0,
473434,,False,0,
473445,,False,0,
473462,,False,0,
473628,,False,0,
473684,,False,0,
473689,,False,0,
473746,,False,0,
473757,,False,0,
473819,,False,0,
473823,,False,0,
473846,,False,0,
473883,,False,0,
473899,,False,0,
473989,,False,0,
473997,,False,0,
474077,,False,0,
474145,,False,0,
474151,,False,0,
474153,,False,0,
474155,,False,0,
474431,,False,0,
474435,,False,0,
474708,,False,0,
474740,,False,0,
474746,,False,0,
474747,,False,0,
474749,,False,0,
474793,,False,0,
474878,,False,0,
474882,,False,0,
474884,,False,0,
475018,,False,0,
475022,,False,0,
475183,,False,0,
475189,,False,0,
475191,,False,0,
475193,,False,0,
475397,,False,0,
475516,,False,0,
475537,,False,0,
475546,,False,0,
475571,,False,0,
475587,,False,0,
475597,,False,0,
475612,,False,0,
475635,,False,0,
475652,,False,0,
475709,,False,0,
475727,,False,0,
475744,,False,0,
475760,,False,0,
475792,,False,0,
475825,,False,0,
475831,,False,0,
475833,,False,0,
475835,,False,0,
475886,,False,0,
475899,,False,0,
475904,,False,0,
475968,,False,0,
476021,,False,0,
476022,,False,0,
476038,,False,0,
476093,,False,0,
476099,,False,0,
476101,,False,0,
476197,,False,0,
476247,,False,0,
476400,,False,0,
476586,,False,0,
476592,,False,0,
476594,,False,0,
476596,,False,0,
476700,,False,0,
476701,,False,0,
476702,,False,0,
476703,,False,0,
476704,,False,0,
476706,,False,0,
476707,,False,0,
476708,,False,0,
477016,,False,0,
477020,,False,0,
477118,,False,0,
477124,,False,0,
477127,,False,0,
477130,,False,0,
477132,,False,0,
477145,,False,0,
477166,,False,0,
477173,,False,0,
477230,,False,0,
477239,,False,0,
477248,,False,0,
477282,,False,0,
477304,,False,0,
477321,,False,0,
477333,,False,0,
477343,,False,0,
477360,,False,0,
477373,,False,0,
477382,,False,0,
477400,,False,0,
477443,,False,0,
477455,,False,0,
477483,,False,0,
477492,,False,0,
477524,,False,0,
477532,,False,0,
477543,,False,0,
477551,,False,0,
477561,,False,0,
477571,,False,0,
477586,,False,0,
477603,,False,0,
477610,,False,0,
477614,,False,0,
477615,,False,0,
477617,,False,0,
477666,,False,0,
477675,,False,0,
477676,,False,0,
477682,,False,0,
477686,,False,0,
477687,,False,0,
477689,,False,0,
477871,,False,0,
477877,,False,0,
477878,,False,0,
477880,,False,0,
478284,,False,0,
478423,,False,0,
478429,,False,0,
478430,,False,0,
478439,,False,0,
478578,,False,0,
478587,,False,0,
478588,,False,0,
479000,,False,0,
479015,,False,0,
479041,,False,0,
479103,,False,0,
479115,,False,0,
479284,,False,0,
479365,,False,0,
479371,,False,0,
479372,,False,0,
479374,,False,0,
479867,,False,0,
479875,,False,0,
479876,,False,0,
479877,,False,0,
479968,,False,0,
479974,,False,0,
479975,,False,0,
479977,,False,0,
480325,,False,0,
480378,,False,0,
480436,,False,0,
480470,,False,0,
480549,,False,0,
480690,,False,0,
480732,,False,0,
480841,,False,0,
480847,,False,0,
480848,,False,0,
480850,,False,0,
480884,,False,0,
480954,,False,0,
481035,,False,0,
481312,,False,0,
481357,,False,0,
481363,,False,0,
481462,,False,0,
481874,,False,0,
481880,,False,0,
481881,,False,0,
481885,,False,0,
481949,,False,0,
482008,,False,0,
482013,,False,0,
482017,,False,0,
482025,,False,0,
482029,,False,0,
482032,,False,0,
482037,,False,0,
482041,,False,0,
482049,,False,0,
482109,,False,0,
482280,,False,0,
482286,,False,0,
482287,,False,0,
482289,,False,0,
482290,,False,0,
482431,,False,0,
482753,,False,0,
482757,,False,0,
482797,,False,0,
482805,,False,0,
483004,,False,0,
483010,,False,0,
483011,,False,0,
483013,,False,0,
483445,,False,0,
483610,,False,0,
483614,,False,0,
483863,,False,0,
484063,,False,0,
484158,,False,0,
484164,,False,0,
484165,,False,0,
484167,,False,0,
484405,,False,0,
484414,,False,0,
484415,,False,0,
484416,,False,0,
484438,,False,0,
484454,,False,0,
484717,,False,0,
484917,,False,0,
484918,,False,0,
484919,,False,0,
484996,,False,0,
485016,,False,0,
485133,,False,0,
485138,,False,0,
485144,,False,0,
485145,,False,0,
485147,,False,0,
485285,,False,0,
485307,,False,0,
485334,,False,0,
485368,,False,0,
485394,,False,0,
485412,,False,0,
485441,,False,0,
485447,,False,0,
485448,,False,0,
485450,,False,0,
485787,,False,0,
486326,,False,0,
486381,,False,0,
486385,,False,0,
486472,,False,0,
486476,,False,0,
486480,,False,0,
486481,,False,0,
486482,,False,0,
486496,,False,0,
486513,,False,0,
486534,,False,0,
486544,,False,0,
486568,,False,0,
486569,,False,0,
486570,,False,0,
486601,,False,0,
486614,,False,0,
486618,,False,0,
486649,,False,0,
486655,,False,0,
486656,,False,0,
486673,,False,0,
486694,,False,0,
486710,,False,0,
486736,,False,0,
486759,,False,0,
486782,,False,0,
486791,,False,0,
486822,,False,0,
486838,,False,0,
486889,,False,0,
486902,,False,0,
486929,,False,0,
486946,,False,0,
486961,,False,0,
486972,,False,0,
486983,,False,0,
486989,,False,0,
487000,,False,0,
487020,,False,0,
487042,,False,0,
487049,,False,0,
487056,,False,0,
487075,,False,0,
487103,,False,0,
487110,,False,0,
487129,,False,0,
487137,,False,0,
487141,,False,0,
487145,,False,0,
487146,,False,0,
487147,,False,0,
487149,,False,0,
487268,,False,0,
487274,,False,0,
487278,,False,0,
487280,,False,0,
487337,,False,0,
487398,,False,0,
487409,,False,0,
487415,,False,0,
487417,,False,0,
487551,,False,0,
487553,,False,0,
487561,,False,0,
487565,,False,0,
487568,,False,0,
487570,,False,0,
487669,,False,0,
487689,,False,0,
487749,,False,0,
487769,,False,0,
487821,,False,0,
487830,,False,0,
487837,,False,0,
487841,,False,0,
487944,,False,0,
487950,,False,0,
487952,,False,0,
487954,,False,0,
487961,,False,0,
488025,,False,0,
488030,,False,0,
488112,,False,0,
488115,,False,0,
488119,,False,0,
488121,,False,0,
488139,,False,0,
488156,,False,0,
488299,,False,0,
488393,,False,0,
488400,,False,0,
488427,,False,0,
488717,,False,0,
488723,,False,0,
488725,,False,0,
488727,,False,0,
489147,,False,0,
489150,,False,0,
489154,,False,0,
489172,,False,0,
489178,,False,0,
489179,,False,0,
489181,,False,0,
489535,,False,0,
489584,,False,0,
489669,,False,0,
489711,,False,0,
489762,,False,0,
489794,,False,0,
489801,,False,0,
489807,,False,0,
489861,,False,0,
489867,,False,0,
489869,,False,0,
489871,,False,0,
489933,,False,0,
490021,,False,0,
490147,,False,0,
490213,,False,0,
490219,,False,0,
490230,,False,0,
490231,,False,0,
490232,,False,0,
490236,,False,0,
490237,,False,0,
490238,,False,0,
490239,,False,0,
490240,,False,0,
490246,,False,0,
490268,,False,0,
490283,,False,0,
490371,,False,0,
490375,,False,0,
490381,,False,0,
490384,,False,0,
490386,,False,0,
490424,,False,0,
490517,,False,0,
490591,,False,0,
490759,,False,0,
490776,,False,0,
490782,,False,0,
490788,,False,0,
490790,,False,0,
490792,,False,0,
490810,,False,0,
490904,,False,0,
490924,,False,0,
491074,,False,0,
491149,,False,0,
491173,,False,0,
491179,,False,0,
491181,,False,0,
491183,,False,0,
491244,,False,0,
491268,,False,0,
491304,,False,0,
491324,,False,0,
491345,,False,0,
491360,,False,0,
491361,,False,0,
491362,,False,0,
491460,,False,0,
491499,,False,0,
491507,,False,0,
491552,,False,0,
491556,,False,0,
491603,,False,0,
491640,,False,0,
491656,,False,0,
491678,,False,0,
491694,,False,0,
491828,,False,0,
491834,,False,0,
491836,,False,0,
491838,,False,0,
491913,,False,0,
491980,,False,0,
492066,,False,0,
492081,,False,0,
492106,,False,0,
492111,,False,0,
492125,,False,0,
492157,,False,0,
492177,,False,0,
492250,,False,0,
492276,,False,0,
492433,,False,0,
492443,,False,0,
492447,,False,0,
492455,,False,0,
492458,,False,0,
492485,,False,0,
492547,,False,0,
492556,,False,0,
492557,,False,0,
492558,,False,0,
492691,,False,0,
492695,,False,0,
492711,,False,0,
492834,,False,0,
492846,,False,0,
492868,,False,0,
492888,,False,0,
492900,,False,0,
492907,,False,0,
492913,,False,0,
492935,,False,0,
492963,,False,0,
492964,,False,0,
492965,,False,0,
492969,,False,0,
492974,,False,0,
493031,,False,0,
493053,,False,0,
493054,,False,0,
493055,,False,0,
493060,,False,0,
493066,,False,0,
493067,,False,0,
493069,,False,0,
493138,,False,0,
493354,,False,0,
493421,,False,0,
493427,,False,0,
493428,,False,0,
493430,,False,0,
493431,,False,0,
493578,,False,0,
493651,,False,0,
493835,,False,0,
494240,,False,0,
494244,,False,0,
494250,,False,0,
494252,,False,0,
494295,,False,0,
494316,,False,0,
494327,,False,0,
494340,,False,0,
494353,,False,0,
494409,,False,0,
494422,,False,0,
494450,,False,0,
494467,,False,0,
494495,,False,0,
494524,,False,0,
494540,,False,0,
494555,,False,0,
494592,,False,0,
494615,,False,0,
494625,,False,0,
494668,,False,0,
494674,,False,0,
494689,,False,0,
494697,,False,0,
494729,,False,0,
494739,,False,0,
494753,,False,0,
494766,,False,0,
494791,,False,0,
494805,,False,0,
494809,,False,0,
494810,,False,0,
494812,,False,0,
494885,,False,0,
494891,,False,0,
494895,,False,0,
494896,,False,0,
494898,,False,0,
494972,,False,0,
495045,,False,0,
495051,,False,0,
495052,,False,0,
495054,,False,0,
495055,,False,0,
495199,,False,0,
495334,,False,0,
495374,,False,0,
495378,,False,0,
495438,,False,0,
495555,,False,0,
495655,,False,0,
495682,,False,0,
495688,,False,0,
495689,,False,0,
495691,,False,0,
495785,,False,0,
495791,,False,0,
495795,,False,0,
495796,,False,0,
495798,,False,0,
495884,,False,0,
495904,,False,0,
495947,,False,0,
496011,,False,0,
496110,,False,0,
496129,,False,0,
496135,,False,0,
496136,,False,0,
496138,,False,0,
496139,,False,0,
496336,,False,0,
496381,,False,0,
496490,,False,0,
496571,,False,0,
496632,,False,0,
496636,,False,0,
496655,,False,0,
496664,,False,0,
496686,,False,0,
496689,,False,0,
496703,,False,0,
496706,,False,0,
496715,,False,0,
496736,,False,0,
496742,,False,0,
496743,,False,0,
496744,,False,0,
496917,,False,0,
496929,,False,0,
497300,,False,0,
497333,,False,0,
497336,,False,0,
497351,,False,0,
497357,,False,0,
497358,,False,0,
497360,,False,0,
497362,,False,0,
497381,,False,0,
497387,,False,0,
497398,,False,0,
497401,,False,0,
497510,,False,0,
497595,,False,0,
497622,,False,0,
497626,,False,0,
497694,,False,0,
497862,,False,0,
497876,,False,0,
497877,,False,0,
497974,,False,0,
497980,,False,0,
497981,,False,0,
497983,,False,0,
497993,,False,0,
498065,,False,0,
498088,,False,0,
498093,,False,0,
498137,,False,0,
498173,,False,0,
498181,,False,0,
498195,,False,0,
498199,,False,0,
498205,,False,0,
498206,,False,0,
498208,,False,0,
498324,,False,0,
498331,,False,0,
498344,,False,0,
498413,,False,0,
498488,,False,0,
498494,,False,0,
498495,,False,0,
498497,,False,0,
498499,,False,0,
498979,,False,0,
498983,,False,0,
498984,,False,0,
498985,,False,0,
499188,,False,0,
499191,,False,0,
499194,,False,0,
499198,,False,0,
499249,,False,0,
499253,,False,0,
499259,,False,0,
499262,,False,0,
499264,,False,0,
499297,,False,0,
499300,,False,0,
499301,,False,0,
499347,,False,0,
499355,,False,0,
499364,,False,0,
499373,,False,0,
499414,,False,0,
499425,,False,0,
499458,,False,0,
499476,,False,0,
499508,,False,0,
499535,,False,0,
499543,,False,0,
499581,,False,0,
499611,,False,0,
499620,,False,0,
499648,,False,0,
499670,,False,0,
499685,,False,0,
499695,,False,0,
499704,,False,0,
499716,,False,0,
499736,,False,0,
499743,,False,0,
499759,,False,0,
499766,,False,0,
499804,,False,0,
499816,,False,0,
499864,,False,0,
499868,,False,0,
499869,,False,0,
499871,,False,0,
499917,,False,0,
499943,,False,0,
500119,,False,0,
500152,,False,0,
500158,,False,0,
500159,,False,0,
500161,,False,0,
500163,,False,0,
500361,,False,0,
500519,,False,0,
500628,,False,0,
500713,,False,0,
500979,,False,0,
501004,,False,0,
501010,,False,0,
501011,,False,0,
501013,,False,0,
501067,,False,0,
501142,,False,0,
501146,,False,0,
501326,,False,0,
501639,,False,0,
501645,,False,0,
501646,,False,0,
501648,,False,0,
501649,,False,0,
501864,,False,0,
501964,,False,0,
501968,,False,0,
502080,,False,0,
502341,,False,0,
502348,,False,0,
502355,,False,0,
502381,,False,0,
502387,,False,0,
502388,,False,0,
502390,,False,0,
502491,,False,0,
502875,,False,0,
502881,,False,0,
502882,,False,0,
502884,,False,0,
502886,,False,0,
502920,,False,0,
503197,,False,0,
503201,,False,0,
503364,,False,0,
503416,,False,0,
503420,,False,0,
503499,,False,0,
503505,,False,0,
503506,,False,0,
503508,,False,0,
503654,,False,0,
503673,,False,0,
503674,,False,0,
503834,,False,0,
504107,,False,0,
504128,,False,0,
504141,,False,0,
504145,,False,0,
504170,,False,0,
504176,,False,0,
504177,,False,0,
504179,,False,0,
504252,,False,0,
504286,,False,0,
504295,,False,0,
504403,,False,0,
504590,,False,0,
504702,,False,0,
504708,,False,0,
504709,,False,0,
504711,,False,0,
504712,,False,0,
504770,,False,0,
504774,,False,0,
504778,,False,0,
504819,,False,0,
504990,,False,0,
505049,,False,0,
505055,,False,0,
505057,,False,0,
505076,,False,0,
505089,,False,0,
505097,,False,0,
505107,,False,0,
505134,,False,0,
505155,,False,0,
505180,,False,0,
505204,,False,0,
505219,,False,0,
505241,,False,0,
505247,,False,0,
505254,,False,0,
505292,,False,0,
505315,,False,0,
505328,,False,0,
505352,,False,0,
505371,,False,0,
505399,,False,0,
505407,,False,0,
505429,,False,0,
505447,,False,0,
505458,,False,0,
505467,,False,0,
505481,,False,0,
505500,,False,0,
505508,,False,0,
505512,,False,0,
505513,,False,0,
505515,,False,0,
505602,,False,0,
505855,,False,0,
505869,,False,0,
505875,,False,0,
505876,,False,0,
505878,,False,0,
506042,,False,0,
506071,,False,0,
506091,,False,0,
506152,,False,0,
506193,,False,0,
506223,,False,0,
506265,,False,0,
506279,,False,0,
506285,,False,0,
506287,,False,0,
506326,,False,0,
506456,,False,0,
506511,,False,0,
506515,,False,0,
506517,,False,0,
506647,,False,0,
506649,,False,0,
506650,,False,0,
506651,,False,0,
506663,,False,0,
506678,,False,0,
506689,,False,0,
506692,,False,0,
506694,,False,0,
506863,,False,0,
506864,,False,0,
506865,,False,0,
506869,,False,0,
506870,,False,0,
506871,,False,0,
506915,,False,0,
506919,,False,0,
506923,,False,0,
506924,,False,0,
506926,,False,0,
506928,,False,0,
506949,,False,0,
507000,,False,0,
507001,,False,0,
507002,,False,0,
507022,,False,0,
507050,,False,0,
507057,,False,0,
507061,,False,0,
507177,,False,0,
507183,,False,0,
507184,,False,0,
507186,,False,0,
507188,,False,0,
507421,,False,0,
507425,,False,0,
507439,,False,0,
507771,,False,0,
507777,,False,0,
507778,,False,0,
507780,,False,0,
507782,,False,0,
508128,,False,0,
508134,,False,0,
508158,,False,0,
508168,,False,0,
508172,,False,0,
508314,,False,0,
508443,,False,0,
508447,,False,0,
508531,,False,0,
508549,,False,0,
508580,,False,0,
508586,,False,0,
508587,,False,0,
508589,,False,0,
508591,,False,0,
508623,,False,0,
508649,,False,0,
508754,,False,0,
508772,,False,0,
508798,,False,0,
508803,,False,0,
508810,,False,0,
508835,,False,0,
508836,,False,0,
508837,,False,0,
508905,,False,0,
508964,,False,0,
508976,,False,0,
509259,,False,0,
509416,,False,0,
509456,,False,0,
509469,,False,0,
509700,,False,0,
509706,,False,0,
509707,,False,0,
509709,,False,0,
509711,,False,0,
509921,,False,0,
509937,,False,0,
509959,,False,0,
509966,,False,0,
509970,,False,0,
510210,,False,0,
510216,,False,0,
510217,,False,0,
510219,,False,0,
510221,,False,0,
510629,,False,0,
510699,,False,0,
510786,,False,0,
510790,,False,0,
511023,,False,0,
511029,,False,0,
511030,,False,0,
511032,,False,0,
511034,,False,0,
511077,,False,0,
511081,,False,0,
511082,,False,0,
511199,,False,0,
511214,,False,0,
511215,,False,0,
511254,,False,0,
511268,,False,0,
511387,,False,0,
511745,,False,0,
511924,,False,0,
511937,,False,0,
511938,,False,0,
511939,,False,0,
511973,,False,0,
511975,,False,0,
511976,,False,0,
511977,,False,0,
511978,,False,0,
511979,,False,0,
511980,,False,0,
511981,,False,0,
511982,,False,0,
511983,,False,0,
512010,,False,0,
512047,,False,0,
512048,,False,0,
512049,,False,0,
512054,,False,0,
512060,,False,0,
512143,,False,0,
512153,,False,0,
512159,,False,0,
512160,,False,0,
512162,,False,0,
512198,,False,0,
512313,,False,0,
512315,,False,0,
512319,,False,0,
512795,,False,0,
512801,,False,0,
512803,,False,0,
512805,,False,0,
513092,,False,0,
513118,,False,0,
513137,,False,0,
513144,,False,0,
513152,,False,0,
513157,,False,0,
513158,,False,0,
513159,,False,0,
513234,,False,0,
513242,,False,0,
513243,,False,0,
513244,,False,0,
513276,,False,0,
513323,,False,0,
513329,,False,0,
513331,,False,0,
513361,,False,0,
513390,,False,0,
513416,,False,0,
513433,,False,0,
513452,,False,0,
513467,,False,0,
513496,,False,0,
513517,,False,0,
513542,,False,0,
513563,,False,0,
513622,,False,0,
513641,,False,0,
513662,,False,0,
513676,,False,0,
513697,,False,0,
513704,,False,0,
513716,,False,0,
513726,,False,0,
513749,,False,0,
513764,,False,0,
513774,,False,0,
513788,,False,0,
513800,,False,0,
513812,,False,0,
513827,,False,0,
513849,,False,0,
513868,,False,0,
513872,,False,0,
513873,,False,0,
513875,,False,0,
513976,,False,0,
513981,,False,0,
513985,,False,0,
513986,,False,0,
513988,,False,0,
514004,,False,0,
514062,,False,0,
514068,,False,0,
514070,,False,0,
514072,,False,0,
514128,,False,0,
514132,,False,0,
514133,,False,0,
514134,,False,0,
514234,,False,0,
514240,,False,0,
514242,,False,0,
514244,,False,0,
514312,,False,0,
514380,,False,0,
514392,,False,0,
514399,,False,0,
514545,,False,0,
514583,,False,0,
514597,,False,0,
514616,,False,0,
514649,,False,0,
514696,,False,0,
514730,,False,0,
515179,,False,0,
515185,,False,0,
515187,,False,0,
515189,,False,0,
515598,,False,0,
515671,,False,0,
515764,,False,0,
515790,,False,0,
515794,,False,0,
515800,,False,0,
516139,,False,0,
516169,,False,0,
516188,,False,0,
516189,,False,0,
516190,,False,0,
516191,,False,0,
516192,,False,0,
516196,,False,0,
516200,,False,0,
516201,,False,0,
516202,,False,0,
516208,,False,0,
516258,,False,0,
516353,,False,0,
516359,,False,0,
516361,,False,0,
516363,,False,0,
516428,,False,0,
516443,,False,0,
516446,,False,0,
516480,,False,0,
516516,,False,0,
516528,,False,0,
516846,,False,0,
516851,,False,0,
516890,,False,0,
516891,,False,0,
516892,,False,0,
516913,,False,0,
516995,,False,0,
517001,,False,0,
517002,,False,0,
517004,,False,0,
517016,,False,0,
517049,,False,0,
517061,,False,0,
517064,,False,0,
517068,,False,0,
517070,,False,0,
517072,,False,0,
517114,,False,0,
517144,,False,0,
517172,,False,0,
517173,,False,0,
517174,,False,0,
517185,,False,0,
517191,,False,0,
517242,,False,0,
517246,,False,0,
517258,,False,0,
517363,,False,0,
517376,,False,0,
517389,,False,0,
517413,,False,0,
517479,,False,0,
517546,,False,0,
517622,,False,0,
517623,,False,0,
517624,,False,0,
517635,,False,0,
517641,,False,0,
517643,,False,0,
517645,,False,0,
517736,,False,0,
517781,,False,0,
517848,,False,0,
517969,,False,0,
517970,,False,0,
517971,,False,0,
517972,,False,0,
517973,,False,0,
517984,,False,0,
517987,,False,0,
517991,,False,0,
517997,,False,0,
518007,,False,0,
518032,,False,0,
518033,,False,0,
518034,,False,0,
518035,,False,0,
518036,,False,0,
518079,,False,0,
518080,,False,0,
518081,,False,0,
518088,,False,0,
518092,,False,0,
518135,,False,0,
518155,,False,0,
518156,,False,0,
518157,,False,0,
518166,,False,0,
518167,,False,0,
518168,,False,0,
518181,,False,0,
518182,,False,0,
518183,,False,0,
518192,,False,0,
518199,,False,0,
518210,,False,0,
518211,,False,0,
518212,,False,0,
518235,,False,0,
518255,,False,0,
518261,,False,0,
518285,,False,0,
518310,,False,0,
518344,,False,0,
518360,,False,0,
518372,,False,0,
518378,,False,0,
518379,,False,0,
518380,,False,0,
518396,,False,0,
518400,,False,0,
518404,,False,0,
518411,,False,0,
518419,,False,0,
518429,,False,0,
518468,,False,0,
518475,,False,0,
518593,,False,0,
518637,,False,0,
518678,,False,0,
518679,,False,0,
518680,,False,0,
518681,,False,0,
518682,,False,0,
518690,,False,0,
518694,,False,0,
518698,,False,0,
518707,,False,0,
518722,,False,0,
518732,,False,0,
518736,,False,0,
518750,,False,0,
518759,,False,0,
518765,,False,0,
518767,,False,0,
518769,,False,0,
518812,,False,0,
518819,,False,0,
518820,,False,0,
518821,,False,0,
518853,,False,0,
518861,,False,0,
518875,,False,0,
518876,,False,0,
518877,,False,0,
518892,,False,0,
518903,,False,0,
518907,,False,0,
518926,,False,0,
519013,,False,0,
519019,,False,0,
519073,,False,0,
519102,,False,0,
519106,,False,0,
519171,,False,0,
519191,,False,0,
519192,,False,0,
519194,,False,0,
519211,,False,0,
519219,,False,0,
519224,,False,0,
519229,,False,0,
519233,,False,0,
519240,,False,0,
519281,,False,0,
519285,,False,0,
519291,,False,0,
519295,,False,0,
519296,,False,0,
519297,,False,0,
519305,,False,0,
519308,,False,0,
519315,,False,0,
519316,,False,0,
519317,,False,0,
519320,,False,0,
519324,,False,0,
519328,,False,0,
519368,,False,0,
519380,,False,0,
519386,,False,0,
519387,,False,0,
519388,,False,0,
519399,,False,0,
519411,,False,0,
519436,,False,0,
519437,,False,0,
519438,,False,0,
519479,,False,0,
519487,,False,0,
519518,,False,0,
519532,,False,0,
519547,,False,0,
519548,,False,0,
519549,,False,0,
519550,,False,0,
519551,,False,0,
519555,,False,0,
519611,,False,0,
519617,,False,0,
519618,,False,0,
519620,,False,0,
519631,,False,0,
519670,,False,0,
519674,,False,0,
519678,,False,0,
519679,,False,0,
519681,,False,0,
519699,,False,0,
519746,,False,0,
519788,,False,0,
519790,,False,0,
519794,,False,0,
519795,,False,0,
519796,,False,0,
519799,,False,0,
519801,,False,0,
519862,,False,0,
519875,,False,0,
519876,,False,0,
519877,,False,0,
519888,,False,0,
519891,,False,0,
519893,,False,0,
519974,,False,0,
519994,,False,0,
519995,,False,0,
519996,,False,0,
520036,,False,0,
520043,,False,0,
520047,,False,0,
520059,,False,0,
520067,,False,0,
520073,,False,0,
520074,,False,0,
520076,,False,0,
520078,,False,0,
520145,,False,0,
520149,,False,0,
520154,,False,0,
520177,,False,0,
520181,,False,0,
520187,,False,0,
520204,,False,0,
520215,,False,0,
520240,,False,0,
520252,,False,0,
520329,,False,0,
520338,,False,0,
520342,,False,0,
520355,,False,0,
520359,,False,0,
520360,,False,0,
520361,,False,0,
520362,,False,0,
520363,,False,0,
520372,,False,0,
520375,,False,0,
520377,,False,0,
520403,,False,0,
520440,,False,0,
520474,,False,0,
520480,,False,0,
520487,,False,0,
520488,,False,0,
520489,,False,0,
520495,,False,0,
520543,,False,0,
520547,,False,0,
520548,,False,0,
520549,,False,0,
520602,,False,0,
520608,,False,0,
520610,,False,0,
520615,,False,0,
520622,,False,0,
520627,,False,0,
520632,,False,0,
520639,,False,0,
520651,,False,0,
520656,,False,0,
520663,,False,0,
520668,,False,0,
520673,,False,0,
520680,,False,0,
520687,,False,0,
520694,,False,0,
520699,,False,0,
520704,,False,0,
520709,,False,0,
520714,,False,0,
520719,,False,0,
520728,,False,0,
520735,,False,0,
520742,,False,0,
520748,,False,0,
520753,,False,0,
520760,,False,0,
520765,,False,0,
520772,,False,0,
520780,,False,0,
520787,,False,0,
520794,,False,0,
520801,,False,0,
520809,,False,0,
520815,,False,0,
520818,,False,0,
520820,,False,0,
520831,,False,0,
520840,,False,0,
520843,,False,0,
520844,,False,0,
520881,,False,0,
520892,,False,0,
520906,,False,0,
520955,,False,0,
520975,,False,0,
520994,,False,0,
521025,,False,0,
521036,,False,0,
521044,,False,0,
521055,,False,0,
521086,,False,0,
521096,,False,0,
521105,,False,0,
521135,,False,0,
521143,,False,0,
521161,,False,0,
521170,,False,0,
521201,,False,0,
521214,,False,0,
521237,,False,0,
521244,,False,0,
521267,,False,0,
521275,,False,0,
521294,,False,0,
521304,,False,0,
521308,,False,0,
521309,,False,0,
521311,,False,0,
521390,,False,0,
521395,,False,0,
521399,,False,0,
521400,,False,0,
521402,,False,0,
521404,,False,0,
521428,,False,0,
521439,,False,0,
521453,,False,0,
521464,,False,0,
521486,,False,0,
521495,,False,0,
521610,,False,0,
521625,,False,0,
521626,,False,0,
521627,,False,0,
521632,,False,0,
521633,,False,0,
521634,,False,0,
521640,,False,0,
521649,,False,0,
521656,,False,0,
521672,,False,0,
521673,,False,0,
521674,,False,0,
521685,,False,0,
521696,,False,0,
521746,,False,0,
521760,,False,0,
521764,,False,0,
521777,,False,0,
521783,,False,0,
521829,,False,0,
521850,,False,0,
521870,,False,0,
521882,,False,0,
521904,,False,0,
521905,,False,0,
521906,,False,0,
521920,,False,0,
521929,,False,0,
521942,,False,0,
521948,,False,0,
521949,,False,0,
521951,,False,0,
521953,,False,0,
522017,,False,0,
522018,,False,0,
522019,,False,0,
522026,,False,0,
522027,,False,0,
522028,,False,0,
522195,,False,0,
522200,,False,0,
522208,,False,0,
522216,,False,0,
522262,,False,0,
522263,,False,0,
522264,,False,0,
522269,,False,0,
522274,,False,0,
522280,,False,0,
522368,,False,0,
522369,,False,0,
522372,,False,0,
522375,,False,0,
522378,,False,0,
522384,,False,0,
522388,,False,0,
522389,,False,0,
522391,,False,0,
522394,,False,0,
522395,,False,0,
522397,,False,0,
522400,,False,0,
522401,,False,0,
522403,,False,0,
522406,,False,0,
522408,,False,0,
522416,,False,0,
522420,,False,0,
522421,,False,0,
522423,,False,0,
522435,,False,0,
522480,,False,0,
522482,,False,0,
522519,,False,0,
522538,,False,0,
522603,,False,0,
522606,,False,0,
522608,,False,0,
522620,,False,0,
522637,,False,0,
522660,,False,0,
522674,,False,0,
522688,,False,0,
522693,,False,0,
522716,,False,0,
522750,,False,0,
522762,,False,0,
522783,,False,0,
522794,,False,0,
522795,,False,0,
522797,,False,0,
522810,,False,0,
522816,,False,0,
522818,,False,0,
522820,,False,0,
522848,,False,0,
522850,,False,0,
522868,,False,0,
522874,,False,0,
522889,,False,0,
522898,,False,0,
522904,,False,0,
522905,,False,0,
522907,,False,0,
522916,,False,0,
522951,,False,0,
523182,,False,0,
523188,,False,0,
523191,,False,0,
523193,,False,0,
523223,,False,0,
523230,,False,0,
523247,,False,0,
523253,,False,0,
523298,,False,0,
523309,,False,0,
523324,,False,0,
523342,,False,0,
523378,,False,0,
523409,,False,0,
523425,,False,0,
523467,,False,0,
523479,,False,0,
523496,,False,0,
523503,,False,0,
523514,,False,0,
523535,,False,0,
523542,,False,0,
523561,,False,0,
523567,,False,0,
523586,,False,0,
523605,,False,0,
523627,,False,0,
523646,,False,0,
523685,,False,0,
523693,,False,0,
523699,,False,0,
523700,,False,0,
523702,,False,0,
523708,,False,0,
523712,,False,0,
523713,,False,0,
523715,,False,0,
523881,,False,0,
523951,,False,0,
523957,,False,0,
523961,,False,0,
523962,,False,0,
523964,,False,0,
523980,,False,0,
524113,,False,0,
524119,,False,0,
524121,,False,0,
524202,,False,0,
524204,,False,0,
524257,,False,0,
524268,,False,0,
524294,,False,0,
524473,,False,0,
524537,,False,0,
524609,,False,0,
524615,,False,0,
524617,,False,0,
524619,,False,0,
524625,,False,0,
524794,,False,0,
524849,,False,0,
524900,,False,0,
524929,,False,0,
524947,,False,0,
525035,,False,0,
525044,,False,0,
525048,,False,0,
525055,,False,0,
525061,,False,0,
525090,,False,0,
525139,,False,0,
525203,,False,0,
525225,,False,0,
525238,,False,0,
525239,,False,0,
525240,,False,0,
525256,,False,0,
525296,,False,0,
525325,,False,0,
525331,,False,0,
525337,,False,0,
525338,,False,0,
525340,,False,0,
525370,,False,0,
525473,,False,0,
525477,,False,0,
525479,,False,0,
525492,,False,0,
525535,,False,0,
525580,,False,0,
525588,,False,0,
525609,,False,0,
525621,,False,0,
525665,,False,0,
525671,,False,0,
525682,,False,0,
525692,,False,0,
525739,,False,0,
525745,,False,0,
525747,,False,0,
525757,,False,0,
525769,,False,0,
525809,,False,0,
525856,,False,0,
525905,,False,0,
525950,,False,0,
525961,,False,0,
526009,,False,0,
526030,,False,0,
526043,,False,0,
526113,,False,0,
526131,,False,0,
526276,,False,0,
526282,,False,0,
526284,,False,0,
526291,,False,0,
526300,,False,0,
526307,,False,0,
526314,,False,0,
526319,,False,0,
526326,,False,0,
526330,,False,0,
526337,,False,0,
526344,,False,0,
526351,,False,0,
526355,,False,0,
526362,,False,0,
526367,,False,0,
526374,,False,0,
526381,,False,0,
526388,,False,0,
526398,,False,0,
526405,,False,0,
526410,,False,0,
526417,,False,0,
526424,,False,0,
526431,,False,0,
526438,,False,0,
526445,,False,0,
526452,,False,0,
526459,,False,0,
526466,,False,0,
526474,,False,0,
526485,,False,0,
526495,,False,0,
526504,,False,0,
526511,,False,0,
526521,,False,0,
526527,,False,0,
526529,,False,0,
526569,,False,0,
526630,,False,0,
526649,,False,0,
526696,,False,0,
526738,,False,0,
526763,,False,0,
526788,,False,0,
526795,,False,0,
526833,,False,0,
526843,,False,0,
526896,,False,0,
526925,,False,0,
526934,,False,0,
526943,,False,0,
526968,,False,0,
526979,,False,0,
526995,,False,0,
527032,,False,0,
527054,,False,0,
527061,,False,0,
527074,,False,0,
527087,,False,0,
527101,,False,0,
527109,,False,0,
527133,,False,0,
527149,,False,0,
527153,,False,0,
527155,,False,0,
527157,,False,0,
527408,,False,0,
527504,,False,0,
527508,,False,0,
527596,,False,0,
527616,,False,0,
527666,,False,0,
527672,,False,0,
527674,,False,0,
527676,,False,0,
527991,,False,0,
528189,,False,0,
528209,,False,0,
528234,,False,0,
528241,,False,0,
528247,,False,0,
528248,,False,0,
528250,,False,0,
528257,,False,0,
528295,,False,0,
528313,,False,0,
528319,,False,0,
528323,,False,0,
528324,,False,0,
528326,,False,0,
528327,,False,0,
528328,,False,0,
528329,,False,0,
528330,,False,0,
528332,,False,0,
528334,,False,0,
528554,,False,0,
528575,,False,0,
528686,,False,0,
528761,,False,0,
528765,,False,0,
528801,,False,0,
528823,,False,0,
528824,,False,0,
528825,,False,0,
528978,,False,0,
528986,,False,0,
528992,,False,0,
529004,,False,0,
529032,,False,0,
529038,,False,0,
529040,,False,0,
529042,,False,0,
529238,,False,0,
529306,,False,0,
529310,,False,0,
529371,,False,0,
529381,,False,0,
529382,,False,0,
529383,,False,0,
529394,,False,0,
529414,,False,0,
529425,,False,0,
529471,,False,0,
529571,,False,0,
529577,,False,0,
529578,,False,0,
529580,,False,0,
529582,,False,0,
529591,,False,0,
529596,,False,0,
529597,,False,0,
529599,,False,0,
529601,,False,0,
529608,,False,0,
529616,,False,0,
529620,,False,0,
529626,,False,0,
529627,,False,0,
529629,,False,0,
529655,,False,0,
529742,,False,0,
529744,,False,0,
529944,,False,0,
529945,,False,0,
529946,,False,0,
529965,,False,0,
529976,,False,0,
529981,,False,0,
530049,,False,0,
530050,,False,0,
530057,,False,0,
530058,,False,0,
530060,,False,0,
530089,,False,0,
530140,,False,0,
530146,,False,0,
530148,,False,0,
530150,,False,0,
530172,,False,0,
530190,,False,0,
530191,,False,0,
530192,,False,0,
530208,,False,0,
530214,,False,0,
530215,,False,0,
530216,,False,0,
530243,,False,0,
530247,,False,0,
530248,,False,0,
530250,,False,0,
530284,,False,0,
530352,,False,0,
530354,,False,0,
530395,,False,0,
530416,,False,0,
530425,,False,0,
530426,,False,0,
530427,,False,0,
530434,,False,0,
530444,,False,0,
530459,,False,0,
530468,,False,0,
530472,,False,0,
530512,,False,0,
530516,,False,0,
530520,,False,0,
530521,,False,0,
530523,,False,0,
530532,,False,0,
530603,,False,0,
530605,,False,0,
530644,,False,0,
530652,,False,0,
530657,,False,0,
530658,,False,0,
530668,,False,0,
530669,,False,0,
530671,,False,0,
530707,,False,0,
530709,,False,0,
530721,,False,0,
530726,,False,0,
530732,,False,0,
530738,,False,0,
530740,,False,0,
530742,,False,0,
530750,,False,0,
530751,,False,0,
530752,,False,0,
530788,,False,0,
530979,,False,0,
530988,,False,0,
530997,,False,0,
530998,,False,0,
531058,,False,0,
531074,,False,0,
531078,,False,0,
531082,,False,0,
531121,,False,0,
531180,,False,0,
531204,,False,0,
531217,,False,0,
531231,,False,0,
531252,,False,0,
531292,,False,0,
531406,,False,0,
531437,,False,0,
531443,,False,0,
531445,,False,0,
531447,,False,0,
531535,,False,0,
531835,,False,0,
531843,,False,0,
531857,,False,0,
532033,,False,0,
532037,,False,0,
532113,,False,0,
532147,,False,0,
532156,,False,0,
532176,,False,0,
532185,,False,0,
532195,,False,0,
532205,,False,0,
532237,,False,0,
532291,,False,0,
532292,,False,0,
532293,,False,0,
532304,,False,0,
532315,,False,0,
532383,,False,0,
532401,,False,0,
532402,,False,0,
532403,,False,0,
532445,,False,0,
532451,,False,0,
532453,,False,0,
532455,,False,0,
532610,,False,0,
532624,,False,0,
532982,,False,0,
532988,,False,0,
532989,,False,0,
532991,,False,0,
533020,,False,0,
533075,,False,0,
533113,,False,0,
533115,,False,0,
533126,,False,0,
533128,,False,0,
533166,,False,0,
533170,,False,0,
533174,,False,0,
533178,,False,0,
533182,,False,0,
533186,,False,0,
533199,,False,0,
533204,,False,0,
533209,,False,0,
533220,,False,0,
533224,,False,0,
533228,,False,0,
533232,,False,0,
533236,,False,0,
533240,,False,0,
533250,,False,0,
533254,,False,0,
533258,,False,0,
533261,,False,0,
533279,,False,0,
533283,,False,0,
533289,,False,0,
533293,,False,0,
533307,,False,0,
533311,,False,0,
533315,,False,0,
533319,,False,0,
533332,,False,0,
533379,,False,0,
533383,,False,0,
533387,,False,0,
533397,,False,0,
533525,,False,0,
533529,,False,0,
533533,,False,0,
533615,,False,0,
533722,,False,0,
533723,,False,0,
533724,,False,0,
533762,,False,0,
533766,,False,0,
533771,,False,0,
533776,,False,0,
533828,,False,0,
533834,,False,0,
533835,,False,0,
533837,,False,0,
533839,,False,0,
533840,,False,0,
533841,,False,0,
533848,,False,0,
533849,,False,0,
533850,,False,0,
533890,,False,0,
533900,,False,0,
533954,,False,0,
533961,,False,0,
534051,,False,0,
534110,,False,0,
534111,,False,0,
534112,,False,0,
534118,,False,0,
534119,,False,0,
534120,,False,0,
534126,,False,0,
534136,,False,0,
534140,,False,0,
534151,,False,0,
534152,,False,0,
534153,,False,0,
534158,,False,0,
534159,,False,0,
534160,,False,0,
534165,,False,0,
534166,,False,0,
534167,,False,0,
534177,,False,0,
534181,,False,0,
534185,,False,0,
534189,,False,0,
534192,,False,0,
534224,,False,0,
534232,,False,0,
534241,,False,0,
534254,,False,0,
534258,,False,0,
534263,,False,0,
534264,,False,0,
534265,,False,0,
534292,,False,0,
534293,,False,0,
534294,,False,0,
534378,,False,0,
534382,,False,0,
534452,,False,0,
534458,,False,0,
534460,,False,0,
534500,,False,0,
534515,,False,0,
534538,,False,0,
534560,,False,0,
534604,,False,0,
534633,,False,0,
534652,,False,0,
534665,,False,0,
534695,,False,0,
534734,,False,0,
534743,,False,0,
534758,,False,0,
534767,,False,0,
534782,,False,0,
534796,,False,0,
534809,,False,0,
534827,,False,0,
534861,,False,0,
534872,,False,0,
534880,,False,0,
534894,,False,0,
534901,,False,0,
534921,,False,0,
534934,,False,0,
534950,,False,0,
534960,,False,0,
534980,,False,0,
534987,,False,0,
534991,,False,0,
534992,,False,0,
534994,,False,0,
535001,,False,0,
535201,,False,0,
535204,,False,0,
535208,,False,0,
535213,,False,0,
535217,,False,0,
535220,,False,0,
535223,,False,0,
535226,,False,0,
535229,,False,0,
535230,,False,0,
535231,,False,0,
535236,,False,0,
535277,,False,0,
535278,,False,0,
535279,,False,0,
535360,,False,0,
535361,,False,0,
535362,,False,0,
535374,,False,0,
535393,,False,0,
535397,,False,0,
535401,,False,0,
535405,,False,0,
535466,,False,0,
535469,,False,0,
535472,,False,0,
535479,,False,0,
535483,,False,0,
535498,,False,0,
535502,,False,0,
535523,,False,0,
535527,,False,0,
535539,,False,0,
535545,,False,0,
535549,,False,0,
535565,,False,0,
535569,,False,0,
535573,,False,0,
535656,,False,0,
535657,,False,0,
535658,,False,0,
535662,,False,0,
535679,,False,0,
535685,,False,0,
535686,,False,0,
535688,,False,0,
535690,,False,0,
535701,,False,0,
535705,,False,0,
535726,,False,0,
535735,,False,0,
535739,,False,0,
535741,,False,0,
535746,,False,0,
535764,,False,0,
535835,,False,0,
535838,,False,0,
535840,,False,0,
536248,,False,0,
536252,,False,0,
536276,,False,0,
536292,,False,0,
536300,,False,0,
536301,,False,0,
536302,,False,0,
536307,,False,0,
536311,,False,0,
536314,,False,0,
536317,,False,0,
536321,,False,0,
536324,,False,0,
536327,,False,0,
536330,,False,0,
536333,,False,0,
536336,,False,0,
536337,,False,0,
536338,,False,0,
536398,,False,0,
536399,,False,0,
536400,,False,0,
536410,,False,0,
536416,,False,0,
536419,,False,0,
536422,,False,0,
536425,,False,0,
536428,,False,0,
536431,,False,0,
536434,,False,0,
536437,,False,0,
536440,,False,0,
536443,,False,0,
536446,,False,0,
536447,,False,0,
536448,,False,0,
536454,,False,0,
536457,,False,0,
536460,,False,0,
536465,,False,0,
536468,,False,0,
536519,,False,0,
536522,,False,0,
536526,,False,0,
536567,,False,0,
536570,,False,0,
536573,,False,0,
536576,,False,0,
536579,,False,0,
536582,,False,0,
536587,,False,0,
536590,,False,0,
536596,,False,0,
536600,,False,0,
536603,,False,0,
536609,,False,0,
536613,,False,0,
536616,,False,0,
536619,,False,0,
536622,,False,0,
536625,,False,0,
536628,,False,0,
536629,,False,0,
536630,,False,0,
536634,,False,0,
536645,,False,0,
536648,,False,0,
536659,,False,0,
536662,,False,0,
536666,,False,0,
536670,,False,0,
536671,,False,0,
536672,,False,0,
536675,,False,0,
536678,,False,0,
536715,,False,0,
536718,,False,0,
536722,,False,0,
536723,,False,0,
536724,,False,0,
536728,,False,0,
536735,,False,0,
536738,,False,0,
536739,,False,0,
536740,,False,0,
536768,,False,0,
536769,,False,0,
536770,,False,0,
536773,,False,0,
536778,,False,0,
536804,,False,0,
536813,,False,0,
536836,,False,0,
536839,,False,0,
536846,,False,0,
536849,,False,0,
536853,,False,0,
536856,,False,0,
536875,,False,0,
536876,,False,0,
536877,,False,0,
536883,,False,0,
536884,,False,0,
536885,,False,0,
536888,,False,0,
536898,,False,0,
536901,,False,0,
536905,,False,0,
536913,,False,0,
536916,,False,0,
536943,,False,0,
536948,,False,0,
536961,,False,0,
536962,,False,0,
536963,,False,0,
536968,,False,0,
536969,,False,0,
536970,,False,0,
536973,,False,0,
536976,,False,0,
536985,,False,0,
536986,,False,0,
536987,,False,0,
537011,,False,0,
537014,,False,0,
537018,,False,0,
537021,,False,0,
537024,,False,0,
537027,,False,0,
537031,,False,0,
537034,,False,0,
537038,,False,0,
537039,,False,0,
537040,,False,0,
537043,,False,0,
537050,,False,0,
537051,,False,0,
537052,,False,0,
537055,,False,0,
537058,,False,0,
537061,,False,0,
537080,,False,0,
537081,,False,0,
537082,,False,0,
537085,,False,0,
537090,,False,0,
537115,,False,0,
537118,,False,0,
537121,,False,0,
537128,,False,0,
537132,,False,0,
537135,,False,0,
537151,,False,0,
537174,,False,0,
537179,,False,0,
537184,,False,0,
537187,,False,0,
537188,,False,0,
537189,,False,0,
537192,,False,0,
537195,,False,0,
537196,,False,0,
537197,,False,0,
537220,,False,0,
537223,,False,0,
537224,,False,0,
537226,,False,0,
537232,,False,0,
537235,,False,0,
537240,,False,0,
537243,,False,0,
537250,,False,0,
537251,,False,0,
537252,,False,0,
537257,,False,0,
537263,,False,0,
537265,,False,0,
537266,,False,0,
537297,,False,0,
537777,,False,0,
537846,,False,0,
537850,,False,0,
538250,,False,0,
538256,,False,0,
538258,,False,0,
538260,,False,0,
538637,,False,0,
538729,,False,0,
538732,,False,0,
538741,,False,0,
538755,,False,0,
538759,,False,0,
538775,,False,0,
538781,,False,0,
538785,,False,0,
538786,,False,0,
538788,,False,0,
538818,,False,0,
538846,,False,0,
538930,,False,0,
538932,,False,0,
538938,,False,0,
538939,,False,0,
538941,,False,0,
538956,,False,0,
539017,,False,0,
539023,,False,0,
539027,,False,0,
539029,,False,0,
539031,,False,0,
539091,,False,0,
539241,,False,0,
539253,,False,0,
539265,,False,0,
539276,,False,0,
539288,,False,0,
539423,,False,0,
539429,,False,0,
539431,,False,0,
539433,,False,0,
539620,,False,0,
539686,,False,0,
539696,,False,0,
539697,,False,0,
539698,,False,0,
539709,,False,0,
539726,,False,0,
540252,,False,0,
540256,,False,0,
540372,,False,0,
540382,,False,0,
540385,,False,0,
540392,,False,0,
540413,,False,0,
540426,,False,0,
540436,,False,0,
540447,,False,0,
540457,,False,0,
540458,,False,0,
540459,,False,0,
540499,,False,0,
540503,,False,0,
540520,,False,0,
540524,,False,0,
540532,,False,0,
540545,,False,0,
540548,,False,0,
540555,,False,0,
540565,,False,0,
540568,,False,0,
540569,,False,0,
540570,,False,0,
540574,,False,0,
540584,,False,0,
540592,,False,0,
540602,,False,0,
540606,,False,0,
540613,,False,0,
540632,,False,0,
540641,,False,0,
540642,,False,0,
540643,,False,0,
540673,,False,0,
540674,,False,0,
540675,,False,0,
540689,,False,0,
540695,,False,0,
540697,,False,0,
540699,,False,0,
540706,,False,0,
540713,,False,0,
540717,,False,0,
540726,,False,0,
540727,,False,0,
540728,,False,0,
540834,,False,0,
540837,,False,0,
540842,,False,0,
540854,,False,0,
540858,,False,0,
540865,,False,0,
540884,,False,0,
540890,,False,0,
540894,,False,0,
540929,,False,0,
540952,,False,0,
540955,,False,0,
540964,,False,0,
540965,,False,0,
540966,,False,0,
540974,,False,0,
540983,,False,0,
540986,,False,0,
540992,,False,0,
540996,,False,0,
541004,,False,0,
541058,,False,0,
541104,,False,0,
541113,,False,0,
541131,,False,0,
541132,,False,0,
541133,,False,0,
541157,,False,0,
541158,,False,0,
541159,,False,0,
541176,,False,0,
541439,,False,0,
541471,,False,0,
541475,,False,0,
541482,,False,0,
541543,,False,0,
541560,,False,0,
541567,,False,0,
541569,,False,0,
541574,,False,0,
541579,,False,0,
541586,,False,0,
541593,,False,0,
541598,,False,0,
541605,,False,0,
541612,,False,0,
541617,,False,0,
541622,,False,0,
541629,,False,0,
541634,,False,0,
541639,,False,0,
541644,,False,0,
541649,,False,0,
541656,,False,0,
541663,,False,0,
541672,,False,0,
541679,,False,0,
541686,,False,0,
541693,,False,0,
541698,,False,0,
541704,,False,0,
541711,,False,0,
541718,,False,0,
541722,,False,0,
541727,,False,0,
541732,,False,0,
541737,,False,0,
541744,,False,0,
541751,,False,0,
541759,,False,0,
541767,,False,0,
541773,,False,0,
541775,,False,0,
541777,,False,0,
541811,,False,0,
541834,,False,0,
541893,,False,0,
541917,,False,0,
541949,,False,0,
541964,,False,0,
541982,,False,0,
542006,,False,0,
542017,,False,0,
542039,,False,0,
542058,,False,0,
542071,,False,0,
542092,,False,0,
542101,,False,0,
542129,,False,0,
542138,,False,0,
542147,,False,0,
542170,,False,0,
542184,,False,0,
542225,,False,0,
542239,,False,0,
542268,,False,0,
542276,,False,0,
542302,,False,0,
542332,,False,0,
542339,,False,0,
542343,,False,0,
542455,,False,0,
542456,,False,0,
542458,,False,0,
542494,,False,0,
542499,,False,0,
542505,,False,0,
542827,,False,0,
542833,,False,0,
543012,,False,0,
543016,,False,0,
543155,,False,0,
543159,,False,0,
543244,,False,0,
543250,,False,0,
543285,,False,0,
543387,,False,0,
543393,,False,0,
543531,,False,0,
543535,,False,0,
543595,,False,0,
543676,,False,0,
543682,,False,0,
543684,,False,0,
543690,,False,0,
543709,,False,0,
543740,,False,0,
543759,,False,0,
543792,,False,0,
543811,,False,0,
543834,,False,0,
543845,,False,0,
543876,,False,0,
543895,,False,0,
543905,,False,0,
543928,,False,0,
543938,,False,0,
543950,,False,0,
543957,,False,0,
543988,,False,0,
544036,,False,0,
544051,,False,0,
544060,,False,0,
544079,,False,0,
544092,,False,0,
544107,,False,0,
544113,,False,0,
544136,,False,0,
544148,,False,0,
544168,,False,0,
544183,,False,0,
544187,,False,0,
544188,,False,0,
544190,,False,0,
544199,,False,0,
544222,,False,0,
544224,,False,0,
544225,,False,0,
544226,,False,0,
544227,,False,0,
544228,,False,0,
544233,,False,0,
544237,,False,0,
544245,,False,0,
544248,,False,0,
544254,,False,0,
544255,,False,0,
544257,,False,0,
544271,,False,0,
544318,,False,0,
544320,,False,0,
544325,,False,0,
544349,,False,0,
544373,,False,0,
544383,,False,0,
544394,,False,0,
544420,,False,0,
544425,,False,0,
544431,,False,0,
544432,,False,0,
544434,,False,0,
544435,,False,0,
544436,,False,0,
544437,,False,0,
544438,,False,0,
544439,,False,0,
544441,,False,0,
544451,,False,0,
544461,,False,0,
544484,,False,0,
544491,,False,0,
544492,,False,0,
544494,,False,0,
544508,,False,0,
544527,,False,0,
544529,,False,0,
544530,,False,0,
544531,,False,0,
544535,,False,0,
544536,,False,0,
544538,,False,0,
544548,,False,0,
544574,,False,0,
544577,,False,0,
544583,,False,0,
544585,,False,0,
544619,,False,0,
544629,,False,0,
544648,,False,0,
544696,,False,0,
544726,,False,0,
544745,,False,0,
544771,,False,0,
544804,,False,0,
544841,,False,0,
544863,,False,0,
544870,,False,0,
544883,,False,0,
544895,,False,0,
544904,,False,0,
544911,,False,0,
544923,,False,0,
544944,,False,0,
544956,,False,0,
544985,,False,0,
545002,,False,0,
545028,,False,0,
545036,,False,0,
545056,,False,0,
545079,,False,0,
545099,,False,0,
545106,,False,0,
545120,,False,0,
545124,,False,0,
545126,,False,0,
545127,,False,0,
545129,,False,0,
545164,,False,0,
545260,,False,0,
545383,,False,0,
545389,,False,0,
545390,,False,0,
545392,,False,0,
545403,,False,0,
545408,,False,0,
545439,,False,0,
545445,,False,0,
545446,,False,0,
545448,,False,0,
545450,,False,0,
545871,,False,0,
545877,,False,0,
545878,,False,0,
545880,,False,0,
545887,,False,0,
545919,,False,0,
545921,,False,0,
545959,,False,0,
545962,,False,0,
545964,,False,0,
545975,,False,0,
545976,,False,0,
545977,,False,0,
545982,,False,0,
545985,,False,0,
545987,,False,0,
545989,,False,0,
545990,,False,0,
545991,,False,0,
546017,,False,0,
546104,,False,0,
546167,,False,0,
546168,,False,0,
546169,,False,0,
546173,,False,0,
546266,,False,0,
546298,,False,0,
546315,,False,0,
546328,,False,0,
546329,,False,0,
546330,,False,0,
546334,,False,0,
546335,,False,0,
546336,,False,0,
546341,,False,0,
546385,,False,0,
546386,,False,0,
546387,,False,0,
546408,,False,0,
546409,,False,0,
546411,,False,0,
546415,,False,0,
546421,,False,0,
546423,,False,0,
546428,,False,0,
546435,,False,0,
546448,,False,0,
546455,,False,0,
546462,,False,0,
546467,,False,0,
546474,,False,0,
546481,,False,0,
546488,,False,0,
546495,,False,0,
546499,,False,0,
546507,,False,0,
546514,,False,0,
546521,,False,0,
546528,,False,0,
546535,,False,0,
546540,,False,0,
546547,,False,0,
546552,,False,0,
546558,,False,0,
546586,,False,0,
546591,,False,0,
546597,,False,0,
546602,,False,0,
546607,,False,0,
546612,,False,0,
546619,,False,0,
546626,,False,0,
546633,,False,0,
546640,,False,0,
546647,,False,0,
546656,,False,0,
546662,,False,0,
546668,,False,0,
546670,,False,0,
546712,,False,0,
546751,,False,0,
546784,,False,0,
546805,,False,0,
546867,,False,0,
546912,,False,0,
546953,,False,0,
546987,,False,0,
547007,,False,0,
547040,,False,0,
547053,,False,0,
547073,,False,0,
547090,,False,0,
547124,,False,0,
547132,,False,0,
547154,,False,0,
547165,,False,0,
547186,,False,0,
547198,,False,0,
547209,,False,0,
547226,,False,0,
547251,,False,0,
547258,,False,0,
547269,,False,0,
547280,,False,0,
547300,,False,0,
547314,,False,0,
547318,,False,0,
547319,,False,0,
547321,,False,0,
547371,,False,0,
547394,,False,0,
547400,,False,0,
547402,,False,0,
547412,,False,0,
547448,,False,0,
547454,,False,0,
547456,,False,0,
547494,,False,0,
547496,,False,0,
547506,,False,0,
547536,,False,0,
547537,,False,0,
547549,,False,0,
547578,,False,0,
547634,,False,0,
547702,,False,0,
547708,,False,0,
547782,,False,0,
547788,,False,0,
547790,,False,0,
547792,,False,0,
547877,,False,0,
547887,,False,0,
547898,,False,0,
547943,,False,0,
547969,,False,0,
548171,,False,0,
548200,,False,0,
548204,,False,0,
548313,,False,0,
548333,,False,0,
548337,,False,0,
548359,,False,0,
548372,,False,0,
548399,,False,0,
548415,,False,0,
548477,,False,0,
548537,,False,0,
548541,,False,0,
548549,,False,0,
548576,,False,0,
548580,,False,0,
548584,,False,0,
548625,,False,0,
548639,,False,0,
548644,,False,0,
548650,,False,0,
548651,,False,0,
548653,,False,0,
548655,,False,0,
548696,,False,0,
548702,,False,0,
548703,,False,0,
548706,,False,0,
548712,,False,0,
548713,,False,0,
548715,,False,0,
548716,,False,0,
548828,,False,0,
548963,,False,0,
548969,,False,0,
548970,,False,0,
548972,,False,0,
548974,,False,0,
548984,,False,0,
549037,,False,0,
549104,,False,0,
549248,,False,0,
549276,,False,0,
549320,,False,0,
549350,,False,0,
549363,,False,0,
549367,,False,0,
549373,,False,0,
549377,,False,0,
549378,,False,0,
549380,,False,0,
549401,,False,0,
549422,,False,0,
549428,,False,0,
549430,,False,0,
549490,,False,0,
549491,,False,0,
549496,,False,0,
549497,,False,0,
549517,,False,0,
549575,,False,0,
549577,,False,0,
549593,,False,0,
549616,,False,0,
549630,,False,0,
549652,,False,0,
549656,,False,0,
549657,,False,0,
549659,,False,0,
549668,,False,0,
549718,,False,0,
549720,,False,0,
549727,,False,0,
549734,,False,0,
549739,,False,0,
549740,,False,0,
549741,,False,0,
549745,,False,0,
549750,,False,0,
549756,,False,0,
549760,,False,0,
549761,,False,0,
549763,,False,0,
549780,,False,0,
549812,,False,0,
549814,,False,0,
549826,,False,0,
549829,,False,0,
549848,,False,0,
549856,,False,0,
549870,,False,0,
549889,,False,0,
549895,,False,0,
549914,,False,0,
549920,,False,0,
549926,,False,0,
549928,,False,0,
549935,,False,0,
549942,,False,0,
549949,,False,0,
549956,,False,0,
549963,,False,0,
549970,,False,0,
549979,,False,0,
549990,,False,0,
550000,,False,0,
550007,,False,0,
550014,,False,0,
550023,,False,0,
550030,,False,0,
550037,,False,0,
550044,,False,0,
550051,,False,0,
550058,,False,0,
550063,,False,0,
550068,,False,0,
550075,,False,0,
550082,,False,0,
550091,,False,0,
550098,,False,0,
550105,,False,0,
550112,,False,0,
550119,,False,0,
550124,,False,0,
550131,,False,0,
550140,,False,0,
550147,,False,0,
550154,,False,0,
550159,,False,0,
550167,,False,0,
550173,,False,0,
550175,,False,0,
550207,,False,0,
550250,,False,0,
550311,,False,0,
550349,,False,0,
550371,,False,0,
550387,,False,0,
550407,,False,0,
550426,,False,0,
550452,,False,0,
550486,,False,0,
550508,,False,0,
550517,,False,0,
550554,,False,0,
550568,,False,0,
550600,,False,0,
550635,,False,0,
550657,,False,0,
550685,,False,0,
550692,,False,0,
550701,,False,0,
550708,,False,0,
550739,,False,0,
550747,,False,0,
550762,,False,0,
550768,,False,0,
550780,,False,0,
550784,,False,0,
550960,,False,0,
550966,,False,0,
551222,,False,0,
551228,,False,0,
551370,,False,0,
551372,,False,0,
551377,,False,0,
551584,,False,0,
551588,,False,0,
551738,,False,0,
551744,,False,0,
551892,,False,0,
551898,,False,0,
552030,,False,0,
552033,,False,0,
552155,,False,0,
552161,,False,0,
552163,,False,0,
552165,,False,0,
552167,,False,0,
552172,,False,0,
552179,,False,0,
552186,,False,0,
552191,,False,0,
552198,,False,0,
552205,,False,0,
552212,,False,0,
552219,,False,0,
552226,,False,0,
552233,,False,0,
552240,,False,0,
552247,,False,0,
552254,,False,0,
552264,,False,0,
552271,,False,0,
552278,,False,0,
552286,,False,0,
552291,,False,0,
552298,,False,0,
552306,,False,0,
552311,,False,0,
552319,,False,0,
552326,,False,0,
552333,,False,0,
552342,,False,0,
552349,,False,0,
552356,,False,0,
552363,,False,0,
552370,,False,0,
552377,,False,0,
552384,,False,0,
552392,,False,0,
552398,,False,0,
552401,,False,0,
552403,,False,0,
552428,,False,0,
552456,,False,0,
552478,,False,0,
552489,,False,0,
552509,,False,0,
552516,,False,0,
552533,,False,0,
552547,,False,0,
552589,,False,0,
552609,,False,0,
552644,,False,0,
552664,,False,0,
552695,,False,0,
552705,,False,0,
552720,,False,0,
552740,,False,0,
552746,,False,0,
552762,,False,0,
552772,,False,0,
552783,,False,0,
552794,,False,0,
552824,,False,0,
552857,,False,0,
552866,,False,0,
552875,,False,0,
552918,,False,0,
552927,,False,0,
552935,,False,0,
552939,,False,0,
552940,,False,0,
552942,,False,0,
552949,,False,0,
552969,,False,0,
552972,,False,0,
552976,,False,0,
552977,,False,0,
552979,,False,0,
552986,,False,0,
553004,,False,0,
553006,,False,0,
553008,,False,0,
553011,,False,0,
553013,,False,0,
553019,,False,0,
553020,,False,0,
553022,,False,0,
553034,,False,0,
553064,,False,0,
553070,,False,0,
553071,,False,0,
553073,,False,0,
553086,,False,0,
553144,,False,0,
553146,,False,0,
553163,,False,0,
553169,,False,0,
553176,,False,0,
553235,,False,0,
553283,,False,0,
553303,,False,0,
553308,,False,0,
553335,,False,0,
553352,,False,0,
553358,,False,0,
553364,,False,0,
553366,,False,0,
553379,,False,0,
553444,,False,0,
553446,,False,0,
553516,,False,0,
553538,,False,0,
553551,,False,0,
553552,,False,0,
553554,,False,0,
553567,,False,0,
553677,,False,0,
553679,,False,0,
553713,,False,0,
553714,,False,0,
553716,,False,0,
553720,,False,0,
553721,,False,0,
553723,,False,0,
553744,,False,0,
553753,,False,0,
553759,,False,0,
553761,,False,0,
553835,,False,0,
553837,,False,0,
553843,,False,0,
553897,,False,0,
553908,,False,0,
553942,,False,0,
554005,,False,0,
554075,,False,0,
554099,,False,0,
554106,,False,0,
554122,,False,0,
554137,,False,0,
554162,,False,0,
554168,,False,0,
554169,,False,0,
554170,,False,0,
554172,,False,0,
554230,,False,0,
554234,,False,0,
554264,,False,0,
554270,,False,0,
554274,,False,0,
554275,,False,0,
554277,,False,0,
554284,,False,0,
554320,,False,0,
554322,,False,0,
554323,,False,0,
554324,,False,0,
554327,,False,0,
554333,,False,0,
554337,,False,0,
554338,,False,0,
554340,,False,0,
554374,,False,0,
554474,,False,0,
554480,,False,0,
554482,,False,0,
554490,,False,0,
554496,,False,0,
554498,,False,0,
554500,,False,0,
554523,,False,0,
554536,,False,0,
554574,,False,0,
554591,,False,0,
554647,,False,0,
554764,,False,0,
554787,,False,0,
554824,,False,0,
554828,,False,0,
554832,,False,0,
554839,,False,0,
554840,,False,0,
554841,,False,0,
554856,,False,0,
554885,,False,0,
554903,,False,0,
554910,,False,0,
554926,,False,0,
554932,,False,0,
554938,,False,0,
554939,,False,0,
554941,,False,0,
555455,,False,0,
555624,,False,0,
555628,,False,0,
555779,,False,0,
555961,,False,0,
556028,,False,0,
556034,,False,0,
556036,,False,0,
556468,,False,0,
556474,,False,0,
556476,,False,0,
556490,,False,0,
556497,,False,0,
556520,,False,0,
556571,,False,0,
556592,,False,0,
556626,,False,0,
556638,,False,0,
556666,,False,0,
556681,,False,0,
556707,,False,0,
556742,,False,0,
556749,,False,0,
556782,,False,0,
556790,,False,0,
556819,,False,0,
556837,,False,0,
556848,,False,0,
556866,,False,0,
556886,,False,0,
556893,,False,0,
556917,,False,0,
556930,,False,0,
556939,,False,0,
556956,,False,0,
556986,,False,0,
557001,,False,0,
557005,,False,0,
557007,,False,0,
557071,,False,0,
557075,,False,0,
557080,,False,0,
557082,,False,0,
557376,,False,0,
557382,,False,0,
557413,,False,0,
557439,,False,0,
557465,,False,0,
557487,,False,0,
557512,,False,0,
557857,,False,0,
557863,,False,0,
557865,,False,0,
557867,,False,0,
558133,,False,0,
558159,,False,0,
558182,,False,0,
558319,,False,0,
558324,,False,0,
558585,,False,0,
558591,,False,0,
558593,,False,0,
558595,,False,0,
558611,,False,0,
558677,,False,0,
558777,,False,0,
558781,,False,0,
558796,,False,0,
558849,,False,0,
558855,,False,0,
558859,,False,0,
558929,,False,0,
558932,,False,0,
558939,,False,0,
558946,,False,0,
558993,,False,0,
559005,,False,0,
559053,,False,0,
559057,,False,0,
559076,,False,0,
559177,,False,0,
559181,,False,0,
559211,,False,0,
559222,,False,0,
559226,,False,0,
559276,,False,0,
559282,,False,0,
559380,,False,0,
559490,,False,0,
559491,,False,0,
559516,,False,0,
559533,,False,0,
559626,,False,0,
559640,,False,0,
559645,,False,0,
559654,,False,0,
559688,,False,0,
559709,,False,0,
559727,,False,0,
559749,,False,0,
559758,,False,0,
559840,,False,0,
559885,,False,0,
559901,,False,0,
559907,,False,0,
559909,,False,0,
559911,,False,0,
560126,,False,0,
560172,,False,0,
560180,,False,0,
560184,,False,0,
560200,,False,0,
560346,,False,0,
560359,,False,0,
560363,,False,0,
560484,,False,0,
560490,,False,0,
560492,,False,0,
560494,,False,0,
560537,,False,0,
560819,,False,0,
560836,,False,0,
560851,,False,0,
560859,,False,0,
560905,,False,0,
560909,,False,0,
560929,,False,0,
560989,,False,0,
561053,,False,0,
561070,,False,0,
561074,,False,0,
561278,,False,0,
561293,,False,0,
561394,,False,0,
561400,,False,0,
561402,,False,0,
561428,,False,0,
561466,,False,0,
561467,,False,0,
561507,,False,0,
561514,,False,0,
561645,,False,0,
561775,,False,0,
561926,,False,0,
562165,,False,0,
562172,,False,0,
562176,,False,0,
562181,,False,0,
562208,,False,0,
562222,,False,0,
562322,,False,0,
562328,,False,0,
562330,,False,0,
562332,,False,0,
562364,,False,0,
562397,,False,0,
562421,,False,0,
562428,,False,0,
562444,,False,0,
562460,,False,0,
562482,,False,0,
562497,,False,0,
562506,,False,0,
562514,,False,0,
562518,,False,0,
562808,,False,0,
562814,,False,0,
562816,,False,0,
562818,,False,0,
562916,,False,0,
562956,,False,0,
562962,,False,0,
563174,,False,0,
563183,,False,0,
563195,,False,0,
563209,,False,0,
563231,,False,0,
563321,,False,0,
563334,,False,0,
563335,,False,0,
563478,,False,0,
563482,,False,0,
563522,,False,0,
563548,,False,0,
563591,,False,0,
563595,,False,0,
563599,,False,0,
563602,,False,0,
563640,,False,0,
563646,,False,0,
563647,,False,0,
563805,,False,0,
563811,,False,0,
563813,,False,0,
563815,,False,0,
563828,,False,0,
563874,,False,0,
563880,,False,0,
563898,,False,0,
563903,,False,0,
564070,,False,0,
564074,,False,0,
564134,,False,0,
564338,,False,0,
564350,,False,0,
564412,,False,0,
564581,,False,0,
564644,,False,0,
564657,,False,0,
564737,,False,0,
564747,,False,0,
564802,,False,0,
564845,,False,0,
564858,,False,0,
564864,,False,0,
564866,,False,0,
564868,,False,0,
565117,,False,0,
565125,,False,0,
565201,,False,0,
565214,,False,0,
565226,,False,0,
565227,,False,0,
565276,,False,0,
565281,,False,0,
565328,,False,0,
565334,,False,0,
565336,,False,0,
565338,,False,0,
565504,,False,0,
565511,,False,0,
565600,,False,0,
565604,,False,0,
565625,,False,0,
565637,,False,0,
565638,,False,0,
565639,,False,0,
565740,,False,0,
565793,,False,0,
565802,,False,0,
565945,,False,0,
566060,,False,0,
566071,,False,0,
566075,,False,0,
566129,,False,0,
566159,,False,0,
566162,,False,0,
566312,,False,0,
566318,,False,0,
566320,,False,0,
566322,,False,0,
566326,,False,0,
566432,,False,0,
566445,,False,0,
566472,,False,0,
566664,,False,0,
566979,,False,0,
567190,,False,0,
567196,,False,0,
567198,,False,0,
567200,,False,0,
567352,,False,0,
567365,,False,0,
567492,,False,0,
567505,,False,0,
567514,,False,0,
567553,,False,0,
567596,,False,0,
567607,,False,0,
567624,,False,0,
567628,,False,0,
567635,,False,0,
567642,,False,0,
567645,,False,0,
567710,,False,0,
567725,,False,0,
567832,,False,0,
567838,,False,0,
567872,,False,0,
567878,,False,0,
567880,,False,0,
567897,,False,0,
567899,,False,0,
567902,,False,0,
567913,,False,0,
567931,,False,0,
567940,,False,0,
567962,,False,0,
567976,,False,0,
568008,,False,0,
568019,,False,0,
568113,,False,0,
568122,,False,0,
568125,,False,0,
568137,,False,0,
568144,,False,0,
568297,,False,0,
568301,,False,0,
568375,,False,0,
568708,,False,0,
568711,,False,0,
568712,,False,0,
568713,,False,0,
568773,,False,0,
568831,,False,0,
568837,,False,0,
568839,,False,0,
568841,,False,0,
568861,,False,0,
569035,,False,0,
569049,,False,0,
569177,,False,0,
569210,,False,0,
569227,,False,0,
569240,,False,0,
569251,,False,0,
569303,,False,0,
569310,,False,0,
569388,,False,0,
569451,,False,0,
569503,,False,0,
569572,,False,0,
569579,,False,0,
569586,,False,0,
569593,,False,0,
569935,,False,0,
569953,,False,0,
569959,,False,0,
569961,,False,0,
569963,,False,0,
570186,,False,0,
570190,,False,0,
570206,,False,0,
570263,,False,0,
570287,,False,0,
570299,,False,0,
570475,,False,0,
570481,,False,0,
570483,,False,0,
570490,,False,0,
570492,,False,0,
570550,,False,0,
570563,,False,0,
570564,,False,0,
570610,,False,0,
570641,,False,0,
570901,,False,0,
571104,,False,0,
571148,,False,0,
571206,,False,0,
571217,,False,0,
571263,,False,0,
571295,,False,0,
571327,,False,0,
571333,,False,0,
571335,,False,0,
571337,,False,0,
571357,,False,0,
571360,,False,0,
571387,,False,0,
571395,,False,0,
571512,,False,0,
571524,,False,0,
571608,,False,0,
571612,,False,0,
571877,,False,0,
571917,,False,0,
571927,,False,0,
571931,,False,0,
571953,,False,0,
572211,,False,0,
572355,,False,0,
572361,,False,0,
572363,,False,0,
572365,,False,0,
572502,,False,0,
572508,,False,0,
572527,,False,0,
572545,,False,0,
572653,,False,0,
572662,,False,0,
572666,,False,0,
572680,,False,0,
572760,,False,0,
572961,,False,0,
572967,,False,0,
572969,,False,0,
572989,,False,0,
573085,,False,0,
573094,,False,0,
573139,,False,0,
573165,,False,0,
573211,,False,0,
573222,,False,0,
573237,,False,0,
573256,,False,0,
573262,,False,0,
573268,,False,0,
573302,,False,0,
573309,,False,0,
573336,,False,0,
573350,,False,0,
573363,,False,0,
573370,,False,0,
573394,,False,0,
573400,,False,0,
573443,,False,0,
573453,,False,0,
573481,,False,0,
573488,,False,0,
573502,,False,0,
573515,,False,0,
573530,,False,0,
573540,,False,0,
573544,,False,0,
573587,,False,0,
573591,,False,0,
573593,,False,0,
573595,,False,0,
573613,,False,0,
574121,,False,0,
574155,,False,0,
574156,,False,0,
574161,,False,0,
574173,,False,0,
574179,,False,0,
574181,,False,0,
574183,,False,0,
574476,,False,0,
574509,,False,0,
574566,,False,0,
574570,,False,0,
574600,,False,0,
574604,,False,0,
574740,,False,0,
574868,,False,0,
574936,,False,0,
575112,,False,0,
575118,,False,0,
575120,,False,0,
575128,,False,0,
575130,,False,0,
575168,,False,0,
575622,,False,0,
575626,,False,0,
575643,,False,0,
575681,,False,0,
575878,,False,0,
575943,,False,0,
575949,,False,0,
575951,,False,0,
575953,,False,0,
576213,,False,0,
576226,,False,0,
576239,,False,0,
576253,,False,0,
576274,,False,0,
576278,,False,0,
576299,,False,0,
576303,,False,0,
576304,,False,0,
576385,,False,0,
576391,,False,0,
576393,,False,0,
576395,,False,0,
576448,,False,0,
576701,,False,0,
576712,,False,0,
576808,,False,0,
576946,,False,0,
576953,,False,0,
576975,,False,0,
577167,,False,0,
577271,,False,0,
577277,,False,0,
577279,,False,0,
577281,,False,0,
577283,,False,0,
577667,,False,0,
577706,,False,0,
577770,,False,0,
577922,,False,0,
577974,,False,0,
577979,,False,0,
578353,,False,0,
578361,,False,0,
578373,,False,0,
578408,,False,0,
578414,,False,0,
578416,,False,0,
578418,,False,0,
578826,,False,0,
578855,,False,0,
578863,,False,0,
578887,,False,0,
578892,,False,0,
578931,,False,0,
578937,,False,0,
578943,,False,0,
578945,,False,0,
578947,,False,0,
578962,,False,0,
579026,,False,0,
579045,,False,0,
579049,,False,0,
579071,,False,0,
579075,,False,0,
579091,,False,0,
579216,,False,0,
579383,,False,0,
579391,,False,0,
579392,,False,0,
579569,,False,0,
579575,,False,0,
579577,,False,0,
579579,,False,0,
579898,,False,0,
579902,,False,0,
579937,,False,0,
579942,,False,0,
580003,,False,0,
580004,,False,0,
580041,,False,0,
580045,,False,0,
580425,,False,0,
580431,,False,0,
580433,,False,0,
580435,,False,0,
580690,,False,0,
580700,,False,0,
580704,,False,0,
580729,,False,0,
580741,,False,0,
580807,,False,0,
580821,,False,0,
580822,,False,0,
580871,,False,0,
580877,,False,0,
580879,,False,0,
580881,,False,0,
581299,,False,0,
581303,,False,0,
581440,,False,0,
581574,,False,0,
581580,,False,0,
581582,,False,0,
581595,,False,0,
581597,,False,0,
581631,,False,0,
582028,,False,0,
582061,,False,0,
582065,,False,0,
582167,,False,0,
582169,,False,0,
582172,,False,0,
582194,,False,0,
582215,,False,0,
582254,,False,0,
582262,,False,0,
582282,,False,0,
582291,,False,0,
582339,,False,0,
582382,,False,0,
582404,,False,0,
582448,,False,0,
582458,,False,0,
582480,,False,0,
582498,,False,0,
582505,,False,0,
582526,,False,0,
582533,,False,0,
582563,,False,0,
582588,,False,0,
582605,,False,0,
582674,,False,0,
582692,,False,0,
582702,,False,0,
582712,,False,0,
582721,,False,0,
582735,,False,0,
582764,,False,0,
582777,,False,0,
582781,,False,0,
582782,,False,0,
583992,,False,0,
583998,,False,0,
584000,,False,0,
584314,,False,0,
584318,,False,0,
584518,,False,0,
584523,,False,0,
584529,,False,0,
584531,,False,0,
584565,,False,0,
584567,,False,0,
584637,,False,0,
584726,,False,0,
584756,,False,0,
585114,,False,0,
585194,,False,0,
585251,,False,0,
585469,,False,0,
585475,,False,0,
585477,,False,0,
585479,,False,0,
585493,,False,0,
585622,,False,0,
585650,,False,0,
585768,,False,0,
585893,,False,0,
585919,,False,0,
585932,,False,0,
585986,,False,0,
585992,,False,0,
585994,,False,0,
585996,,False,0,
586121,,False,0,
586127,,False,0,
586377,,False,0,
586570,,False,0,
586609,,False,0,
586727,,False,0,
586728,,False,0,
586770,,False,0,
586781,,False,0,
586787,,False,0,
586789,,False,0,
586804,,False,0,
586806,,False,0,
586861,,False,0,
586933,,False,0,
586962,,False,0,
587007,,False,0,
587019,,False,0,
587024,,False,0,
587028,,False,0,
587039,,False,0,
587060,,False,0,
587077,,False,0,
587078,,False,0,
587080,,False,0,
587103,,False,0,
587114,,False,0,
587120,,False,0,
587121,,False,0,
587123,,False,0,
587125,,False,0,
587130,,False,0,
587135,,False,0,
587140,,False,0,
587145,,False,0,
587154,,False,0,
587159,,False,0,
587164,,False,0,
587169,,False,0,
587174,,False,0,
587180,,False,0,
587185,,False,0,
587190,,False,0,
587198,,False,0,
587203,,False,0,
587206,,False,0,
587211,,False,0,
587216,,False,0,
587226,,False,0,
587232,,False,0,
587234,,False,0,
587236,,False,0,
587288,,False,0,
587290,,False,0,
587314,,False,0,
587334,,False,0,
587336,,False,0,
587474,,False,0,
587499,,False,0,
587502,,False,0,
587504,,False,0,
587563,,False,0,
587572,,False,0,
587616,,False,0,
587682,,False,0,
587862,,False,0,
587878,,False,0,
587886,,False,0,
587892,,False,0,
587894,,False,0,
587895,,False,0,
587897,,False,0,
587940,,False,0,
587980,,False,0,
587984,,False,0,
587986,,False,0,
588002,,False,0,
588006,,False,0,
588192,,False,0,
588198,,False,0,
588200,,False,0,
588202,,False,0,
588221,,False,0,
588231,,False,0,
588235,,False,0,
588282,,False,0,
588294,,False,0,
588383,,False,0,
588449,,False,0,
588682,,False,0,
588733,,False,0,
588739,,False,0,
588740,,False,0,
588741,,False,0,
588769,,False,0,
588770,,False,0,
588771,,False,0,
588772,,False,0,
588773,,False,0,
588777,,False,0,
588789,,False,0,
588825,,False,0,
588859,,False,0,
588887,,False,0,
588893,,False,0,
588951,,False,0,
588957,,False,0,
588959,,False,0,
588961,,False,0,
589384,,False,0,
589430,,False,0,
589461,,False,0,
589471,,False,0,
589499,,False,0,
589500,,False,0,
589501,,False,0,
589522,,False,0,
589527,,False,0,
589551,,False,0,
589589,,False,0,
589590,,False,0,
589591,,False,0,
589624,,False,0,
589628,,False,0,
589877,,False,0,
589881,,False,0,
589928,,False,0,
589929,,False,0,
589930,,False,0,
589931,,False,0,
589932,,False,0,
589956,,False,0,
589971,,False,0,
590014,,False,0,
590022,,False,0,
590024,,False,0,
590053,,False,0,
590063,,False,0,
590066,,False,0,
590072,,False,0,
590075,,False,0,
590076,,False,0,
590078,,False,0,
590089,,False,0,
590124,,False,0,
590131,,False,0,
590137,,False,0,
590139,,False,0,
590144,,False,0,
590149,,False,0,
590154,,False,0,
590159,,False,0,
590176,,False,0,
590181,,False,0,
590192,,False,0,
590199,,False,0,
590212,,False,0,
590218,,False,0,
590231,,False,0,
590243,,False,0,
590254,,False,0,
590260,,False,0,
590269,,False,0,
590275,,False,0,
590281,,False,0,
590289,,False,0,
590294,,False,0,
590300,,False,0,
590306,,False,0,
590309,,False,0,
590311,,False,0,
590316,,False,0,
590321,,False,0,
590326,,False,0,
590333,,False,0,
590342,,False,0,
590347,,False,0,
590352,,False,0,
590359,,False,0,
590364,,False,0,
590371,,False,0,
590376,,False,0,
590381,,False,0,
590396,,False,0,
590401,,False,0,
590406,,False,0,
590413,,False,0,
590430,,False,0,
590435,,False,0,
590441,,False,0,
590446,,False,0,
590452,,False,0,
590454,,False,0,
590460,,False,0,
590462,,False,0,
590467,,False,0,
590472,,False,0,
590477,,False,0,
590484,,False,0,
590489,,False,0,
590500,,False,0,
590505,,False,0,
590510,,False,0,
590517,,False,0,
590522,,False,0,
590527,,False,0,
590537,,False,0,
590542,,False,0,
590547,,False,0,
590553,,False,0,
590559,,False,0,
590564,,False,0,
590569,,False,0,
590576,,False,0,
590583,,False,0,
590589,,False,0,
590591,,False,0,
590596,,False,0,
590601,,False,0,
590613,,False,0,
590618,,False,0,
590627,,False,0,
590632,,False,0,
590637,,False,0,
590644,,False,0,
590654,,False,0,
590663,,False,0,
590670,,False,0,
590675,,False,0,
590682,,False,0,
590687,,False,0,
590692,,False,0,
590697,,False,0,
590705,,False,0,
590710,,False,0,
590717,,False,0,
590724,,False,0,
590730,,False,0,
590736,,False,0,
590738,,False,0,
590753,,False,0,
590801,,False,0,
590853,,False,0,
590855,,False,0,
590884,,False,0,
590892,,False,0,
590894,,False,0,
590945,,False,0,
591052,,False,0,
591058,,False,0,
591059,,False,0,
591061,,False,0,
591068,,False,0,
591423,,False,0,
591722,,False,0,
591818,,False,0,
591824,,False,0,
591825,,False,0,
591827,,False,0,
591852,,False,0,
591888,,False,0,
591894,,False,0,
591897,,False,0,
591899,,False,0,
592211,,False,0,
592357,,False,0,
592364,,False,0,
592370,,False,0,
592484,,False,0,
592485,,False,0,
592486,,False,0,
592541,,False,0,
592551,,False,0,
592563,,False,0,
592570,,False,0,
592846,,False,0,
592863,,False,0,
592866,,False,0,
592872,,False,0,
592874,,False,0,
592879,,False,0,
592884,,False,0,
592889,,False,0,
592894,,False,0,
592899,,False,0,
592913,,False,0,
592918,,False,0,
592923,,False,0,
592928,,False,0,
592933,,False,0,
592938,,False,0,
592943,,False,0,
592948,,False,0,
592953,,False,0,
592958,,False,0,
592965,,False,0,
592971,,False,0,
592976,,False,0,
592981,,False,0,
592987,,False,0,
592993,,False,0,
592994,,False,0,
592996,,False,0,
593005,,False,0,
593035,,False,0,
593042,,False,0,
593048,,False,0,
593100,,False,0,
593387,,False,0,
593453,,False,0,
593456,,False,0,
593462,,False,0,
593464,,False,0,
593469,,False,0,
593474,,False,0,
593480,,False,0,
593486,,False,0,
593498,,False,0,
593503,,False,0,
593510,,False,0,
593518,,False,0,
593540,,False,0,
593550,,False,0,
593564,,False,0,
593591,,False,0,
593597,,False,0,
593602,,False,0,
593610,,False,0,
593615,,False,0,
593621,,False,0,
593627,,False,0,
593633,,False,0,
593638,,False,0,
593647,,False,0,
593654,,False,0,
593664,,False,0,
593671,,False,0,
593682,,False,0,
593689,,False,0,
593695,,False,0,
593697,,False,0,
593709,,False,0,
593719,,False,0,
593737,,False,0,
593746,,False,0,
593761,,False,0,
593776,,False,0,
593789,,False,0,
593812,,False,0,
593823,,False,0,
593833,,False,0,
593840,,False,0,
593853,,False,0,
593877,,False,0,
593885,,False,0,
593899,,False,0,
593912,,False,0,
593920,,False,0,
593928,,False,0,
593935,,False,0,
593942,,False,0,
593951,,False,0,
593960,,False,0,
593973,,False,0,
593982,,False,0,
593988,,False,0,
593997,,False,0,
594011,,False,0,
594020,,False,0,
594026,,False,0,
594028,,False,0,
594029,,False,0,
594031,,False,0,
594042,,False,0,
594048,,False,0,
594061,,False,0,
594077,,False,0,
594143,,False,0,
594147,,False,0,
594156,,False,0,
594205,,False,0,
594220,,False,0,
594222,,False,0,
594459,,False,0,
594468,,False,0,
594513,,False,0,
594519,,False,0,
594521,,False,0,
594523,,False,0,
594736,,False,0,
594751,,False,0,
594883,,False,0,
595077,,False,0,
595083,,False,0,
595085,,False,0,
595087,,False,0,
595134,,False,0,
595175,,False,0,
595199,,False,0,
595221,,False,0,
595745,,False,0,
595752,,False,0,
595753,,False,0,
595754,,False,0,
595756,,False,0,
595762,,False,0,
595764,,False,0,
595766,,False,0,
595959,,False,0,
595960,,False,0,
595961,,False,0,
596126,,False,0,
596130,,False,0,
596139,,False,0,
596158,,False,0,
596159,,False,0,
596160,,False,0,
596178,,False,0,
596287,,False,0,
596291,,False,0,
596342,,False,0,
596379,,False,0,
596382,,False,0,
596390,,False,0,
596393,,False,0,
596657,,False,0,
596663,,False,0,
596665,,False,0,
596667,,False,0,
596764,,False,0,
597001,,False,0,
597017,,False,0,
597030,,False,0,
597367,,False,0,
597417,,False,0,
597434,,False,0,
597464,,False,0,
597500,,False,0,
597596,,False,0,
597616,,False,0,
597620,,False,0,
597626,,False,0,
597627,,False,0,
597636,,False,0,
597673,,False,0,
597716,,False,0,
597720,,False,0,
597726,,False,0,
597730,,False,0,
597734,,False,0,
597745,,False,0,
597753,,False,0,
597777,,False,0,
597791,,False,0,
597804,,False,0,
597817,,False,0,
597840,,False,0,
597868,,False,0,
597879,,False,0,
597889,,False,0,
597900,,False,0,
597909,,False,0,
597924,,False,0,
597932,,False,0,
597969,,False,0,
597978,,False,0,
598001,,False,0,
598018,,False,0,
598028,,False,0,
598035,,False,0,
598045,,False,0,
598053,,False,0,
598076,,False,0,
598083,,False,0,
598096,,False,0,
598105,,False,0,
598115,,False,0,
598121,,False,0,
598122,,False,0,
598124,,False,0,
598138,,False,0,
598178,,False,0,
598218,,False,0,
598454,,False,0,
598459,,False,0,
598465,,False,0,
598466,,False,0,
598468,,False,0,
598483,,False,0,
598547,,False,0,
598613,,False,0,
598615,,False,0,
598622,,False,0,
598626,,False,0,
598653,,False,0,
598938,,False,0,
598944,,False,0,
598946,,False,0,
598948,,False,0,
599039,,False,0,
599045,,False,0,
599046,,False,0,
599188,,False,0,
599511,,False,0,
599537,,False,0,
599541,,False,0,
599556,,False,0,
599641,,False,0,
599679,,False,0,
599685,,False,0,
599687,,False,0,
599689,,False,0,
599695,,False,0,
599735,,False,0,
599774,,False,0,
599915,,False,0,
599920,,False,0,
599930,,False,0,
599942,,False,0,
599949,,False,0,
599987,,False,0,
599991,,False,0,
600128,,False,0,
600134,,False,0,
600136,,False,0,
600138,,False,0,
600187,,False,0,
600192,,False,0,
600277,,False,0,
600357,,False,0,
600525,,False,0,
600550,,False,0,
600562,,False,0,
600565,,False,0,
600587,,False,0,
600591,,False,0,
600733,,False,0,
600766,,False,0,
600824,,False,0,
600825,,False,0,
600826,,False,0,
600827,,False,0,
600851,,False,0,
600860,,False,0,
600861,,False,0,
600862,,False,0,
600905,,False,0,
600911,,False,0,
600949,,False,0,
600981,,False,0,
600992,,False,0,
600998,,False,0,
601108,,False,0,
601112,,False,0,
601234,,False,0,
601240,,False,0,
601333,,False,0,
601339,,False,0,
601341,,False,0,
601350,,False,0,
601357,,False,0,
601362,,False,0,
601374,,False,0,
601381,,False,0,
601386,,False,0,
601401,,False,0,
601406,,False,0,
601411,,False,0,
601418,,False,0,
601425,,False,0,
601430,,False,0,
601447,,False,0,
601454,,False,0,
601462,,False,0,
601472,,False,0,
601479,,False,0,
601489,,False,0,
601500,,False,0,
601505,,False,0,
601512,,False,0,
601520,,False,0,
601527,,False,0,
601532,,False,0,
601537,,False,0,
601542,,False,0,
601549,,False,0,
601555,,False,0,
601562,,False,0,
601570,,False,0,
601577,,False,0,
601588,,False,0,
601598,,False,0,
601606,,False,0,
601612,,False,0,
601614,,False,0,
601626,,False,0,
601638,,False,0,
601645,,False,0,
601675,,False,0,
601703,,False,0,
601710,,False,0,
601723,,False,0,
601737,,False,0,
601779,,False,0,
601799,,False,0,
601829,,False,0,
601838,,False,0,
601850,,False,0,
601874,,False,0,
601881,,False,0,
601896,,False,0,
601909,,False,0,
601916,,False,0,
601931,,False,0,
601969,,False,0,
601977,,False,0,
601988,,False,0,
601997,,False,0,
602006,,False,0,
602021,,False,0,
602029,,False,0,
602033,,False,0,
602180,,False,0,
602186,,False,0,
602420,,False,0,
602427,,False,0,
602534,,False,0,
602538,,False,0,
602644,,False,0,
602648,,False,0,
602880,,False,0,
602886,,False,0,
602888,,False,0,
602908,,False,0,
602914,,False,0,
602940,,False,0,
602957,,False,0,
602994,,False,0,
603001,,False,0,
603020,,False,0,
603030,,False,0,
603036,,False,0,
603047,,False,0,
603057,,False,0,
603078,,False,0,
603089,,False,0,
603096,,False,0,
603120,,False,0,
603131,,False,0,
603144,,False,0,
603156,,False,0,
603163,,False,0,
603174,,False,0,
603193,,False,0,
603200,,False,0,
603225,,False,0,
603234,,False,0,
603252,,False,0,
603266,,False,0,
603280,,False,0,
603316,,False,0,
603328,,False,0,
603332,,False,0,
603333,,False,0,
603335,,False,0,
603381,,False,0,
603386,,False,0,
603390,,False,0,
603391,,False,0,
603393,,False,0,
603410,,False,0,
603459,,False,0,
603461,,False,0,
603470,,False,0,
603471,,False,0,
603473,,False,0,
603481,,False,0,
603486,,False,0,
603491,,False,0,
603498,,False,0,
603506,,False,0,
603516,,False,0,
603517,,False,0,
603518,,False,0,
603561,,False,0,
603569,,False,0,
603575,,False,0,
604331,,False,0,
604337,,False,0,
604341,,False,0,
604342,,False,0,
604344,,False,0,
604353,,False,0,
604397,,False,0,
604399,,False,0,
604400,,False,0,
604401,,False,0,
604405,,False,0,
604408,,False,0,
604414,,False,0,
604419,,False,0,
604421,,False,0,
604436,,False,0,
604452,,False,0,
604464,,False,0,
604476,,False,0,
604496,,False,0,
604524,,False,0,
604543,,False,0,
604563,,False,0,
604582,,False,0,
604597,,False,0,
604608,,False,0,
604627,,False,0,
604642,,False,0,
604665,,False,0,
604687,,False,0,
604715,,False,0,
604724,,False,0,
604745,,False,0,
604775,,False,0,
604785,,False,0,
604805,,False,0,
604815,,False,0,
604822,,False,0,
604832,,False,0,
604839,,False,0,
604873,,False,0,
604880,,False,0,
604888,,False,0,
604892,,False,0,
604894,,False,0,
604895,,False,0,
604897,,False,0,
604911,,False,0,
604954,,False,0,
604956,,False,0,
604957,,False,0,
604962,,False,0,
605024,,False,0,
605030,,False,0,
605031,,False,0,
605033,,False,0,
605044,,False,0,
605159,,False,0,
605161,,False,0,
605173,,False,0,
605180,,False,0,
605353,,False,0,
605365,,False,0,
605408,,False,0,
605413,,False,0,
605432,,False,0,
605481,,False,0,
605485,,False,0,
605491,,False,0,
605492,,False,0,
605494,,False,0,
605522,,False,0,
605539,,False,0,
605604,,False,0,
605607,,False,0,
605613,,False,0,
605614,,False,0,
605616,,False,0,
605767,,False,0,
605827,,False,0,
605831,,False,0,
605832,,False,0,
605834,,False,0,
605873,,False,0,
605879,,False,0,
605997,,False,0,
605999,,False,0,
606124,,False,0,
606130,,False,0,
606132,,False,0,
606134,,False,0,
606163,,False,0,
606332,,False,0,
606361,,False,0,
606362,,False,0,
606363,,False,0,
606364,,False,0,
606437,,False,0,
606439,,False,0,
606530,,False,0,
606560,,False,0,
606563,,False,0,
606564,,False,0,
606566,,False,0,
606573,,False,0,
606626,,False,0,
606628,,False,0,
606670,,False,0,
606679,,False,0,
606701,,False,0,
606723,,False,0,
606729,,False,0,
606770,,False,0,
606776,,False,0,
606777,,False,0,
606779,,False,0,
606788,,False,0,
606834,,False,0,
606838,,False,0,
606840,,False,0,
606852,,False,0,
606893,,False,0,
606906,,False,0,
606913,,False,0,
606914,,False,0,
606915,,False,0,
606932,,False,0,
606952,,False,0,
606988,,False,0,
606992,,False,0,
607008,,False,0,
607014,,False,0,
607015,,False,0,
607018,,False,0,
607022,,False,0,
607175,,False,0,
607179,,False,0,
607375,,False,0,
607381,,False,0,
607530,,False,0,
607692,,False,0,
607698,,False,0,
607700,,False,0,
607706,,False,0,
607712,,False,0,
607725,,False,0,
607730,,False,0,
607737,,False,0,
607742,,False,0,
607747,,False,0,
607754,,False,0,
607759,,False,0,
607767,,False,0,
607775,,False,0,
607780,,False,0,
607786,,False,0,
607794,,False,0,
607800,,False,0,
607807,,False,0,
607814,,False,0,
607819,,False,0,
607826,,False,0,
607833,,False,0,
607848,,False,0,
607855,,False,0,
607862,,False,0,
607869,,False,0,
607874,,False,0,
607883,,False,0,
607890,,False,0,
607900,,False,0,
607905,,False,0,
607910,,False,0,
607917,,False,0,
607922,,False,0,
607927,,False,0,
607932,,False,0,
607938,,False,0,
607940,,False,0,
607949,,False,0,
607994,,False,0,
608019,,False,0,
608038,,False,0,
608054,,False,0,
608064,,False,0,
608094,,False,0,
608109,,False,0,
608125,,False,0,
608131,,False,0,
608147,,False,0,
608160,,False,0,
608167,,False,0,
608188,,False,0,
608218,,False,0,
608227,,False,0,
608247,,False,0,
608262,,False,0,
608281,,False,0,
608287,,False,0,
608305,,False,0,
608324,,False,0,
608340,,False,0,
608368,,False,0,
608374,,False,0,
608403,,False,0,
608434,,False,0,
608438,,False,0,
608656,,False,0,
608660,,False,0,
608868,,False,0,
608874,,False,0,
608876,,False,0,
609039,,False,0,
609043,,False,0,
609176,,False,0,
609182,,False,0,
609418,,False,0,
609422,,False,0,
609423,,False,0,
609425,,False,0,
609460,,False,0,
609523,,False,0,
609525,,False,0,
609531,,False,0,
609532,,False,0,
609533,,False,0,
609548,,False,0,
609549,,False,0,
609550,,False,0,
609609,,False,0,
609614,,False,0,
609620,,False,0,
609621,,False,0,
609623,,False,0,
609642,,False,0,
609707,,False,0,
609709,,False,0,
609749,,False,0,
609762,,False,0,
609763,,False,0,
609765,,False,0,
609794,,False,0,
609900,,False,0,
609902,,False,0,
609988,,False,0,
609996,,False,0,
609997,,False,0,
609999,,False,0,
610005,,False,0,
610006,,False,0,
610008,,False,0,
610055,,False,0,
610230,,False,0,
610232,,False,0,
610253,,False,0,
610254,,False,0,
610255,,False,0,
610283,,False,0,
610287,,False,0,
610288,,False,0,
610290,,False,0,
610317,,False,0,
610438,,False,0,
610440,,False,0,
610456,,False,0,
610473,,False,0,
610481,,False,0,
610503,,False,0,
610507,,False,0,
610508,,False,0,
610510,,False,0,
610532,,False,0,
610716,,False,0,
610718,,False,0,
610752,,False,0,
610776,,False,0,
610787,,False,0,
610793,,False,0,
610794,,False,0,
610796,,False,0,
610818,,False,0,
610988,,False,0,
610990,,False,0,
610991,,False,0,
610992,,False,0,
610999,,False,0,
611000,,False,0,
611002,,False,0,
611008,,False,0,
611009,,False,0,
611011,,False,0,
611021,,False,0,
611067,,False,0,
611119,,False,0,
611156,,False,0,
611160,,False,0,
611162,,False,0,
611275,,False,0,
611285,,False,0,
611333,,False,0,
611358,,False,0,
611361,,False,0,
611363,,False,0,
611369,,False,0,
611371,,False,0,
611373,,False,0,
611498,,False,0,
611514,,False,0,
611525,,False,0,
611649,,False,0,
611663,,False,0,
611707,,False,0,
611827,,False,0,
611849,,False,0,
611900,,False,0,
611903,,False,0,
611909,,False,0,
611911,,False,0,
611928,,False,0,
611976,,False,0,
611992,,False,0,
612017,,False,0,
612036,,False,0,
612047,,False,0,
612062,,False,0,
612069,,False,0,
612099,,False,0,
612111,,False,0,
612126,,False,0,
612143,,False,0,
612175,,False,0,
612194,,False,0,
612211,,False,0,
612227,,False,0,
612260,,False,0,
612271,,False,0,
612278,,False,0,
612285,,False,0,
612303,,False,0,
612310,,False,0,
612335,,False,0,
612342,,False,0,
612349,,False,0,
612360,,False,0,
612368,,False,0,
612372,,False,0,
612373,,False,0,
612375,,False,0,
612382,,False,0,
612415,,False,0,
612427,,False,0,
612434,,False,0,
612435,,False,0,
612437,,False,0,
612450,,False,0,
612546,,False,0,
612621,,False,0,
612625,,False,0,
612627,,False,0,
613022,,False,0,
613035,,False,0,
613124,,False,0,
613150,,False,0,
613155,,False,0,
613159,,False,0,
613165,,False,0,
613167,,False,0,
613168,,False,0,
613170,,False,0,
613202,,False,0,
613313,,False,0,
613317,,False,0,
613319,,False,0,
613549,,False,0,
613568,,False,0,
613569,,False,0,
613570,,False,0,
613571,,False,0,
613579,,False,0,
613590,,False,0,
613605,,False,0,
613606,,False,0,
613607,,False,0,
613632,,False,0,
613698,,False,0,
613720,,False,0,
613721,,False,0,
613723,,False,0,
613730,,False,0,
613736,,False,0,
613738,,False,0,
613745,,False,0,
613831,,False,0,
613833,,False,0,
613852,,False,0,
613883,,False,0,
613908,,False,0,
613912,,False,0,
613913,,False,0,
613915,,False,0,
613978,,False,0,
614015,,False,0,
614018,,False,0,
614022,,False,0,
614023,,False,0,
614025,,False,0,
614055,,False,0,
614203,,False,0,
614205,,False,0,
614269,,False,0,
614293,,False,0,
614310,,False,0,
614314,,False,0,
614323,,False,0,
614324,,False,0,
614326,,False,0,
614336,,False,0,
614342,,False,0,
614344,,False,0,
614351,,False,0,
614406,,False,0,
614408,,False,0,
614421,,False,0,
614429,,False,0,
614430,,False,0,
614431,,False,0,
614432,,False,0,
614435,,False,0,
614436,,False,0,
614438,,False,0,
614517,,False,0,
614520,,False,0,
614526,,False,0,
614527,,False,0,
614529,,False,0,
614573,,False,0,
614576,,False,0,
614577,,False,0,
614579,,False,0,
614581,,False,0,
614674,,False,0,
614680,,False,0,
614725,,False,0,
614728,,False,0,
614732,,False,0,
614733,,False,0,
614735,,False,0,
614757,,False,0,
614848,,False,0,
614850,,False,0,
614871,,False,0,
614877,,False,0,
614879,,False,0,
614881,,False,0,
615244,,False,0,
615322,,False,0,
615338,,False,0,
615347,,False,0,
615353,,False,0,
615354,,False,0,
615355,,False,0,
615359,,False,0,
615361,,False,0,
615370,,False,0,
615372,,False,0,
615407,,False,0,
615416,,False,0,
615451,,False,0,
615485,,False,0,
615519,,False,0,
615556,,False,0,
615590,,False,0,
615613,,False,0,
615628,,False,0,
615644,,False,0,
615675,,False,0,
615684,,False,0,
615715,,False,0,
615744,,False,0,
615768,,False,0,
615788,,False,0,
615809,,False,0,
615816,,False,0,
615840,,False,0,
615849,,False,0,
615878,,False,0,
615890,,False,0,
615914,,False,0,
615925,,False,0,
615938,,False,0,
615950,,False,0,
615960,,False,0,
615966,,False,0,
615971,,False,0,
615972,,False,0,
615974,,False,0,
616007,,False,0,
616071,,False,0,
616093,,False,0,
616145,,False,0,
616147,,False,0,
616313,,False,0,
616420,,False,0,
616533,,False,0,
616661,,False,0,
616667,,False,0,
616669,,False,0,
616671,,False,0,
616792,,False,0,
616870,,False,0,
616967,,False,0,
617063,,False,0,
617066,,False,0,
617073,,False,0,
617080,,False,0,
617110,,False,0,
617113,,False,0,
617167,,False,0,
617221,,False,0,
617240,,False,0,
617272,,False,0,
617326,,False,0,
617332,,False,0,
617338,,False,0,
617339,,False,0,
617341,,False,0,
617454,,False,0,
617520,,False,0,
617527,,False,0,
617531,,False,0,
617532,,False,0,
617534,,False,0,
617544,,False,0,
617625,,False,0,
617627,,False,0,
617656,,False,0,
617657,,False,0,
617658,,False,0,
617659,,False,0,
617660,,False,0,
617661,,False,0,
617664,,False,0,
617668,,False,0,
617669,,False,0,
617671,,False,0,
617693,,False,0,
617768,,False,0,
617774,,False,0,
617776,,False,0,
617793,,False,0,
617795,,False,0,
617848,,False,0,
617887,,False,0,
617902,,False,0,
617903,,False,0,
617905,,False,0,
617912,,False,0,
617960,,False,0,
617962,,False,0,
617963,,False,0,
617964,,False,0,
617965,,False,0,
617966,,False,0,
617980,,False,0,
617992,,False,0,
617998,,False,0,
618004,,False,0,
618006,,False,0,
618007,,False,0,
618009,,False,0,
618016,,False,0,
618055,,False,0,
618057,,False,0,
618058,,False,0,
618059,,False,0,
618062,,False,0,
618066,,False,0,
618068,,False,0,
618147,,False,0,
618202,,False,0,
618266,,False,0,
618268,,False,0,
618324,,False,0,
618346,,False,0,
618348,,False,0,
618392,,False,0,
618398,,False,0,
618399,,False,0,
618401,,False,0,
618516,,False,0,
618527,,False,0,
618805,,False,0,
618811,,False,0,
618813,,False,0,
618820,,False,0,
618827,,False,0,
618832,,False,0,
618837,,False,0,
618844,,False,0,
618852,,False,0,
618863,,False,0,
618875,,False,0,
618880,,False,0,
618884,,False,0,
618889,,False,0,
618898,,False,0,
618907,,False,0,
618915,,False,0,
618922,,False,0,
618929,,False,0,
618933,,False,0,
618940,,False,0,
618947,,False,0,
618952,,False,0,
618957,,False,0,
618964,,False,0,
618971,,False,0,
618978,,False,0,
618985,,False,0,
618992,,False,0,
618999,,False,0,
619006,,False,0,
619011,,False,0,
619018,,False,0,
619026,,False,0,
619031,,False,0,
619037,,False,0,
619043,,False,0,
619045,,False,0,
619086,,False,0,
619116,,False,0,
619128,,False,0,
619145,,False,0,
619160,,False,0,
619200,,False,0,
619215,,False,0,
619225,,False,0,
619236,,False,0,
619264,,False,0,
619297,,False,0,
619307,,False,0,
619331,,False,0,
619346,,False,0,
619353,,False,0,
619368,,False,0,
619396,,False,0,
619411,,False,0,
619421,,False,0,
619435,,False,0,
619443,,False,0,
619450,,False,0,
619470,,False,0,
619480,,False,0,
619505,,False,0,
619513,,False,0,
619517,,False,0,
619518,,False,0,
619520,,False,0,
619527,,False,0,
619557,,False,0,
619609,,False,0,
619611,,False,0,
619766,,False,0,
619779,,False,0,
619796,,False,0,
619807,,False,0,
619810,,False,0,
619816,,False,0,
619817,,False,0,
619819,,False,0,
619853,,False,0,
620319,,False,0,
620321,,False,0,
620327,,False,0,
620329,,False,0,
620331,,False,0,
620333,,False,0,
620356,,False,0,
620496,,False,0,
620515,,False,0,
620794,,False,0,
621370,,False,0,
621376,,False,0,
621377,,False,0,
621378,,False,0,
621379,,False,0,
621728,,False,0,
621886,,False,0,
621902,,False,0,
621908,,False,0,
621909,,False,0,
621911,,False,0,
621928,,False,0,
622400,,False,0,
622543,,False,0,
622653,,False,0,
622697,,False,0,
622703,,False,0,
622705,,False,0,
622707,,False,0,
622853,,False,0,
622888,,False,0,
622945,,False,0,
622978,,False,0,
622982,,False,0,
622987,,False,0,
623261,,False,0,
623314,,False,0,
623332,,False,0,
623471,,False,0,
623521,,False,0,
623528,,False,0,
623538,,False,0,
623545,,False,0,
623549,,False,0,
623555,,False,0,
623556,,False,0,
623558,,False,0,
623565,,False,0,
623620,,False,0,
623622,,False,0,
623628,,False,0,
623630,,False,0,
623634,,False,0,
623983,,False,0,
623989,,False,0,
623990,,False,0,
623992,,False,0,
624176,,False,0,
624182,,False,0,
624185,,False,0,
624271,,False,0,
624326,,False,0,
624362,,False,0,
624394,,False,0,
624409,,False,0,
624455,,False,0,
624472,,False,0,
624493,,False,0,
624530,,False,0,
624558,,False,0,
624576,,False,0,
624603,,False,0,
624630,,False,0,
624649,,False,0,
624658,,False,0,
624672,,False,0,
624717,,False,0,
624732,,False,0,
624768,,False,0,
624778,,False,0,
624797,,False,0,
624804,,False,0,
624825,,False,0,
624835,,False,0,
624862,,False,0,
624878,,False,0,
624901,,False,0,
624907,,False,0,
624909,,False,0,
624910,,False,0,
624912,,False,0,
624921,,False,0,
625439,,False,0,
625452,,False,0,
625462,,False,0,
625544,,False,0,
625713,,False,0,
625813,,False,0,
625819,,False,0,
625820,,False,0,
625823,,False,0,
625827,,False,0,
626340,,False,0,
626346,,False,0,
626347,,False,0,
626349,,False,0,
626402,,False,0,
626832,,False,0,
626836,,False,0,
626982,,False,0,
626988,,False,0,
626989,,False,0,
626991,,False,0,
627186,,False,0,
627591,,False,0,
627592,,False,0,
627593,,False,0,
627617,,False,0,
627624,,False,0,
627644,,False,0,
627843,,False,0,
628051,,False,0,
628089,,False,0,
628092,,False,0,
628098,,False,0,
628591,,False,0,
628904,,False,0,
628906,,False,0,
628914,,False,0,
628920,,False,0,
628922,,False,0,
628923,,False,0,
628925,,False,0,
628938,,False,0,
629031,,False,0,
629037,,False,0,
629043,,False,0,
629044,,False,0,
629046,,False,0,
629058,,False,0,
629103,,False,0,
629105,,False,0,
629106,,False,0,
629108,,False,0,
629112,,False,0,
629113,,False,0,
629115,,False,0,
629141,,False,0,
629231,,False,0,
629237,,False,0,
629243,,False,0,
629250,,False,0,
629261,,False,0,
629282,,False,0,
629295,,False,0,
629322,,False,0,
629332,,False,0,
629346,,False,0,
629357,,False,0,
629387,,False,0,
629411,,False,0,
629452,,False,0,
629488,,False,0,
629513,,False,0,
629538,,False,0,
629566,,False,0,
629594,,False,0,
629603,,False,0,
629615,,False,0,
629632,,False,0,
629646,,False,0,
629656,,False,0,
629676,,False,0,
629689,,False,0,
629702,,False,0,
629737,,False,0,
629751,,False,0,
629760,,False,0,
629764,,False,0,
629765,,False,0,
629767,,False,0,
629785,,False,0,
629827,,False,0,
629829,,False,0,
629832,,False,0,
629846,,False,0,
629849,,False,0,
629851,,False,0,
629898,,False,0,
629899,,False,0,
629900,,False,0,
629934,,False,0,
629939,,False,0,
629940,,False,0,
629942,,False,0,
629955,,False,0,
629993,,False,0,
629997,,False,0,
630003,,False,0,
630005,,False,0,
630037,,False,0,
630073,,False,0,
630103,,False,0,
630136,,False,0,
630178,,False,0,
630224,,False,0,
630237,,False,0,
630255,,False,0,
630266,,False,0,
630293,,False,0,
630304,,False,0,
630331,,False,0,
630342,,False,0,
630356,,False,0,
630375,,False,0,
630395,,False,0,
630410,,False,0,
630432,,False,0,
630450,,False,0,
630468,,False,0,
630491,,False,0,
630513,,False,0,
630547,,False,0,
630562,,False,0,
630569,,False,0,
630584,,False,0,
630613,,False,0,
630621,,False,0,
630625,,False,0,
630626,,False,0,
630628,,False,0,
630641,,False,0,
630691,,False,0,
630693,,False,0,
630737,,False,0,
630908,,False,0,
630926,,False,0,
630927,,False,0,
630928,,False,0,
630931,,False,0,
630937,,False,0,
631224,,False,0,
631230,,False,0,
631231,,False,0,
631233,,False,0,
631250,,False,0,
631332,,False,0,
631334,,False,0,
631340,,False,0,
631345,,False,0,
631346,,False,0,
631348,,False,0,
631363,,False,0,
631411,,False,0,
631413,,False,0,
631417,,False,0,
631418,,False,0,
631420,,False,0,
631430,,False,0,
631488,,False,0,
631493,,False,0,
631499,,False,0,
631500,,False,0,
631502,,False,0,
631513,,False,0,
631573,,False,0,
631577,,False,0,
631578,,False,0,
631580,,False,0,
631593,,False,0,
631639,,False,0,
631641,,False,0,
631642,,False,0,
631644,,False,0,
631647,,False,0,
631651,,False,0,
631652,,False,0,
631655,,False,0,
631744,,False,0,
631820,,False,0,
631844,,False,0,
631850,,False,0,
631855,,False,0,
631856,,False,0,
631858,,False,0,
631904,,False,0,
631917,,False,0,
631931,,False,0,
631935,,False,0,
631945,,False,0,
632208,,False,0,
632214,,False,0,
632216,,False,0,
632283,,False,0,
632289,,False,0,
632292,,False,0,
632294,,False,0,
632312,,False,0,
632360,,False,0,
632392,,False,0,
632421,,False,0,
632468,,False,0,
632493,,False,0,
632523,,False,0,
632549,,False,0,
632573,,False,0,
632584,,False,0,
632607,,False,0,
632621,,False,0,
632630,,False,0,
632660,,False,0,
632676,,False,0,
632692,,False,0,
632701,,False,0,
632712,,False,0,
632723,,False,0,
632756,,False,0,
632768,,False,0,
632784,,False,0,
632801,,False,0,
632828,,False,0,
632838,,False,0,
632845,,False,0,
632868,,False,0,
632872,,False,0,
632875,,False,0,
632876,,False,0,
632878,,False,0,
633275,,False,0,
633283,,False,0,
633294,,False,0,
633401,,False,0,
633411,,False,0,
633417,,False,0,
633418,,False,0,
633420,,False,0,
633422,,False,0,
634079,,False,0,
634085,,False,0,
634089,,False,0,
634090,,False,0,
634092,,False,0,
634094,,False,0,
634130,,False,0,
634602,,False,0,
634921,,False,0,
634927,,False,0,
634928,,False,0,
634930,,False,0,
634932,,False,0,
634976,,False,0,
634988,,False,0,
634989,,False,0,
634990,,False,0,
635050,,False,0,
635062,,False,0,
635063,,False,0,
635585,,False,0,
635593,,False,0,
635594,,False,0,
635595,,False,0,
635640,,False,0,
635650,,False,0,
635678,,False,0,
635688,,False,0,
635714,,False,0,
635720,,False,0,
635721,,False,0,
635723,,False,0,
635734,,False,0,
635736,,False,0,
635969,,False,0,
635985,,False,0,
636011,,False,0,
636029,,False,0,
636111,,False,0,
636123,,False,0,
636128,,False,0,
636146,,False,0,
636240,,False,0,
636266,,False,0,
636271,,False,0,
636343,,False,0,
636353,,False,0,
636357,,False,0,
636458,,False,0,
636467,,False,0,
636468,,False,0,
636546,,False,0,
636552,,False,0,
636553,,False,0,
636555,,False,0,
636557,,False,0,
636785,,False,0,
636794,,False,0,
636951,,False,0,
636955,,False,0,
637352,,False,0,
637356,,False,0,
637359,,False,0,
637368,,False,0,
637371,,False,0,
637449,,False,0,
637455,,False,0,
637456,,False,0,
637458,,False,0,
637460,,False,0,
637739,,False,0,
637746,,False,0,
638099,,False,0,
638136,,False,0,
638142,,False,0,
638143,,False,0,
638145,,False,0,
638147,,False,0,
638289,,False,0,
638293,,False,0,
638309,,False,0,
638319,,False,0,
638343,,False,0,
638374,,False,0,
638400,,False,0,
638488,,False,0,
638491,,False,0,
638517,,False,0,
638520,,False,0,
638529,,False,0,
638534,,False,0,
638538,,False,0,
638664,,False,0,
638670,,False,0,
638692,,False,0,
638693,,False,0,
638695,,False,0,
638697,,False,0,
638783,,False,0,
638793,,False,0,
638813,,False,0,
638823,,False,0,
638960,,False,0,
638964,,False,0,
639111,,False,0,
639216,,False,0,
639219,,False,0,
639284,,False,0,
639295,,False,0,
639296,,False,0,
639297,,False,0,
639298,,False,0,
639379,,False,0,
639466,,False,0,
639472,,False,0,
639591,,False,0,
639650,,False,0,
639662,,False,0,
639668,,False,0,
639669,,False,0,
639671,,False,0,
639673,,False,0,
639711,,False,0,
639718,,False,0,
639727,,False,0,
639761,,False,0,
639940,,False,0,
639949,,False,0,
639971,,False,0,
640048,,False,0,
640089,,False,0,
640150,,False,0,
640160,,False,0,
640346,,False,0,
640366,,False,0,
640370,,False,0,
640375,,False,0,
640378,,False,0,
640385,,False,0,
640386,,False,0,
640387,,False,0,
640391,,False,0,
640441,,False,0,
640472,,False,0,
640495,,False,0,
640499,,False,0,
640513,,False,0,
640519,,False,0,
640556,,False,0,
640560,,False,0,
640577,,False,0,
640595,,False,0,
640648,,False,0,
640660,,False,0,
640666,,False,0,
640668,,False,0,
640707,,False,0,
640709,,False,0,
640737,,False,0,
640802,,False,0,
640819,,False,0,
640833,,False,0,
640865,,False,0,
640885,,False,0,
640916,,False,0,
640934,,False,0,
640947,,False,0,
640961,,False,0,
640994,,False,0,
641007,,False,0,
641028,,False,0,
641046,,False,0,
641056,,False,0,
641081,,False,0,
641091,,False,0,
641106,,False,0,
641150,,False,0,
641159,,False,0,
641170,,False,0,
641179,,False,0,
641188,,False,0,
641202,,False,0,
641218,,False,0,
641225,,False,0,
641242,,False,0,
641246,,False,0,
641247,,False,0,
641249,,False,0,
641267,,False,0,
641305,,False,0,
641307,,False,0,
641384,,False,0,
641454,,False,0,
641460,,False,0,
641462,,False,0,
641464,,False,0,
641479,,False,0,
641504,,False,0,
641531,,False,0,
641569,,False,0,
641612,,False,0,
641757,,False,0,
641761,,False,0,
641771,,False,0,
641788,,False,0,
641794,,False,0,
641795,,False,0,
641995,,False,0,
642001,,False,0,
642003,,False,0,
642005,,False,0,
642138,,False,0,
642229,,False,0,
642230,,False,0,
642231,,False,0,
642251,,False,0,
642275,,False,0,
642336,,False,0,
642364,,False,0,
642497,,False,0,
642504,,False,0,
642540,,False,0,
642554,,False,0,
642555,,False,0,
642557,,False,0,
642571,,False,0,
642626,,False,0,
642660,,False,0,
642668,,False,0,
642670,,False,0,
642672,,False,0,
642677,,False,0,
642856,,False,0,
642936,,False,0,
642940,,False,0,
642990,,False,0,
642995,,False,0,
643014,,False,0,
643085,,False,0,
643091,,False,0,
643093,,False,0,
643095,,False,0,
643254,,False,0,
643262,,False,0,
643453,,False,0,
643536,,False,0,
643606,,False,0,
643627,,False,0,
643757,,False,0,
643763,,False,0,
643765,,False,0,
643767,,False,0,
643823,,False,0,
643831,,False,0,
643832,,False,0,
643833,,False,0,
643834,,False,0,
643904,,False,0,
644042,,False,0,
644059,,False,0,
644093,,False,0,
644097,,False,0,
644098,,False,0,
644099,,False,0,
644130,,False,0,
644139,,False,0,
644148,,False,0,
644167,,False,0,
644174,,False,0,
644178,,False,0,
644196,,False,0,
644215,,False,0,
644221,,False,0,
644222,,False,0,
644224,,False,0,
644277,,False,0,
644389,,False,0,
644437,,False,0,
644441,,False,0,
644443,,False,0,
644580,,False,0,
644586,,False,0,
644588,,False,0,
644590,,False,0,
645145,,False,0,
645151,,False,0,
645153,,False,0,
645178,,False,0,
645192,,False,0,
645222,,False,0,
645237,,False,0,
645252,,False,0,
645263,,False,0,
645281,,False,0,
645296,,False,0,
645307,,False,0,
645324,,False,0,
645338,,False,0,
645349,,False,0,
645366,,False,0,
645382,,False,0,
645401,,False,0,
645408,,False,0,
645415,,False,0,
645445,,False,0,
645452,,False,0,
645462,,False,0,
645488,,False,0,
645503,,False,0,
645518,,False,0,
645535,,False,0,
645542,,False,0,
645552,,False,0,
645556,,False,0,
645558,,False,0,
645560,,False,0,
645918,,False,0,
645922,,False,0,
645946,,False,0,
646025,,False,0,
646031,,False,0,
646033,,False,0,
646035,,False,0,
646048,,False,0,
646049,,False,0,
646050,,False,0,
646164,,False,0,
646217,,False,0,
646233,,False,0,
646243,,False,0,
646504,,False,0,
646510,,False,0,
646512,,False,0,
646514,,False,0,
646569,,False,0,
646570,,False,0,
646571,,False,0,
646671,,False,0,
646711,,False,0,
646770,,False,0,
646803,,False,0,
646834,,False,0,
646867,,False,0,
646883,,False,0,
646910,,False,0,
647007,,False,0,
647027,,False,0,
647064,,False,0,
647159,,False,0,
647171,,False,0,
647175,,False,0,
647241,,False,0,
647253,,False,0,
647296,,False,0,
647305,,False,0,
647345,,False,0,
647356,,False,0,
647381,,False,0,
647403,,False,0,
647416,,False,0,
647448,,False,0,
647462,,False,0,
647474,,False,0,
647480,,False,0,
647482,,False,0,
647484,,False,0,
647554,,False,0,
647559,,False,0,
647571,,False,0,
647605,,False,0,
647615,,False,0,
647628,,False,0,
647695,,False,0,
647955,,False,0,
647956,,False,0,
647957,,False,0,
648005,,False,0,
648013,,False,0,
648014,,False,0,
648080,,False,0,
648096,,False,0,
648137,,False,0,
648147,,False,0,
648153,,False,0,
648155,,False,0,
648156,,False,0,
648158,,False,0,
648178,,False,0,
648244,,False,0,
648328,,False,0,
648332,,False,0,
648334,,False,0,
648335,,False,0,
648336,,False,0,
648337,,False,0,
648338,,False,0,
648345,,False,0,
648373,,False,0,
648396,,False,0,
648413,,False,0,
648414,,False,0,
648415,,False,0,
648451,,False,0,
648455,,False,0,
648501,,False,0,
648502,,False,0,
648503,,False,0,
648504,,False,0,
648505,,False,0,
648512,,False,0,
648529,,False,0,
648535,,False,0,
648537,,False,0,
648539,,False,0,
648541,,False,0,
648560,,False,0,
648600,,False,0,
648611,,False,0,
648631,,False,0,
648635,,False,0,
648665,,False,0,
648726,,False,0,
648727,,False,0,
648728,,False,0,
648736,,False,0,
648839,,False,0,
648843,,False,0,
648844,,False,0,
648845,,False,0,
648865,,False,0,
648901,,False,0,
648912,,False,0,
648913,,False,0,
648914,,False,0,
649001,,False,0,
649036,,False,0,
649040,,False,0,
649041,,False,0,
649042,,False,0,
649047,,False,0,
649053,,False,0,
649057,,False,0,
649059,,False,0,
649077,,False,0,
649090,,False,0,
649168,,False,0,
649183,,False,0,
649209,,False,0,
649222,,False,0,
649249,,False,0,
649268,,False,0,
649299,,False,0,
649318,,False,0,
649332,,False,0,
649345,,False,0,
649366,,False,0,
649390,,False,0,
649398,,False,0,
649405,,False,0,
649417,,False,0,
649429,,False,0,
649453,,False,0,
649468,,False,0,
649475,,False,0,
649484,,False,0,
649493,,False,0,
649509,,False,0,
649518,,False,0,
649547,,False,0,
649559,,False,0,
649571,,False,0,
649575,,False,0,
649577,,False,0,
649579,,False,0,
649649,,False,0,
649652,,False,0,
649656,,False,0,
649664,,False,0,
649675,,False,0,
649678,,False,0,
649726,,False,0,
649746,,False,0,
649750,,False,0,
649790,,False,0,
649796,,False,0,
649883,,False,0,
649971,,False,0,
649977,,False,0,
649979,,False,0,
649981,,False,0,
650026,,False,0,
650157,,False,0,
650199,,False,0,
650260,,False,0,
650297,,False,0,
650303,,False,0,
650325,,False,0,
650329,,False,0,
650344,,False,0,
650348,,False,0,
650386,,False,0,
650513,,False,0,
650519,,False,0,
650521,,False,0,
650523,,False,0,
650536,,False,0,
650593,,False,0,
650876,,False,0,
650991,,False,0,
651053,,False,0,
651080,,False,0,
651087,,False,0,
651158,,False,0,
651167,,False,0,
651171,,False,0,
651172,,False,0,
651173,,False,0,
651209,,False,0,
651222,,False,0,
651237,,False,0,
651238,,False,0,
651239,,False,0,
651250,,False,0,
651251,,False,0,
651252,,False,0,
651259,,False,0,
651260,,False,0,
651261,,False,0,
651270,,False,0,
651276,,False,0,
651287,,False,0,
651337,,False,0,
651343,,False,0,
651345,,False,0,
651347,,False,0,
651732,,False,0,
651740,,False,0,
651834,,False,0,
651836,,False,0,
651842,,False,0,
651844,,False,0,
651846,,False,0,
651854,,False,0,
651860,,False,0,
651861,,False,0,
651863,,False,0,
651874,,False,0,
651907,,False,0,
651909,,False,0,
651912,,False,0,
651913,,False,0,
651915,,False,0,
651916,,False,0,
651917,,False,0,
651918,,False,0,
651919,,False,0,
651923,,False,0,
651924,,False,0,
651926,,False,0,
651933,,False,0,
652049,,False,0,
652055,,False,0,
652096,,False,0,
652120,,False,0,
652188,,False,0,
652192,,False,0,
652194,,False,0,
652400,,False,0,
652406,,False,0,
652408,,False,0,
652410,,False,0,
652422,,False,0,
652434,,False,0,
652598,,False,0,
652803,,False,0,
652872,,False,0,
652891,,False,0,
652896,,False,0,
652940,,False,0,
652966,,False,0,
652971,,False,0,
652976,,False,0,
652982,,False,0,
652984,,False,0,
652986,,False,0,
653081,,False,0,
653145,,False,0,
653162,,False,0,
653175,,False,0,
653201,,False,0,
653232,,False,0,
653233,,False,0,
653234,,False,0,
653241,,False,0,
653245,,False,0,
653407,,False,0,
653408,,False,0,
653409,,False,0,
653432,,False,0,
653443,,False,0,
653447,,False,0,
653448,,False,0,
653449,,False,0,
653453,,False,0,
653470,,False,0,
653482,,False,0,
653488,,False,0,
653539,,False,0,
653540,,False,0,
653541,,False,0,
653549,,False,0,
653562,,False,0,
653569,,False,0,
653572,,False,0,
653578,,False,0,
653606,,False,0,
653612,,False,0,
653614,,False,0,
653616,,False,0,
653620,,False,0,
653634,,False,0,
653640,,False,0,
653657,,False,0,
653712,,False,0,
653719,,False,0,
653733,,False,0,
653737,,False,0,
653765,,False,0,
653780,,False,0,
653789,,False,0,
653812,,False,0,
653829,,False,0,
653834,,False,0,
653835,,False,0,
653836,,False,0,
653860,,False,0,
653870,,False,0,
653947,,False,0,
653948,,False,0,
653949,,False,0,
653953,,False,0,
653954,,False,0,
653955,,False,0,
653959,,False,0,
653975,,False,0,
653979,,False,0,
654037,,False,0,
654045,,False,0,
654101,,False,0,
654118,,False,0,
654128,,False,0,
654137,,False,0,
654153,,False,0,
654171,,False,0,
654183,,False,0,
654184,,False,0,
654185,,False,0,
654186,,False,0,
654207,,False,0,
654220,,False,0,
654234,,False,0,
654235,,False,0,
654236,,False,0,
654237,,False,0,
654238,,False,0,
654239,,False,0,
654240,,False,0,
654243,,False,0,
654244,,False,0,
654245,,False,0,
654257,,False,0,
654258,,False,0,
654259,,False,0,
654274,,False,0,
654307,,False,0,
654320,,False,0,
654356,,False,0,
654357,,False,0,
654358,,False,0,
654365,,False,0,
654369,,False,0,
654381,,False,0,
654392,,False,0,
654393,,False,0,
654394,,False,0,
654457,,False,0,
654473,,False,0,
654494,,False,0,
654498,,False,0,
654505,,False,0,
654508,,False,0,
654509,,False,0,
654510,,False,0,
654562,,False,0,
654601,,False,0,
654638,,False,0,
654644,,False,0,
654645,,False,0,
654647,,False,0,
654693,,False,0,
654869,,False,0,
655048,,False,0,
655052,,False,0,
655058,,False,0,
655060,,False,0,
655234,,False,0,
655252,,False,0,
655253,,False,0,
655254,,False,0,
655255,,False,0,
655256,,False,0,
655257,,False,0,
655412,,False,0,
655418,,False,0,
655420,,False,0,
655422,,False,0,
655646,,False,0,
655659,,False,0,
655669,,False,0,
655810,,False,0,
655838,,False,0,
655880,,False,0,
655888,,False,0,
656247,,False,0,
656251,,False,0,
656259,,False,0,
656289,,False,0,
656356,,False,0,
656402,,False,0,
656408,,False,0,
656411,,False,0,
656413,,False,0,
656428,,False,0,
656443,,False,0,
656498,,False,0,
656525,,False,0,
656562,,False,0,
656575,,False,0,
656588,,False,0,
656610,,False,0,
656623,,False,0,
656645,,False,0,
656668,,False,0,
656675,,False,0,
656693,,False,0,
656705,,False,0,
656717,,False,0,
656760,,False,0,
656776,,False,0,
656797,,False,0,
656816,,False,0,
656829,,False,0,
656837,,False,0,
656855,,False,0,
656865,,False,0,
656887,,False,0,
656894,,False,0,
656906,,False,0,
656910,,False,0,
656911,,False,0,
656913,,False,0,
657021,,False,0,
657027,,False,0,
657028,,False,0,
657034,,False,0,
657038,,False,0,
657039,,False,0,
657041,,False,0,
657052,,False,0,
657105,,False,0,
657107,,False,0,
657108,,False,0,
657109,,False,0,
657110,,False,0,
657111,,False,0,
657131,,False,0,
657149,,False,0,
657150,,False,0,
657152,,False,0,
657166,,False,0,
657172,,False,0,
657178,,False,0,
657179,,False,0,
657181,,False,0,
657217,,False,0,
657295,,False,0,
657299,,False,0,
657301,,False,0,
657349,,False,0,
657379,,False,0,
657411,,False,0,
657422,,False,0,
657428,,False,0,
657429,,False,0,
657431,,False,0,
657454,,False,0,
657506,,False,0,
657508,,False,0,
657509,,False,0,
657510,,False,0,
657551,,False,0,
657584,,False,0,
657585,,False,0,
657586,,False,0,
657587,,False,0,
657588,,False,0,
657608,,False,0,
657609,,False,0,
657610,,False,0,
657614,,False,0,
657615,,False,0,
657616,,False,0,
657625,,False,0,
657626,,False,0,
657627,,False,0,
657632,,False,0,
657636,,False,0,
657640,,False,0,
657641,,False,0,
657642,,False,0,
657645,,False,0,
657672,,False,0,
657673,,False,0,
657674,,False,0,
657678,,False,0,
657679,,False,0,
657680,,False,0,
657691,,False,0,
657692,,False,0,
657693,,False,0,
657698,,False,0,
657715,,False,0,
657723,,False,0,
657789,,False,0,
657805,,False,0,
657850,,False,0,
657851,,False,0,
657853,,False,0,
657857,,False,0,
657863,,False,0,
657865,,False,0,
657866,,False,0,
657868,,False,0,
657923,,False,0,
658012,,False,0,
658014,,False,0,
658456,,False,0,
658460,,False,0,
658591,,False,0,
658597,,False,0,
658599,,False,0,
658601,,False,0,
658637,,False,0,
658766,,False,0,
658777,,False,0,
658799,,False,0,
658817,,False,0,
658961,,False,0,
659066,,False,0,
659141,,False,0,
659188,,False,0,
659261,,False,0,
659370,,False,0,
659529,,False,0,
659542,,False,0,
659558,,False,0,
659647,,False,0,
659653,,False,0,
659659,,False,0,
659660,,False,0,
659662,,False,0,
659673,,False,0,
659819,,False,0,
659821,,False,0,
659867,,False,0,
659871,,False,0,
659918,,False,0,
659926,,False,0,
659987,,False,0,
659991,,False,0,
660046,,False,0,
660052,,False,0,
660054,,False,0,
660151,,False,0,
660237,,False,0,
660355,,False,0,
660361,,False,0,
660363,,False,0,
660432,,False,0,
660434,,False,0,
660570,,False,0,
660572,,False,0,
660573,,False,0,
660574,,False,0,
660818,,False,0,
660824,,False,0,
660827,,False,0,
660829,,False,0,
660851,,False,0,
660884,,False,0,
660901,,False,0,
660924,,False,0,
660949,,False,0,
660991,,False,0,
661001,,False,0,
661026,,False,0,
661041,,False,0,
661059,,False,0,
661094,,False,0,
661110,,False,0,
661130,,False,0,
661146,,False,0,
661169,,False,0,
661200,,False,0,
661217,,False,0,
661226,,False,0,
661245,,False,0,
661253,,False,0,
661283,,False,0,
661299,,False,0,
661307,,False,0,
661314,,False,0,
661323,,False,0,
661338,,False,0,
661342,,False,0,
661343,,False,0,
661345,,False,0,
661824,,False,0,
661830,,False,0,
661831,,False,0,
661861,,False,0,
661915,,False,0,
662017,,False,0,
662039,,False,0,
662105,,False,0,
662125,,False,0,
662378,,False,0,
662384,,False,0,
662385,,False,0,
662387,,False,0,
662390,,False,0,
662413,,False,0,
662522,,False,0,
662576,,False,0,
662584,,False,0,
662618,,False,0,
662677,,False,0,
662693,,False,0,
662868,,False,0,
662903,,False,0,
662924,,False,0,
663033,,False,0,
663196,,False,0,
663202,,False,0,
663203,,False,0,
663205,,False,0,
663212,,False,0,
663216,,False,0,
663223,,False,0,
663229,,False,0,
663299,,False,0,
663673,,False,0,
663679,,False,0,
663680,,False,0,
663682,,False,0,
663862,,False,0,
663871,,False,0,
663951,,False,0,
664312,,False,0,
664369,,False,0,
664375,,False,0,
664376,,False,0,
664378,,False,0,
664980,,False,0,
665328,,False,0,
665334,,False,0,
665335,,False,0,
665337,,False,0,
665687,,False,0,
665885,,False,0,
665886,,False,0,
665892,,False,0,
665893,,False,0,
665895,,False,0,
666238,,False,0,
666280,,False,0,
666286,,False,0,
666289,,False,0,
666450,,False,0,
666734,,False,0,
666740,,False,0,
666746,,False,0,
666747,,False,0,
666749,,False,0,
666788,,False,0,
666799,,False,0,
666832,,False,0,
666837,,False,0,
667051,,False,0,
667062,,False,0,
667063,,False,0,
667064,,False,0,
667159,,False,0,
667222,,False,0,
667226,,False,0,
667324,,False,0,
667645,,False,0,
667649,,False,0,
667655,,False,0,
667656,,False,0,
667658,,False,0,
667743,,False,0,
667810,,False,0,
667910,,False,0,
668035,,False,0,
668100,,False,0,
668194,,False,0,
668198,,False,0,
668202,,False,0,
668511,,False,0,
668549,,False,0,
668554,,False,0,
668562,,False,0,
668580,,False,0,
668589,,False,0,
668594,,False,0,
668676,,False,0,
668682,,False,0,
668683,,False,0,
668685,,False,0,
668981,,False,0,
668993,,False,0,
668997,,False,0,
669055,,False,0,
669061,,False,0,
669062,,False,0,
669064,,False,0,
669112,,False,0,
669160,,False,0,
669377,,False,0,
669576,,False,0,
669670,,False,0,
669707,,False,0,
669723,,False,0,
669724,,False,0,
669725,,False,0,
669759,,False,0,
669767,,False,0,
669768,,False,0,
669771,,False,0,
669775,,False,0,
669778,,False,0,
669792,,False,0,
669839,,False,0,
669845,,False,0,
669850,,False,0,
669852,,False,0,
669907,,False,0,
669928,,False,0,
669979,,False,0,
669998,,False,0,
670015,,False,0,
670031,,False,0,
670055,,False,0,
670089,,False,0,
670102,,False,0,
670128,,False,0,
670143,,False,0,
670169,,False,0,
670192,,False,0,
670221,,False,0,
670231,,False,0,
670268,,False,0,
670282,,False,0,
670305,,False,0,
670314,,False,0,
670330,,False,0,
670368,,False,0,
670379,,False,0,
670399,,False,0,
670406,,False,0,
670418,,False,0,
670431,,False,0,
670435,,False,0,
670436,,False,0,
670437,,False,0,
670439,,False,0,
670516,,False,0,
670522,,False,0,
670526,,False,0,
670528,,False,0,
670593,,False,0,
670599,,False,0,
670601,,False,0,
670629,,False,0,
670733,,False,0,
670737,,False,0,
670869,,False,0,
670875,,False,0,
670877,,False,0,
670904,,False,0,
670909,,False,0,
670920,,False,0,
670922,,False,0,
670926,,False,0,
670927,,False,0,
670928,,False,0,
670931,,False,0,
670933,,False,0,
670981,,False,0,
671098,,False,0,
671182,,False,0,
671193,,False,0,
671194,,False,0,
671195,,False,0,
671199,,False,0,
671243,,False,0,
671296,,False,0,
671324,,False,0,
671325,,False,0,
671326,,False,0,
671329,,False,0,
671331,,False,0,
671382,,False,0,
671386,,False,0,
671659,,False,0,
671665,,False,0,
671667,,False,0,
671669,,False,0,
671672,,False,0,
671705,,False,0,
671713,,False,0,
671714,,False,0,
671715,,False,0,
671720,,False,0,
671839,,False,0,
671848,,False,0,
671906,,False,0,
671910,,False,0,
672172,,False,0,
672178,,False,0,
672180,,False,0,
672182,,False,0,
672492,,False,0,
672553,,False,0,
672564,,False,0,
672578,,False,0,
672639,,False,0,
672676,,False,0,
672756,,False,0,
672762,,False,0,
672764,,False,0,
672766,,False,0,
672909,,False,0,
673165,,False,0,
673225,,False,0,
673262,,False,0,
673380,,False,0,
673394,,False,0,
673488,,False,0,
673492,,False,0,
673493,,False,0,
673503,,False,0,
673509,,False,0,
673511,,False,0,
673513,,False,0,
673560,,False,0,
673561,,False,0,
673562,,False,0,
673572,,False,0,
673577,,False,0,
673582,,False,0,
673605,,False,0,
673606,,False,0,
673607,,False,0,
673610,,False,0,
673624,,False,0,
673627,,False,0,
673629,,False,0,
673707,,False,0,
673759,,False,0,
673852,,False,0,
673860,,False,0,
673926,,False,0,
674030,,False,0,
674074,,False,0,
674080,,False,0,
674082,,False,0,
674084,,False,0,
674156,,False,0,
674195,,False,0,
674211,,False,0,
674355,,False,0,
674359,,False,0,
674364,,False,0,
674400,,False,0,
674428,,False,0,
674486,,False,0,
674492,,False,0,
674493,,False,0,
674494,,False,0,
674546,,False,0,
674570,,False,0,
674622,,False,0,
674715,,False,0,
674733,,False,0,
674824,,False,0,
674830,,False,0,
674832,,False,0,
674834,,False,0,
674872,,False,0,
675021,,False,0,
675102,,False,0,
675143,,False,0,
675146,,False,0,
675152,,False,0,
675168,,False,0,
675251,,False,0,
675314,,False,0,
675410,,False,0,
675427,,False,0,
675433,,False,0,
675446,,False,0,
675458,,False,0,
675468,,False,0,
675471,,False,0,
675596,,False,0,
675692,,False,0,
675698,,False,0,
675699,,False,0,
675700,,False,0,
675702,,False,0,
675867,,False,0,
675868,,False,0,
675869,,False,0,
675878,,False,0,
675900,,False,0,
675937,,False,0,
675946,,False,0,
675955,,False,0,
675998,,False,0,
675999,,False,0,
676000,,False,0,
676020,,False,0,
676021,,False,0,
676022,,False,0,
676058,,False,0,
676063,,False,0,
676076,,False,0,
676077,,False,0,
676078,,False,0,
676128,,False,0,
676133,,False,0,
676139,,False,0,
676140,,False,0,
676142,,False,0,
676151,,False,0,
676236,,False,0,
676358,,False,0,
676362,,False,0,
676364,,False,0,
676488,,False,0,
676497,,False,0,
676498,,False,0,
676510,,False,0,
676519,,False,0,
676560,,False,0,
676655,,False,0,
676714,,False,0,
676720,,False,0,
676722,,False,0,
676724,,False,0,
676943,,False,0,
676954,,False,0,
677031,,False,0,
677301,,False,0,
677432,,False,0,
677441,,False,0,
677579,,False,0,
677687,,False,0,
677828,,False,0,
677888,,False,0,
677894,,False,0,
677900,,False,0,
677901,,False,0,
677903,,False,0,
677954,,False,0,
678067,,False,0,
678253,,False,0,
678259,,False,0,
678260,,False,0,
678262,,False,0,
678264,,False,0,
678284,,False,0,
678456,,False,0,
678464,,False,0,
678468,,False,0,
678571,,False,0,
678575,,False,0,
678798,,False,0,
678804,,False,0,
678805,,False,0,
678807,,False,0,
678809,,False,0,
678819,,False,0,
679317,,False,0,
679646,,False,0,
679653,,False,0,
679858,,False,0,
679861,,False,0,
679890,,False,0,
679896,,False,0,
679898,,False,0,
679913,,False,0,
679925,,False,0,
679936,,False,0,
679975,,False,0,
679986,,False,0,
680005,,False,0,
680011,,False,0,
680041,,False,0,
680052,,False,0,
680063,,False,0,
680073,,False,0,
680117,,False,0,
680125,,False,0,
680138,,False,0,
680154,,False,0,
680175,,False,0,
680188,,False,0,
680196,,False,0,
680205,,False,0,
680224,,False,0,
680262,,False,0,
680269,,False,0,
680288,,False,0,
680312,,False,0,
680322,,False,0,
680326,,False,0,
680327,,False,0,
680329,,False,0,
680397,,False,0,
680403,,False,0,
680407,,False,0,
680408,,False,0,
680410,,False,0,
680476,,False,0,
680482,,False,0,
680483,,False,0,
680485,,False,0,
680494,,False,0,
680563,,False,0,
680810,,False,0,
680838,,False,0,
680877,,False,0,
680883,,False,0,
680884,,False,0,
680886,,False,0,
680900,,False,0,
680938,,False,0,
680944,,False,0,
680984,,False,0,
681029,,False,0,
681045,,False,0,
681049,,False,0,
681050,,False,0,
681052,,False,0,
681141,,False,0,
681324,,False,0,
681335,,False,0,
681342,,False,0,
681348,,False,0,
681349,,False,0,
681351,,False,0,
681781,,False,0,
681796,,False,0,
681800,,False,0,
681878,,False,0,
682076,,False,0,
682156,,False,0,
682162,,False,0,
682315,,False,0,
682322,,False,0,
682328,,False,0,
682909,,False,0,
682911,,False,0,
682919,,False,0,
682925,,False,0,
682926,,False,0,
682928,,False,0,
683005,,False,0,
683117,,False,0,
683141,,False,0,
683145,,False,0,
683271,,False,0,
683326,,False,0,
683327,,False,0,
683328,,False,0,
683351,,False,0,
683355,,False,0,
683361,,False,0,
683362,,False,0,
683364,,False,0,
683440,,False,0,
683531,,False,0,
683548,,False,0,
683739,,False,0,
683788,,False,0,
683792,,False,0,
683798,,False,0,
683799,,False,0,
683801,,False,0,
683837,,False,0,
683863,,False,0,
683964,,False,0,
683977,,False,0,
684085,,False,0,
684094,,False,0,
684174,,False,0,
684180,,False,0,
684181,,False,0,
684183,,False,0,
684189,,False,0,
684198,,False,0,
684233,,False,0,
684327,,False,0,
684334,,False,0,
684335,,False,0,
684337,,False,0,
684339,,False,0,
684530,,False,0,
684543,,False,0,
684666,,False,0,
684671,,False,0,
684741,,False,0,
684772,,False,0,
684800,,False,0,
684815,,False,0,
684819,,False,0,
684835,,False,0,
684841,,False,0,
684842,,False,0,
684844,,False,0,
684930,,False,0,
685055,,False,0,
685122,,False,0,
685203,,False,0,
685215,,False,0,
685256,,False,0,
685262,,False,0,
685263,,False,0,
685265,,False,0,
685363,,False,0,
685367,,False,0,
685634,,False,0,
685640,,False,0,
685641,,False,0,
685643,,False,0,
685645,,False,0,
685751,,False,0,
685820,,False,0,
685824,,False,0,
685894,,False,0,
686049,,False,0,
686055,,False,0,
686056,,False,0,
686058,,False,0,
686060,,False,0,
686097,,False,0,
686202,,False,0,
686437,,False,0,
686593,,False,0,
686635,,False,0,
686641,,False,0,
686646,,False,0,
686648,,False,0,
686672,,False,0,
686708,,False,0,
686719,,False,0,
686739,,False,0,
686765,,False,0,
686773,,False,0,
686794,,False,0,
686823,,False,0,
686838,,False,0,
686862,,False,0,
686876,,False,0,
686885,,False,0,
686904,,False,0,
686917,,False,0,
686931,,False,0,
686949,,False,0,
686960,,False,0,
686987,,False,0,
687005,,False,0,
687026,,False,0,
687060,,False,0,
687071,,False,0,
687078,,False,0,
687101,,False,0,
687111,,False,0,
687113,,False,0,
687117,,False,0,
687118,,False,0,
687120,,False,0,
687130,,False,0,
687247,,False,0,
687252,,False,0,
687253,,False,0,
687367,,False,0,
687369,,False,0,
687515,,False,0,
687521,,False,0,
687522,,False,0,
687524,,False,0,
687526,,False,0,
687558,,False,0,
687562,,False,0,
687594,,False,0,
687598,,False,0,
687630,,False,0,
687634,,False,0,
687653,,False,0,
687654,,False,0,
687655,,False,0,
687656,,False,0,
687669,,False,0,
687680,,False,0,
687684,,False,0,
687697,,False,0,
687698,,False,0,
687893,,False,0,
687898,,False,0,
687934,,False,0,
688078,,False,0,
688145,,False,0,
688316,,False,0,
688323,,False,0,
688369,,False,0,
688375,,False,0,
688387,,False,0,
688393,,False,0,
688399,,False,0,
688400,,False,0,
688402,,False,0,
688404,,False,0,
688453,,False,0,
688454,,False,0,
688457,,False,0,
688638,,False,0,
688722,,False,0,
688723,,False,0,
688724,,False,0,
688775,,False,0,
688781,,False,0,
688823,,False,0,
688826,,False,0,
688833,,False,0,
688849,,False,0,
688850,,False,0,
688851,,False,0,
688872,,False,0,
688873,,False,0,
688874,,False,0,
689029,,False,0,
689042,,False,0,
689118,,False,0,
689119,,False,0,
689120,,False,0,
689135,,False,0,
689138,,False,0,
689142,,False,0,
689149,,False,0,
689155,,False,0,
689162,,False,0,
689165,,False,0,
689168,,False,0,
689184,,False,0,
689188,,False,0,
689193,,False,0,
689230,,False,0,
689268,,False,0,
689341,,False,0,
689347,,False,0,
689353,,False,0,
689354,,False,0,
689356,,False,0,
689442,,False,0,
689606,,False,0,
689612,,False,0,
689613,,False,0,
689615,,False,0,
689617,,False,0,
689889,,False,0,
690009,,False,0,
690013,,False,0,
690064,,False,0,
690070,,False,0,
690071,,False,0,
690073,,False,0,
690105,,False,0,
690269,,False,0,
690277,,False,0,
690319,,False,0,
690331,,False,0,
690335,,False,0,
690382,,False,0,
690522,,False,0,
690529,,False,0,
690530,,False,0,
690532,,False,0,
690534,,False,0,
690804,,False,0,
690810,,False,0,
690852,,False,0,
690855,,False,0,
690856,,False,0,
690972,,False,0,
691022,,False,0,
691028,,False,0,
691029,,False,0,
691031,,False,0,
691102,,False,0,
691455,,False,0,
691492,,False,0,
691498,,False,0,
691499,,False,0,
691501,,False,0,
691522,,False,0,
691565,,False,0,
691567,,False,0,
691568,,False,0,
691569,,False,0,
691605,,False,0,
691606,,False,0,
691608,,False,0,
691615,,False,0,
691616,,False,0,
691617,,False,0,
691624,,False,0,
691625,,False,0,
691626,,False,0,
691669,,False,0,
691670,,False,0,
691671,,False,0,
691683,,False,0,
691684,,False,0,
691685,,False,0,
691690,,False,0,
691691,,False,0,
691693,,False,0,
691699,,False,0,
691703,,False,0,
691704,,False,0,
691706,,False,0,
691742,,False,0,
691749,,False,0,
691919,,False,0,
691936,,False,0,
691991,,False,0,
692008,,False,0,
692018,,False,0,
692024,,False,0,
692025,,False,0,
692027,,False,0,
692085,,False,0,
692382,,False,0,
692388,,False,0,
692389,,False,0,
692391,,False,0,
692462,,False,0,
692560,,False,0,
692573,,False,0,
692579,,False,0,
692741,,False,0,
692751,,False,0,
692754,,False,0,
692761,,False,0,
692764,,False,0,
692778,,False,0,
692894,,False,0,
692918,,False,0,
692942,,False,0,
692948,,False,0,
692949,,False,0,
692951,,False,0,
692958,,False,0,
693119,,False,0,
693180,,False,0,
693374,,False,0,
693381,,False,0,
693443,,False,0,
693452,,False,0,
693661,,False,0,
693667,,False,0,
693671,,False,0,
693672,,False,0,
693674,,False,0,
693676,,False,0,
693808,,False,0,
693892,,False,0,
693898,,False,0,
693899,,False,0,
693901,,False,0,
693978,,False,0,
694041,,False,0,
694045,,False,0,
694080,,False,0,
694123,,False,0,
694163,,False,0,
694166,,False,0,
694187,,False,0,
694209,,False,0,
694214,,False,0,
694215,,False,0,
694216,,False,0,
694225,,False,0,
694228,,False,0,
694231,,False,0,
694242,,False,0,
694247,,False,0,
694256,,False,0,
694266,,False,0,
694272,,False,0,
694273,,False,0,
694276,,False,0,
694280,,False,0,
694281,,False,0,
694283,,False,0,
694418,,False,0,
694473,,False,0,
694604,,False,0,
694610,,False,0,
694611,,False,0,
694613,,False,0,
694615,,False,0,
694950,,False,0,
695079,,False,0,
695085,,False,0,
695086,,False,0,
695088,,False,0,
695090,,False,0,
695097,,False,0,
695118,,False,0,
695138,,False,0,
695144,,False,0,
695156,,False,0,
695165,,False,0,
695178,,False,0,
695195,,False,0,
695202,,False,0,
695222,,False,0,
695256,,False,0,
695265,,False,0,
695285,,False,0,
695298,,False,0,
695304,,False,0,
695317,,False,0,
695330,,False,0,
695339,,False,0,
695353,,False,0,
695359,,False,0,
695382,,False,0,
695389,,False,0,
695401,,False,0,
695430,,False,0,
695443,,False,0,
695464,,False,0,
695465,,False,0,
695470,,False,0,
695474,,False,0,
695476,,False,0,
695509,,False,0,
695564,,False,0,
695644,,False,0,
695650,,False,0,
695652,,False,0,
695658,,False,0,
695673,,False,0,
695675,,False,0,
696231,,False,0,
696235,,False,0,
696241,,False,0,
696277,,False,0,
696282,,False,0,
696289,,False,0,
696290,,False,0,
696291,,False,0,
696294,,False,0,
696296,,False,0,
696470,,False,0,
696493,,False,0,
696819,,False,0,
696846,,False,0,
696847,,False,0,
696848,,False,0,
696849,,False,0,
696850,,False,0,
696851,,False,0,
696852,,False,0,
696853,,False,0,
696854,,False,0,
697119,,False,0,
697125,,False,0,
697192,,False,0,
697197,,False,0,
697203,,False,0,
697204,,False,0,
697206,,False,0,
697321,,False,0,
697598,,False,0,
697613,,False,0,
697626,,False,0,
697693,,False,0,
697752,,False,0,
697758,,False,0,
697759,,False,0,
697761,,False,0,
697763,,False,0,
697764,,False,0,
697780,,False,0,
697791,,False,0,
698301,,False,0,
698305,,False,0,
698309,,False,0,
698311,,False,0,
698632,,False,0,
698643,,False,0,
698645,,False,0,
698651,,False,0,
698652,,False,0,
698654,,False,0,
698656,,False,0,
698723,,False,0,
699255,,False,0,
699261,,False,0,
699511,,False,0,
699517,,False,0,
699518,,False,0,
699520,,False,0,
699522,,False,0,
699741,,False,0,
699956,,False,0,
700232,,False,0,
700235,,False,0,
700245,,False,0,
700251,,False,0,
700252,,False,0,
700254,,False,0,
700256,,False,0,
700335,,False,0,
700537,,False,0,
700545,,False,0,
700620,,False,0,
700628,,False,0,
700726,,False,0,
700826,,False,0,
700843,,False,0,
700936,,False,0,
700983,,False,0,
700997,,False,0,
701006,,False,0,
701113,,False,0,
701119,,False,0,
701120,,False,0,
701122,,False,0,
701124,,False,0,
701516,,False,0,
701517,,False,0,
701518,,False,0,
701743,,False,0,
701747,,False,0,
701836,,False,0,
701843,,False,0,
701865,,False,0,
702056,,False,0,
702063,,False,0,
702064,,False,0,
702065,,False,0,
702190,,False,0,
702197,,False,0,
702202,,False,0,
702204,,False,0,
702205,,False,0,
702206,,False,0,
702207,,False,0,
702208,,False,0,
702209,,False,0,
702210,,False,0,
702211,,False,0,
702212,,False,0,
702222,,False,0,
702247,,False,0,
702248,,False,0,
702249,,False,0,
702250,,False,0,
702251,,False,0,
702264,,False,0,
702282,,False,0,
702288,,False,0,
702289,,False,0,
702291,,False,0,
702298,,False,0,
702330,,False,0,
702392,,False,0,
702394,,False,0,
702427,,False,0,
702463,,False,0,
702464,,False,0,
702465,,False,0,
702468,,False,0,
702472,,False,0,
702473,,False,0,
702475,,False,0,
702482,,False,0,
702528,,False,0,
702530,,False,0,
702535,,False,0,
702536,,False,0,
702537,,False,0,
702567,,False,0,
702577,,False,0,
702596,,False,0,
702680,,False,0,
702690,,False,0,
702691,,False,0,
702692,,False,0,
702696,,False,0,
702697,,False,0,
702699,,False,0,
702702,,False,0,
702708,,False,0,
702709,,False,0,
702712,,False,0,
702714,,False,0,
702745,,False,0,
702754,,False,0,
702783,,False,0,
702791,,False,0,
702800,,False,0,
702827,,False,0,
702859,,False,0,
702865,,False,0,
702896,,False,0,
702914,,False,0,
702929,,False,0,
702943,,False,0,
702975,,False,0,
702989,,False,0,
702997,,False,0,
703008,,False,0,
703048,,False,0,
703060,,False,0,
703080,,False,0,
703100,,False,0,
703110,,False,0,
703126,,False,0,
703138,,False,0,
703149,,False,0,
703159,,False,0,
703163,,False,0,
703164,,False,0,
703166,,False,0,
703249,,False,0,
703262,,False,0,
703266,,False,0,
703267,,False,0,
703269,,False,0,
703283,,False,0,
703333,,False,0,
703375,,False,0,
703386,,False,0,
703392,,False,0,
703393,,False,0,
703395,,False,0,
703452,,False,0,
703660,,False,0,
703743,,False,0,
703745,,False,0,
703759,,False,0,
703785,,False,0,
703790,,False,0,
703941,,False,0,
703957,,False,0,
703963,,False,0,
703964,,False,0,
703966,,False,0,
703978,,False,0,
703988,,False,0,
704016,,False,0,
704031,,False,0,
704037,,False,0,
704041,,False,0,
704043,,False,0,
704045,,False,0,
704073,,False,0,
704266,,False,0,
704277,,False,0,
704513,,False,0,
704534,,False,0,
704722,,False,0,
704728,,False,0,
704730,,False,0,
704732,,False,0,
705162,,False,0,
705181,,False,0,
705303,,False,0,
705312,,False,0,
705318,,False,0,
705325,,False,0,
705327,,False,0,
705329,,False,0,
705538,,False,0,
705542,,False,0,
705622,,False,0,
705632,,False,0,
705679,,False,0,
705789,,False,0,
705799,,False,0,
705928,,False,0,
705934,,False,0,
705936,,False,0,
705938,,False,0,
705962,,False,0,
706015,,False,0,
706085,,False,0,
706117,,False,0,
706129,,False,0,
706130,,False,0,
706204,,False,0,
706265,,False,0,
706306,,False,0,
706310,,False,0,
706360,,False,0,
706364,,False,0,
706369,,False,0,
706422,,False,0,
706443,,False,0,
706604,,False,0,
706607,,False,0,
706612,,False,0,
706662,,False,0,
706683,,False,0,
706687,,False,0,
706698,,False,0,
706725,,False,0,
706731,,False,0,
706755,,False,0,
706761,,False,0,
706763,,False,0,
706765,,False,0,
706982,,False,0,
707001,,False,0,
707005,,False,0,
707017,,False,0,
707046,,False,0,
707064,,False,0,
707068,,False,0,
707071,,False,0,
707095,,False,0,
707102,,False,0,
707103,,False,0,
707104,,False,0,
707159,,False,0,
707163,,False,0,
707296,,False,0,
707351,,False,0,
707352,,False,0,
707353,,False,0,
707359,,False,0,
707382,,False,0,
707388,,False,0,
707394,,False,0,
707396,,False,0,
707398,,False,0,
707443,,False,0,
707461,,False,0,
707472,,False,0,
707491,,False,0,
707515,,False,0,
707537,,False,0,
707548,,False,0,
707556,,False,0,
707717,,False,0,
707816,,False,0,
707834,,False,0,
707844,,False,0,
707880,,False,0,
707887,,False,0,
707911,,False,0,
707932,,False,0,
707945,,False,0,
707979,,False,0,
708002,,False,0,
708103,,False,0,
708104,,False,0,
708165,,False,0,
708171,,False,0,
708173,,False,0,
708179,,False,0,
708343,,False,0,
708351,,False,0,
708545,,False,0,
708869,,False,0,
708873,,False,0,
708874,,False,0,
708875,,False,0,
708876,,False,0,
708908,,False,0,
708912,,False,0,
708918,,False,0,
708920,,False,0,
708925,,False,0,
708927,,False,0,
708992,,False,0,
709104,,False,0,
709120,,False,0,
709181,,False,0,
709418,,False,0,
709436,,False,0,
709598,,False,0,
709645,,False,0,
709667,,False,0,
709670,,False,0,
709788,,False,0,
709797,,False,0,
710108,,False,0,
710118,,False,0,
710119,,False,0,
710146,,False,0,
710167,,False,0,
710204,,False,0,
710273,,False,0,
710285,,False,0,
710286,,False,0,
710287,,False,0,
710288,,False,0,
710289,,False,0,
710328,,False,0,
710358,,False,0,
710371,,False,0,
710375,,False,0,
710379,,False,0,
710385,,False,0,
710414,,False,0,
710415,,False,0,
710416,,False,0,
710455,,False,0,
710463,,False,0,
710479,,False,0,
710492,,False,0,
710501,,False,0,
710512,,False,0,
710530,,False,0,
710537,,False,0,
710548,,False,0,
710584,,False,0,
710603,,False,0,
710660,,False,0,
710743,,False,0,
710761,,False,0,
710766,,False,0,
710777,,False,0,
710785,,False,0,
710812,,False,0,
710813,,False,0,
710814,,False,0,
710815,,False,0,
710816,,False,0,
710817,,False,0,
710818,,False,0,
710999,,False,0,
711017,,False,0,
711023,,False,0,
711025,,False,0,
711031,,False,0,
711032,,False,0,
711043,,False,0,
711077,,False,0,
711081,,False,0,
711085,,False,0,
711086,,False,0,
711088,,False,0,
711102,,False,0,
711152,,False,0,
711186,,False,0,
711188,,False,0,
711218,,False,0,
711222,,False,0,
711226,,False,0,
711240,,False,0,
711251,,False,0,
711255,,False,0,
711256,,False,0,
711257,,False,0,
711268,,False,0,
711269,,False,0,
711270,,False,0,
711364,,False,0,
711368,,False,0,
711418,,False,0,
711424,,False,0,
711425,,False,0,
711427,,False,0,
711429,,False,0,
711470,,False,0,
711480,,False,0,
711483,,False,0,
711485,,False,0,
711508,,False,0,
711558,,False,0,
711602,,False,0,
711606,,False,0,
711610,,False,0,
711614,,False,0,
711618,,False,0,
711622,,False,0,
711634,,False,0,
711645,,False,0,
711662,,False,0,
711666,,False,0,
711667,,False,0,
711668,,False,0,
711673,,False,0,
711685,,False,0,
711763,,False,0,
711768,,False,0,
711775,,False,0,
711779,,False,0,
711795,,False,0,
711825,,False,0,
711829,,False,0,
711860,,False,0,
711868,,False,0,
711919,,False,0,
711920,,False,0,
711921,,False,0,
711928,,False,0,
711943,,False,0,
711951,,False,0,
711957,,False,0,
711959,,False,0,
711966,,False,0,
711973,,False,0,
711980,,False,0,
711987,,False,0,
711999,,False,0,
712006,,False,0,
712014,,False,0,
712018,,False,0,
712025,,False,0,
712032,,False,0,
712039,,False,0,
712046,,False,0,
712055,,False,0,
712062,,False,0,
712072,,False,0,
712079,,False,0,
712086,,False,0,
712093,,False,0,
712100,,False,0,
712107,,False,0,
712116,,False,0,
712123,,False,0,
712130,,False,0,
712137,,False,0,
712146,,False,0,
712153,,False,0,
712160,,False,0,
712167,,False,0,
712172,,False,0,
712177,,False,0,
712184,,False,0,
712191,,False,0,
712198,,False,0,
712205,,False,0,
712212,,False,0,
712220,,False,0,
712226,,False,0,
712228,,False,0,
712262,,False,0,
712290,,False,0,
712305,,False,0,
712312,,False,0,
712321,,False,0,
712340,,False,0,
712359,,False,0,
712370,,False,0,
712383,,False,0,
712414,,False,0,
712451,,False,0,
712458,,False,0,
712482,,False,0,
712508,,False,0,
712525,,False,0,
712534,,False,0,
712547,,False,0,
712577,,False,0,
712584,,False,0,
712622,,False,0,
712634,,False,0,
712658,,False,0,
712665,,False,0,
712676,,False,0,
712690,,False,0,
712694,,False,0,
712695,,False,0,
712697,,False,0,
712786,,False,0,
712792,,False,0,
712796,,False,0,
712797,,False,0,
712799,,False,0,
712801,,False,0,
713028,,False,0,
713035,,False,0,
713036,,False,0,
713037,,False,0,
713067,,False,0,
713073,,False,0,
713074,,False,0,
713076,,False,0,
713078,,False,0,
713103,,False,0,
713118,,False,0,
713122,,False,0,
713126,,False,0,
713131,,False,0,
713135,,False,0,
713168,,False,0,
713177,,False,0,
713202,,False,0,
713203,,False,0,
713204,,False,0,
713212,,False,0,
713216,,False,0,
713220,,False,0,
713227,,False,0,
713235,,False,0,
713243,,False,0,
713246,,False,0,
713248,,False,0,
713252,,False,0,
713302,,False,0,
713306,,False,0,
713310,,False,0,
713336,,False,0,
713340,,False,0,
713427,,False,0,
713431,,False,0,
713432,,False,0,
713433,,False,0,
713437,,False,0,
713448,,False,0,
713463,,False,0,
713473,,False,0,
713477,,False,0,
713559,,False,0,
713563,,False,0,
713580,,False,0,
713581,,False,0,
713582,,False,0,
713611,,False,0,
713618,,False,0,
713642,,False,0,
713668,,False,0,
713672,,False,0,
713690,,False,0,
713699,,False,0,
713709,,False,0,
713716,,False,0,
713745,,False,0,
713750,,False,0,
713754,,False,0,
713758,,False,0,
713759,,False,0,
713760,,False,0,
713773,,False,0,
713777,,False,0,
713788,,False,0,
713797,,False,0,
713845,,False,0,
713850,,False,0,
713853,,False,0,
713857,,False,0,
713868,,False,0,
713881,,False,0,
713891,,False,0,
713895,,False,0,
713906,,False,0,
714063,,False,0,
714068,,False,0,
714074,,False,0,
714075,,False,0,
714076,,False,0,
714082,,False,0,
714083,,False,0,
714084,,False,0,
714097,,False,0,
714098,,False,0,
714099,,False,0,
714104,,False,0,
714107,,False,0,
714110,,False,0,
714115,,False,0,
714120,,False,0,
714125,,False,0,
714130,,False,0,
714131,,False,0,
714132,,False,0,
714138,,False,0,
714139,,False,0,
714140,,False,0,
714141,,False,0,
714142,,False,0,
714162,,False,0,
714166,,False,0,
714169,,False,0,
714179,,False,0,
714182,,False,0,
714186,,False,0,
714192,,False,0,
714193,,False,0,
714195,,False,0,
714271,,False,0,
714277,,False,0,
714278,,False,0,
714280,,False,0,
714282,,False,0,
714291,,False,0,
714315,,False,0,
714321,,False,0,
714325,,False,0,
714326,,False,0,
714328,,False,0,
714330,,False,0,
714394,,False,0,
714415,,False,0,
714420,,False,0,
714424,,False,0,
714433,,False,0,
714439,,False,0,
714443,,False,0,
714444,,False,0,
714446,,False,0,
714451,,False,0,
714463,,False,0,
714524,,False,0,
714526,,False,0,
714580,,False,0,
714586,,False,0,
714588,,False,0,
714590,,False,0,
714691,,False,0,
714723,,False,0,
714732,,False,0,
714796,,False,0,
714804,,False,0,
714810,,False,0,
714826,,False,0,
714829,,False,0,
714830,,False,0,
714831,,False,0,
714842,,False,0,
714843,,False,0,
714844,,False,0,
714864,,False,0,
714870,,False,0,
714879,,False,0,
714880,,False,0,
714882,,False,0,
714907,,False,0,
714929,,False,0,
714935,,False,0,
714936,,False,0,
714938,,False,0,
715001,,False,0,
715007,,False,0,
715008,,False,0,
715010,,False,0,
715059,,False,0,
715062,,False,0,
715068,,False,0,
715074,,False,0,
715075,,False,0,
715077,,False,0,
715084,,False,0,
715120,,False,0,
715164,,False,0,
715169,,False,0,
715173,,False,0,
715174,,False,0,
715176,,False,0,
715183,,False,0,
715214,,False,0,
715223,,False,0,
715224,,False,0,
715226,,False,0,
715240,,False,0,
715269,,False,0,
715281,,False,0,
715287,,False,0,
715289,,False,0,
715306,,False,0,
715308,,False,0,
715321,,False,0,
715447,,False,0,
715497,,False,0,
715501,,False,0,
715520,,False,0,
715524,,False,0,
715528,,False,0,
715561,,False,0,
715606,,False,0,
715615,,False,0,
715630,,False,0,
715662,,False,0,
715708,,False,0,
715709,,False,0,
715711,,False,0,
715717,,False,0,
715719,,False,0,
715778,,False,0,
715819,,False,0,
715844,,False,0,
715861,,False,0,
715881,,False,0,
715919,,False,0,
715947,,False,0,
715970,,False,0,
715985,,False,0,
716007,,False,0,
716018,,False,0,
716054,,False,0,
716067,,False,0,
716084,,False,0,
716103,,False,0,
716122,,False,0,
716136,,False,0,
716161,,False,0,
716168,,False,0,
716177,,False,0,
716199,,False,0,
716219,,False,0,
716241,,False,0,
716256,,False,0,
716274,,False,0,
716282,,False,0,
716286,,False,0,
716288,,False,0,
716290,,False,0,
716296,,False,0,
716336,,False,0,
716425,,False,0,
716442,,False,0,
716484,,False,0,
716488,,False,0,
716580,,False,0,
716584,,False,0,
716661,,False,0,
716665,,False,0,
716744,,False,0,
716750,,False,0,
716752,,False,0,
716754,,False,0,
716906,,False,0,
716918,,False,0,
717099,,False,0,
717196,,False,0,
717227,,False,0,
717289,,False,0,
717295,,False,0,
717297,,False,0,
717299,,False,0,
717372,,False,0,
717410,,False,0,
717499,,False,0,
717507,,False,0,
717584,,False,0,
717590,,False,0,
717607,,False,0,
717611,,False,0,
717612,,False,0,
717613,,False,0,
717618,,False,0,
717681,,False,0,
717807,,False,0,
717815,,False,0,
717847,,False,0,
717851,,False,0,
717852,,False,0,
717854,,False,0,
717863,,False,0,
717891,,False,0,
717893,,False,0,
717940,,False,0,
717946,,False,0,
717947,,False,0,
717949,,False,0,
717956,,False,0,
717990,,False,0,
717992,,False,0,
717993,,False,0,
717997,,False,0,
718001,,False,0,
718003,,False,0,
718005,,False,0,
718020,,False,0,
718137,,False,0,
718145,,False,0,
718181,,False,0,
718185,,False,0,
718186,,False,0,
718189,,False,0,
718193,,False,0,
718195,,False,0,
718196,,False,0,
718374,,False,0,
718380,,False,0,
718381,,False,0,
718383,,False,0,
718533,,False,0,
718583,,False,0,
718589,,False,0,
718590,,False,0,
718592,,False,0,
718656,,False,0,
718818,,False,0,
718820,,False,0,
718881,,False,0,
718937,,False,0,
719003,,False,0,
719023,,False,0,
719085,,False,0,
719086,,False,0,
719088,,False,0,
719095,,False,0,
719101,,False,0,
719103,,False,0,
719208,,False,0,
719267,,False,0,
719273,,False,0,
719277,,False,0,
719278,,False,0,
719280,,False,0,
719293,,False,0,
719412,,False,0,
719414,,False,0,
719501,,False,0,
719513,,False,0,
719517,,False,0,
719528,,False,0,
719532,,False,0,
719533,,False,0,
719535,,False,0,
719549,,False,0,
719611,,False,0,
719617,,False,0,
719619,,False,0,
719633,,False,0,
719635,,False,0,
719694,,False,0,
719708,,False,0,
719758,,False,0,
719773,,False,0,
719774,,False,0,
719776,,False,0,
719829,,False,0,
719988,,False,0,
719990,,False,0,
720078,,False,0,
720084,,False,0,
720085,,False,0,
720087,,False,0,
720091,,False,0,
720102,,False,0,
720110,,False,0,
720143,,False,0,
720145,,False,0,
720183,,False,0,
720186,,False,0,
720188,,False,0,
720219,,False,0,
720239,,False,0,
720240,,False,0,
720241,,False,0,
720244,,False,0,
720248,,False,0,
720250,,False,0,
720252,,False,0,
720257,,False,0,
720650,,False,0,
720666,,False,0,
720672,,False,0,
720674,,False,0,
720676,,False,0,
720710,,False,0,
720748,,False,0,
720773,,False,0,
720784,,False,0,
720818,,False,0,
720848,,False,0,
720852,,False,0,
720855,,False,0,
720881,,False,0,
720891,,False,0,
720967,,False,0,
720977,,False,0,
721011,,False,0,
721051,,False,0,
721181,,False,0,
721191,,False,0,
721195,,False,0,
721260,,False,0,
721267,,False,0,
721308,,False,0,
721314,,False,0,
721316,,False,0,
721318,,False,0,
721566,,False,0,
721609,,False,0,
721658,,False,0,
721708,,False,0,
721729,,False,0,
721743,,False,0,
721769,,False,0,
721805,,False,0,
721810,,False,0,
721822,,False,0,
721952,,False,0,
721959,,False,0,
721968,,False,0,
721971,,False,0,
721980,,False,0,
721987,,False,0,
721988,,False,0,
721989,,False,0,
722161,,False,0,
722167,,False,0,
722179,,False,0,
722184,,False,0,
722185,,False,0,
722186,,False,0,
722198,,False,0,
722214,,False,0,
722219,,False,0,
722236,,False,0,
722245,,False,0,
722251,,False,0,
722252,,False,0,
722254,,False,0,
722284,,False,0,
722369,,False,0,
722371,,False,0,
722376,,False,0,
722377,,False,0,
722378,,False,0,
722408,,False,0,
722447,,False,0,
722453,,False,0,
722457,,False,0,
722458,,False,0,
722460,,False,0,
722488,,False,0,
722530,,False,0,
722532,,False,0,
722555,,False,0,
722558,,False,0,
722565,,False,0,
722571,,False,0,
722573,,False,0,
722582,,False,0,
722587,,False,0,
722594,,False,0,
722601,,False,0,
722608,,False,0,
722613,,False,0,
722620,,False,0,
722627,,False,0,
722634,,False,0,
722641,,False,0,
722648,,False,0,
722655,,False,0,
722662,,False,0,
722672,,False,0,
722679,,False,0,
722686,,False,0,
722691,,False,0,
722698,,False,0,
722705,,False,0,
722709,,False,0,
722717,,False,0,
722724,,False,0,
722729,,False,0,
722736,,False,0,
722747,,False,0,
722754,,False,0,
722759,,False,0,
722764,,False,0,
722771,,False,0,
722778,,False,0,
722785,,False,0,
722790,,False,0,
722795,,False,0,
722803,,False,0,
722809,,False,0,
722810,,False,0,
722813,,False,0,
722815,,False,0,
722837,,False,0,
722871,,False,0,
722888,,False,0,
722904,,False,0,
722913,,False,0,
722924,,False,0,
722968,,False,0,
722976,,False,0,
722994,,False,0,
723010,,False,0,
723042,,False,0,
723052,,False,0,
723068,,False,0,
723079,,False,0,
723103,,False,0,
723115,,False,0,
723144,,False,0,
723150,,False,0,
723157,,False,0,
723209,,False,0,
723220,,False,0,
723237,,False,0,
723247,,False,0,
723266,,False,0,
723274,,False,0,
723275,,False,0,
723282,,False,0,
723286,,False,0,
723287,,False,0,
723289,,False,0,
723295,,False,0,
723297,,False,0,
723301,,False,0,
723302,,False,0,
723304,,False,0,
723321,,False,0,
723347,,False,0,
723349,,False,0,
723397,,False,0,
723463,,False,0,
723469,,False,0,
723471,,False,0,
723473,,False,0,
723673,,False,0,
723687,,False,0,
723800,,False,0,
723804,,False,0,
723805,,False,0,
723806,,False,0,
723807,,False,0,
723808,,False,0,
723817,,False,0,
723818,,False,0,
723819,,False,0,
723824,,False,0,
723825,,False,0,
723826,,False,0,
723827,,False,0,
723828,,False,0,
723832,,False,0,
723856,,False,0,
723864,,False,0,
723865,,False,0,
723866,,False,0,
723886,,False,0,
723890,,False,0,
723983,,False,0,
723999,,False,0,
724091,,False,0,
724097,,False,0,
724102,,False,0,
724104,,False,0,
724106,,False,0,
724181,,False,0,
724213,,False,0,
724221,,False,0,
724232,,False,0,
724258,,False,0,
724287,,False,0,
724288,,False,0,
724289,,False,0,
724316,,False,0,
724317,,False,0,
724318,,False,0,
724353,,False,0,
724354,,False,0,
724355,,False,0,
724406,,False,0,
724446,,False,0,
724490,,False,0,
724496,,False,0,
724558,,False,0,
724583,,False,0,
724592,,False,0,
724600,,False,0,
724604,,False,0,
724605,,False,0,
724606,,False,0,
724629,,False,0,
724640,,False,0,
724673,,False,0,
724679,,False,0,
724685,,False,0,
724686,,False,0,
724688,,False,0,
724714,,False,0,
724768,,False,0,
724821,,False,0,
724841,,False,0,
724850,,False,0,
724851,,False,0,
724855,,False,0,
724859,,False,0,
724860,,False,0,
724862,,False,0,
724887,,False,0,
724971,,False,0,
725024,,False,0,
725030,,False,0,
725032,,False,0,
725101,,False,0,
725103,,False,0,
725553,,False,0,
725616,,False,0,
725630,,False,0,
725734,,False,0,
725802,,False,0,
725868,,False,0,
725874,,False,0,
725876,,False,0,
725880,,False,0,
726246,,False,0,
726265,,False,0,
726274,,False,0,
726329,,False,0,
726365,,False,0,
726743,,False,0,
726759,,False,0,
726765,,False,0,
726766,,False,0,
726768,,False,0,
726776,,False,0,
726812,,False,0,
726815,,False,0,
726818,,False,0,
726820,,False,0,
726822,,False,0,
727025,,False,0,
727046,,False,0,
727050,,False,0,
727138,,False,0,
727175,,False,0,
727327,,False,0,
727366,,False,0,
727457,,False,0,
727463,,False,0,
727465,,False,0,
727467,,False,0,
727533,,False,0,
727551,,False,0,
727552,,False,0,
727614,,False,0,
727615,,False,0,
727816,,False,0,
727820,,False,0,
728063,,False,0,
728064,,False,0,
728065,,False,0,
728137,,False,0,
728138,,False,0,
728139,,False,0,
728152,,False,0,
728212,,False,0,
728255,,False,0,
728259,,False,0,
728292,,False,0,
728311,,False,0,
728317,,False,0,
728318,,False,0,
728319,,False,0,
728374,,False,0,
728502,,False,0,
728587,,False,0,
728591,,False,0,
728593,,False,0,
728675,,False,0,
728677,,False,0,
728716,,False,0,
728720,,False,0,
728724,,False,0,
728759,,False,0,
728767,,False,0,
728771,,False,0,
728777,,False,0,
728783,,False,0,
728787,,False,0,
728791,,False,0,
728792,,False,0,
728793,,False,0,
728810,,False,0,
728816,,False,0,
728817,,False,0,
728821,,False,0,
728917,,False,0,
728927,,False,0,
728962,,False,0,
728966,,False,0,
728967,,False,0,
728968,,False,0,
728973,,False,0,
728980,,False,0,
728987,,False,0,
729031,,False,0,
729071,,False,0,
729072,,False,0,
729073,,False,0,
729097,,False,0,
729098,,False,0,
729099,,False,0,
729103,,False,0,
729104,,False,0,
729105,,False,0,
729155,,False,0,
729181,,False,0,
729193,,False,0,
729197,,False,0,
729221,,False,0,
729290,,False,0,
729297,,False,0,
729329,,False,0,
729336,,False,0,
729337,,False,0,
729338,,False,0,
729346,,False,0,
729347,,False,0,
729348,,False,0,
729381,,False,0,
729387,,False,0,
729391,,False,0,
729395,,False,0,
729410,,False,0,
729419,,False,0,
729423,,False,0,
729427,,False,0,
729433,,False,0,
729435,,False,0,
729468,,False,0,
729479,,False,0,
729516,,False,0,
729539,,False,0,
729581,,False,0,
729606,,False,0,
729619,,False,0,
729643,,False,0,
729660,,False,0,
729668,,False,0,
729679,,False,0,
729686,,False,0,
729700,,False,0,
729711,,False,0,
729747,,False,0,
729754,,False,0,
729767,,False,0,
729783,,False,0,
729797,,False,0,
729824,,False,0,
729862,,False,0,
729877,,False,0,
729899,,False,0,
729906,,False,0,
729922,,False,0,
729926,,False,0,
729927,,False,0,
729929,,False,0,
729938,,False,0,
729990,,False,0,
729999,,False,0,
730000,,False,0,
730002,,False,0,
730004,,False,0,
730030,,False,0,
730031,,False,0,
730032,,False,0,
730056,,False,0,
730060,,False,0,
730135,,False,0,
730140,,False,0,
730145,,False,0,
730150,,False,0,
730155,,False,0,
730160,,False,0,
730164,,False,0,
730168,,False,0,
730173,,False,0,
730177,,False,0,
730182,,False,0,
730183,,False,0,
730184,,False,0,
730196,,False,0,
730197,,False,0,
730198,,False,0,
730212,,False,0,
730216,,False,0,
730219,,False,0,
730229,,False,0,
730240,,False,0,
730250,,False,0,
730254,,False,0,
730257,,False,0,
730263,,False,0,
730266,,False,0,
730269,,False,0,
730270,,False,0,
730271,,False,0,
730283,,False,0,
730289,,False,0,
730291,,False,0,
730293,,False,0,
730304,,False,0,
730308,,False,0,
730325,,False,0,
730333,,False,0,
730352,,False,0,
730356,,False,0,
730428,,False,0,
730432,,False,0,
730439,,False,0,
730448,,False,0,
730452,,False,0,
730500,,False,0,
730515,,False,0,
730589,,False,0,
730597,,False,0,
730601,,False,0,
730604,,False,0,
730608,,False,0,
730633,,False,0,
730637,,False,0,
730641,,False,0,
730645,,False,0,
730649,,False,0,
730653,,False,0,
730657,,False,0,
730658,,False,0,
730659,,False,0,
730663,,False,0,
730675,,False,0,
730693,,False,0,
730698,,False,0,
730702,,False,0,
730707,,False,0,
730711,,False,0,
730736,,False,0,
730740,,False,0,
730792,,False,0,
730799,,False,0,
730806,,False,0,
730821,,False,0,
730825,,False,0,
730829,,False,0,
730833,,False,0,
730837,,False,0,
730842,,False,0,
730843,,False,0,
730844,,False,0,
730869,,False,0,
730880,,False,0,
730884,,False,0,
730888,,False,0,
730943,,False,0,
730947,,False,0,
730950,,False,0,
730953,,False,0,
730954,,False,0,
730955,,False,0,
730960,,False,0,
730976,,False,0,
730979,,False,0,
730983,,False,0,
730985,,False,0,
731609,,False,0,
731719,,False,0,
731723,,False,0,
731741,,False,0,
731745,,False,0,
731752,,False,0,
731757,,False,0,
731758,,False,0,
731759,,False,0,
731763,,False,0,
731764,,False,0,
731765,,False,0,
731769,,False,0,
731770,,False,0,
731771,,False,0,
731775,,False,0,
731788,,False,0,
731794,,False,0,
731798,,False,0,
731802,,False,0,
731803,,False,0,
731804,,False,0,
731815,,False,0,
731819,,False,0,
731822,,False,0,
731825,,False,0,
731829,,False,0,
731832,,False,0,
731835,,False,0,
731848,,False,0,
731852,,False,0,
731856,,False,0,
731857,,False,0,
731858,,False,0,
731862,,False,0,
731863,,False,0,
731864,,False,0,
731868,,False,0,
731872,,False,0,
731876,,False,0,
731887,,False,0,
731892,,False,0,
731896,,False,0,
731900,,False,0,
731901,,False,0,
731902,,False,0,
731937,,False,0,
731952,,False,0,
731956,,False,0,
731960,,False,0,
731964,,False,0,
731968,,False,0,
731972,,False,0,
731976,,False,0,
731980,,False,0,
731984,,False,0,
731988,,False,0,
731999,,False,0,
732003,,False,0,
732007,,False,0,
732011,,False,0,
732015,,False,0,
732020,,False,0,
732027,,False,0,
732031,,False,0,
732040,,False,0,
732044,,False,0,
732048,,False,0,
732049,,False,0,
732050,,False,0,
732054,,False,0,
732071,,False,0,
732082,,False,0,
732085,,False,0,
732088,,False,0,
732089,,False,0,
732090,,False,0,
732095,,False,0,
732098,,False,0,
732102,,False,0,
732107,,False,0,
732110,,False,0,
732113,,False,0,
732117,,False,0,
732121,,False,0,
732124,,False,0,
732127,,False,0,
732128,,False,0,
732129,,False,0,
732142,,False,0,
732145,,False,0,
732146,,False,0,
732147,,False,0,
732150,,False,0,
732151,,False,0,
732152,,False,0,
732155,,False,0,
732160,,False,0,
732163,,False,0,
732164,,False,0,
732165,,False,0,
732168,,False,0,
732169,,False,0,
732170,,False,0,
732177,,False,0,
732180,,False,0,
732185,,False,0,
732186,,False,0,
732187,,False,0,
732198,,False,0,
732202,,False,0,
732206,,False,0,
732210,,False,0,
732211,,False,0,
732212,,False,0,
732216,,False,0,
732224,,False,0,
732229,,False,0,
732273,,False,0,
732274,,False,0,
732275,,False,0,
732280,,False,0,
732281,,False,0,
732282,,False,0,
732286,,False,0,
732287,,False,0,
732288,,False,0,
732292,,False,0,
732316,,False,0,
732317,,False,0,
732318,,False,0,
732323,,False,0,
732324,,False,0,
732325,,False,0,
732330,,False,0,
732355,,False,0,
732364,,False,0,
732367,,False,0,
732374,,False,0,
732377,,False,0,
732380,,False,0,
732383,,False,0,
732386,,False,0,
732389,,False,0,
732396,,False,0,
732399,,False,0,
732400,,False,0,
732401,,False,0,
732404,,False,0,
732407,,False,0,
732408,,False,0,
732409,,False,0,
732412,,False,0,
732413,,False,0,
732414,,False,0,
732417,,False,0,
732420,,False,0,
732421,,False,0,
732422,,False,0,
732427,,False,0,
732431,,False,0,
732434,,False,0,
732439,,False,0,
732445,,False,0,
732446,,False,0,
732448,,False,0,
732475,,False,0,
732732,,False,0,
732737,,False,0,
732740,,False,0,
732744,,False,0,
732989,,False,0,
732995,,False,0,
732996,,False,0,
732998,,False,0,
733021,,False,0,
733095,,False,0,
733167,,False,0,
733172,,False,0,
733176,,False,0,
733177,,False,0,
733179,,False,0,
733188,,False,0,
733220,,False,0,
733231,,False,0,
733235,,False,0,
733236,,False,0,
733238,,False,0,
733247,,False,0,
733282,,False,0,
733287,,False,0,
733293,,False,0,
733295,,False,0,
733300,,False,0,
733305,,False,0,
733312,,False,0,
733317,,False,0,
733322,,False,0,
733327,,False,0,
733334,,False,0,
733341,,False,0,
733348,,False,0,
733355,,False,0,
733362,,False,0,
733369,,False,0,
733376,,False,0,
733383,,False,0,
733390,,False,0,
733397,,False,0,
733402,,False,0,
733410,,False,0,
733417,,False,0,
733421,,False,0,
733428,,False,0,
733435,,False,0,
733442,,False,0,
733449,,False,0,
733456,,False,0,
733463,,False,0,
733470,,False,0,
733477,,False,0,
733484,,False,0,
733491,,False,0,
733500,,False,0,
733507,,False,0,
733514,,False,0,
733521,,False,0,
733528,,False,0,
733536,,False,0,
733542,,False,0,
733545,,False,0,
733547,,False,0,
733572,,False,0,
733603,,False,0,
733621,,False,0,
733657,,False,0,
733672,,False,0,
733681,,False,0,
733688,,False,0,
733696,,False,0,
733725,,False,0,
733734,,False,0,
733757,,False,0,
733777,,False,0,
733792,,False,0,
733803,,False,0,
733822,,False,0,
733831,,False,0,
733840,,False,0,
733850,,False,0,
733864,,False,0,
733876,,False,0,
733883,,False,0,
733889,,False,0,
733895,,False,0,
733908,,False,0,
733923,,False,0,
733935,,False,0,
733937,,False,0,
733941,,False,0,
734053,,False,0,
734055,,False,0,
734117,,False,0,
734123,,False,0,
734369,,False,0,
734375,,False,0,
734386,,False,0,
734523,,False,0,
734527,,False,0,
734649,,False,0,
734655,,False,0,
734736,,False,0,
734741,,False,0,
734792,,False,0,
734798,,False,0,
734968,,False,0,
734972,,False,0,
735124,,False,0,
735130,,False,0,
735268,,False,0,
735272,,False,0,
735362,,False,0,
735364,,False,0,
735370,,False,0,
735375,,False,0,
735377,,False,0,
735387,,False,0,
735438,,False,0,
735453,,False,0,
735470,,False,0,
735481,,False,0,
735494,,False,0,
735512,,False,0,
735521,,False,0,
735534,,False,0,
735558,,False,0,
735570,,False,0,
735576,,False,0,
735597,,False,0,
735609,,False,0,
735620,,False,0,
735632,,False,0,
735647,,False,0,
735661,,False,0,
735690,,False,0,
735698,,False,0,
735709,,False,0,
735737,,False,0,
735748,,False,0,
735761,,False,0,
735783,,False,0,
735791,,False,0,
735795,,False,0,
735796,,False,0,
735798,,False,0,
735805,,False,0,
735860,,False,0,
735862,,False,0,
735886,,False,0,
735921,,False,0,
735949,,False,0,
735959,,False,0,
735963,,False,0,
735969,,False,0,
735976,,False,0,
735977,,False,0,
735979,,False,0,
735986,,False,0,
736035,,False,0,
736096,,False,0,
736098,,False,0,
736257,,False,0,
736433,,False,0,
736547,,False,0,
736601,,False,0,
736638,,False,0,
736690,,False,0,
736696,,False,0,
736698,,False,0,
736700,,False,0,
736714,,False,0,
736768,,False,0,
736780,,False,0,
736942,,False,0,
736947,,False,0,
736948,,False,0,
736950,,False,0,
736951,,False,0,
736952,,False,0,
736953,,False,0,
736954,,False,0,
736955,,False,0,
736956,,False,0,
736957,,False,0,
736958,,False,0,
736959,,False,0,
736960,,False,0,
736961,,False,0,
736962,,False,0,
736968,,False,0,
736970,,False,0,
736972,,False,0,
736977,,False,0,
736982,,False,0,
736989,,False,0,
736996,,False,0,
737003,,False,0,
737010,,False,0,
737017,,False,0,
737024,,False,0,
737031,,False,0,
737038,,False,0,
737045,,False,0,
737052,,False,0,
737059,,False,0,
737066,,False,0,
737073,,False,0,
737079,,False,0,
737083,,False,0,
737090,,False,0,
737094,,False,0,
737101,,False,0,
737108,,False,0,
737113,,False,0,
737118,,False,0,
737137,,False,0,
737144,,False,0,
737149,,False,0,
737154,,False,0,
737161,,False,0,
737166,,False,0,
737173,,False,0,
737180,,False,0,
737187,,False,0,
737194,,False,0,
737201,,False,0,
737210,,False,0,
737216,,False,0,
737222,,False,0,
737224,,False,0,
737244,,False,0,
737273,,False,0,
737303,,False,0,
737315,,False,0,
737326,,False,0,
737339,,False,0,
737355,,False,0,
737375,,False,0,
737404,,False,0,
737419,,False,0,
737441,,False,0,
737451,,False,0,
737485,,False,0,
737498,,False,0,
737509,,False,0,
737518,,False,0,
737527,,False,0,
737542,,False,0,
737549,,False,0,
737555,,False,0,
737573,,False,0,
737605,,False,0,
737610,,False,0,
737655,,False,0,
737673,,False,0,
737677,,False,0,
737678,,False,0,
737680,,False,0,
737715,,False,0,
737798,,False,0,
737852,,False,0,
737858,,False,0,
737859,,False,0,
737861,,False,0,
737880,,False,0,
737886,,False,0,
737888,,False,0,
737989,,False,0,
737991,,False,0,
738206,,False,0,
738244,,False,0,
738262,,False,0,
738263,,False,0,
738264,,False,0,
738333,,False,0,
738339,,False,0,
738340,,False,0,
738342,,False,0,
738444,,False,0,
738447,,False,0,
738451,,False,0,
738453,,False,0,
738455,,False,0,
738539,,False,0,
738552,,False,0,
738595,,False,0,
738638,,False,0,
738658,,False,0,
738671,,False,0,
738690,,False,0,
738696,,False,0,
738937,,False,0,
738943,,False,0,
738944,,False,0,
738946,,False,0,
738970,,False,0,
739020,,False,0,
739024,,False,0,
739026,,False,0,
739144,,False,0,
739179,,False,0,
739182,,False,0,
739186,,False,0,
739187,,False,0,
739189,,False,0,
739199,,False,0,
739230,,False,0,
739232,,False,0,
739245,,False,0,
739246,,False,0,
739247,,False,0,
739248,,False,0,
739249,,False,0,
739257,,False,0,
739258,,False,0,
739259,,False,0,
739267,,False,0,
739268,,False,0,
739269,,False,0,
739272,,False,0,
739278,,False,0,
739279,,False,0,
739281,,False,0,
739291,,False,0,
739348,,False,0,
739350,,False,0,
739384,,False,0,
739398,,False,0,
739407,,False,0,
739411,,False,0,
739412,,False,0,
739414,,False,0,
739416,,False,0,
739470,,False,0,
739474,,False,0,
739475,,False,0,
739477,,False,0,
739479,,False,0,
739579,,False,0,
739584,,False,0,
739590,,False,0,
739591,,False,0,
739593,,False,0,
739602,,False,0,
739642,,False,0,
739644,,False,0,
739702,,False,0,
739708,,False,0,
739712,,False,0,
739737,,False,0,
739781,,False,0,
739793,,False,0,
739810,,False,0,
739823,,False,0,
739827,,False,0,
739828,,False,0,
739830,,False,0,
739836,,False,0,
739871,,False,0,
739873,,False,0,
739888,,False,0,
739931,,False,0,
739939,,False,0,
739946,,False,0,
740014,,False,0,
740064,,False,0,
740071,,False,0,
740085,,False,0,
740093,,False,0,
740096,,False,0,
740100,,False,0,
740121,,False,0,
740132,,False,0,
740138,,False,0,
740140,,False,0,
740142,,False,0,
740166,,False,0,
740186,,False,0,
740199,,False,0,
740230,,False,0,
740297,,False,0,
740455,,False,0,
740479,,False,0,
740541,,False,0,
740580,,False,0,
740601,,False,0,
740609,,False,0,
740630,,False,0,
740650,,False,0,
740679,,False,0,
740686,,False,0,
740694,,False,0,
740695,,False,0,
740696,,False,0,
740708,,False,0,
740714,,False,0,
740720,,False,0,
740766,,False,0,
740781,,False,0,
740798,,False,0,
740856,,False,0,
740862,,False,0,
740864,,False,0,
740866,,False,0,
740962,,False,0,
741031,,False,0,
741126,,False,0,
741277,,False,0,
741307,,False,0,
741369,,False,0,
741396,,False,0,
741482,,False,0,
741486,,False,0,
741545,,False,0,
741549,,False,0,
741559,,False,0,
741601,,False,0,
741610,,False,0,
741616,,False,0,
741617,,False,0,
741619,,False,0,
741703,,False,0,
741911,,False,0,
741915,,False,0,
741928,,False,0,
741934,,False,0,
741936,,False,0,
742143,,False,0,
742149,,False,0,
742151,,False,0,
742175,,False,0,
742186,,False,0,
742213,,False,0,
742220,,False,0,
742241,,False,0,
742258,,False,0,
742276,,False,0,
742287,,False,0,
742299,,False,0,
742312,,False,0,
742329,,False,0,
742351,,False,0,
742367,,False,0,
742394,,False,0,
742401,,False,0,
742413,,False,0,
742427,,False,0,
742463,,False,0,
742486,,False,0,
742495,,False,0,
742520,,False,0,
742539,,False,0,
742549,,False,0,
742558,,False,0,
742569,,False,0,
742590,,False,0,
742594,,False,0,
742595,,False,0,
742597,,False,0,
742617,,False,0,
742684,,False,0,
742728,,False,0,
742730,,False,0,
742871,,False,0,
742877,,False,0,
742883,,False,0,
742884,,False,0,
742886,,False,0,
742888,,False,0,
743035,,False,0,
743101,,False,0,
743102,,False,0,
743105,,False,0,
743124,,False,0,
743145,,False,0,
743159,,False,0,
743308,,False,0,
743315,,False,0,
743317,,False,0,
743372,,False,0,
743383,,False,0,
743391,,False,0,
743397,,False,0,
743399,,False,0,
743463,,False,0,
743481,,False,0,
743483,,False,0,
743497,,False,0,
743947,,False,0,
743951,,False,0,
744150,,False,0,
744156,,False,0,
744158,,False,0,
744162,,False,0,
744535,,False,0,
744543,,False,0,
744545,,False,0,
744547,,False,0,
744548,,False,0,
744865,,False,0,
744940,,False,0,
744943,,False,0,
745037,,False,0,
745102,,False,0,
745106,,False,0,
745135,,False,0,
745141,,False,0,
745143,,False,0,
745145,,False,0,
745166,,False,0,
745566,,False,0,
745611,,False,0,
745628,,False,0,
745727,,False,0,
745783,,False,0,
745789,,False,0,
745795,,False,0,
745818,,False,0,
745877,,False,0,
745962,,False,0,
745968,,False,0,
745970,,False,0,
745972,,False,0,
746167,,False,0,
746194,,False,0,
746305,,False,0,
746398,,False,0,
746406,,False,0,
746412,,False,0,
746413,,False,0,
746415,,False,0,
746430,,False,0,
746441,,False,0,
746510,,False,0,
746514,,False,0,
746516,,False,0,
746518,,False,0,
746638,,False,0,
746645,,False,0,
746754,,False,0,
746756,,False,0,
746803,,False,0,
746816,,False,0,
746908,,False,0,
746926,,False,0,
746934,,False,0,
747022,,False,0,
747028,,False,0,
747030,,False,0,
747038,,False,0,
747040,,False,0,
747570,,False,0,
747575,,False,0,
747576,,False,0,
747626,,False,0,
747853,,False,0,
747859,,False,0,
747861,,False,0,
747863,,False,0,
748016,,False,0,
748036,,False,0,
748056,,False,0,
748152,,False,0,
748154,,False,0,
748155,,False,0,
748156,,False,0,
748265,,False,0,
748281,,False,0,
748295,,False,0,
748298,,False,0,
748471,,False,0,
748477,,False,0,
748479,,False,0,
748481,,False,0,
748745,,False,0,
748768,,False,0,
748808,,False,0,
748880,,False,0,
748893,,False,0,
748933,,False,0,
748945,,False,0,
749045,,False,0,
749052,,False,0,
749075,,False,0,
749081,,False,0,
749083,,False,0,
749085,,False,0,
749205,,False,0,
749367,,False,0,
749377,,False,0,
749445,,False,0,
749457,,False,0,
749494,,False,0,
749511,,False,0,
749652,,False,0,
749658,,False,0,
749660,,False,0,
749674,,False,0,
749702,,False,0,
749712,,False,0,
749727,,False,0,
749740,,False,0,
749748,,False,0,
749765,,False,0,
749772,,False,0,
749790,,False,0,
749801,,False,0,
749808,,False,0,
749832,,False,0,
749843,,False,0,
749856,,False,0,
749879,,False,0,
749888,,False,0,
749905,,False,0,
749954,,False,0,
749973,,False,0,
750000,,False,0,
750007,,False,0,
750016,,False,0,
750024,,False,0,
750036,,False,0,
750044,,False,0,
750045,,False,0,
750047,,False,0,
750053,,False,0,
750057,,False,0,
750058,,False,0,
750060,,False,0,
750093,,False,0,
750174,,False,0,
750176,,False,0,
750267,,False,0,
750335,,False,0,
750341,,False,0,
750343,,False,0,
750345,,False,0,
750406,,False,0,
750474,,False,0,
750490,,False,0,
750491,,False,0,
750492,,False,0,
750496,,False,0,
750497,,False,0,
750498,,False,0,
750536,,False,0,
750555,,False,0,
750561,,False,0,
750590,,False,0,
750675,,False,0,
750693,,False,0,
750694,,False,0,
750695,,False,0,
750701,,False,0,
750710,,False,0,
750730,,False,0,
750762,,False,0,
750779,,False,0,
750793,,False,0,
750796,,False,0,
750813,,False,0,
750857,,False,0,
750863,,False,0,
750869,,False,0,
750871,,False,0,
750873,,False,0,
750952,,False,0,
750981,,False,0,
750996,,False,0,
751036,,False,0,
751058,,False,0,
751109,,False,0,
751278,,False,0,
751318,,False,0,
751350,,False,0,
751610,,False,0,
751616,,False,0,
751618,,False,0,
751620,,False,0,
751683,,False,0,
751783,,False,0,
751795,,False,0,
751806,,False,0,
751815,,False,0,
751823,,False,0,
751926,,False,0,
751951,,False,0,
752005,,False,0,
752090,,False,0,
752122,,False,0,
752126,,False,0,
752163,,False,0,
752169,,False,0,
752171,,False,0,
752173,,False,0,
752299,,False,0,
752367,,False,0,
752385,,False,0,
752422,,False,0,
752430,,False,0,
752487,,False,0,
752502,,False,0,
752507,,False,0,
752511,,False,0,
752529,,False,0,
752542,,False,0,
752546,,False,0,
752608,,False,0,
752628,,False,0,
752632,,False,0,
752658,,False,0,
752852,,False,0,
752858,,False,0,
752860,,False,0,
752862,,False,0,
753205,,False,0,
753213,,False,0,
753235,,False,0,
753739,,False,0,
753745,,False,0,
753747,,False,0,
753749,,False,0,
754354,,False,0,
754360,,False,0,
754362,,False,0,
754364,,False,0,
754625,,False,0,
754633,,False,0,
754647,,False,0,
754703,,False,0,
754741,,False,0,
754783,,False,0,
754796,,False,0,
754801,,False,0,
754808,,False,0,
754809,,False,0,
754813,,False,0,
754867,,False,0,
754887,,False,0,
754888,,False,0,
754891,,False,0,
754898,,False,0,
755078,,False,0,
755162,,False,0,
755176,,False,0,
755190,,False,0,
755197,,False,0,
755199,,False,0,
755201,,False,0,
755230,,False,0,
755237,,False,0,
755238,,False,0,
755246,,False,0,
755266,,False,0,
755321,,False,0,
755530,,False,0,
755644,,False,0,
755718,,False,0,
755832,,False,0,
755872,,False,0,
755875,,False,0,
755972,,False,0,
755978,,False,0,
755980,,False,0,
755982,,False,0,
756026,,False,0,
756127,,False,0,
756184,,False,0,
756318,,False,0,
756337,,False,0,
756344,,False,0,
756381,,False,0,
756390,,False,0,
756446,,False,0,
756450,,False,0,
756458,,False,0,
756472,,False,0,
756479,,False,0,
756499,,False,0,
756508,,False,0,
756618,,False,0,
756624,,False,0,
756628,,False,0,
756673,,False,0,
756674,,False,0,
756675,,False,0,
756680,,False,0,
756696,,False,0,
756726,,False,0,
756743,,False,0,
756783,,False,0,
756789,,False,0,
756791,,False,0,
756793,,False,0,
756933,,False,0,
756943,,False,0,
756947,,False,0,
756963,,False,0,
756966,,False,0,
757156,,False,0,
757168,,False,0,
757291,,False,0,
757295,,False,0,
757316,,False,0,
757342,,False,0,
757350,,False,0,
757351,,False,0,
757352,,False,0,
757382,,False,0,
757387,,False,0,
757388,,False,0,
757389,,False,0,
757392,,False,0,
757393,,False,0,
757394,,False,0,
757726,,False,0,
757890,,False,0,
757915,,False,0,
757921,,False,0,
757922,,False,0,
757924,,False,0,
757933,,False,0,
757944,,False,0,
757994,,False,0,
758008,,False,0,
758009,,False,0,
758011,,False,0,
758057,,False,0,
758059,,False,0,
758076,,False,0,
758085,,False,0,
758217,,False,0,
758223,,False,0,
758225,,False,0,
758227,,False,0,
758296,,False,0,
758350,,False,0,
758354,,False,0,
758363,,False,0,
758429,,False,0,
758449,,False,0,
758615,,False,0,
758651,,False,0,
758680,,False,0,
758702,,False,0,
758719,,False,0,
758864,,False,0,
758870,,False,0,
758872,,False,0,
758879,,False,0,
758886,,False,0,
758891,,False,0,
758898,,False,0,
758903,,False,0,
758910,,False,0,
758917,,False,0,
758924,,False,0,
758931,,False,0,
758938,,False,0,
758943,,False,0,
758950,,False,0,
758957,,False,0,
758962,,False,0,
758967,,False,0,
758972,,False,0,
758984,,False,0,
758991,,False,0,
758998,,False,0,
759006,,False,0,
759013,,False,0,
759024,,False,0,
759031,,False,0,
759038,,False,0,
759045,,False,0,
759052,,False,0,
759059,,False,0,
759064,,False,0,
759071,,False,0,
759078,,False,0,
759085,,False,0,
759090,,False,0,
759098,,False,0,
759104,,False,0,
759110,,False,0,
759112,,False,0,
759123,,False,0,
759132,,False,0,
759141,,False,0,
759152,,False,0,
759167,,False,0,
759176,,False,0,
759183,,False,0,
759196,,False,0,
759207,,False,0,
759228,,False,0,
759245,,False,0,
759257,,False,0,
759278,,False,0,
759286,,False,0,
759295,,False,0,
759313,,False,0,
759321,,False,0,
759334,,False,0,
759353,,False,0,
759364,,False,0,
759391,,False,0,
759408,,False,0,
759422,,False,0,
759446,,False,0,
759454,,False,0,
759458,,False,0,
759459,,False,0,
759461,,False,0,
759561,,False,0,
759567,,False,0,
759568,,False,0,
759574,,False,0,
759578,,False,0,
759579,,False,0,
759581,,False,0,
759590,,False,0,
759635,,False,0,
759638,,False,0,
759645,,False,0,
759647,,False,0,
759650,,False,0,
759660,,False,0,
759663,,False,0,
759694,,False,0,
759723,,False,0,
759729,,False,0,
759731,,False,0,
759733,,False,0,
759830,,False,0,
759853,,False,0,
759907,,False,0,
759916,,False,0,
759966,,False,0,
760012,,False,0,
760034,,False,0,
760048,,False,0,
760059,,False,0,
760159,,False,0,
760167,,False,0,
760229,,False,0,
760242,,False,0,
760282,,False,0,
760315,,False,0,
760321,,False,0,
760322,,False,0,
760324,,False,0,
760410,,False,0,
760440,,False,0,
760446,,False,0,
760447,,False,0,
760449,,False,0,
760451,,False,0,
760470,,False,0,
760482,,False,0,
760488,,False,0,
760492,,False,0,
760494,,False,0,
760496,,False,0,
760561,,False,0,
760575,,False,0,
760576,,False,0,
760577,,False,0,
760614,,False,0,
760665,,False,0,
760677,,False,0,
760704,,False,0,
760734,,False,0,
760765,,False,0,
760766,,False,0,
760784,,False,0,
760837,,False,0,
760880,,False,0,
760915,,False,0,
760925,,False,0,
760959,,False,0,
760989,,False,0,
761054,,False,0,
761068,,False,0,
761076,,False,0,
761112,,False,0,
761118,,False,0,
761124,,False,0,
761125,,False,0,
761127,,False,0,
761178,,False,0,
761305,,False,0,
761307,,False,0,
761346,,False,0,
761352,,False,0,
761353,,False,0,
761357,,False,0,
761389,,False,0,
761442,,False,0,
761636,,False,0,
761638,,False,0,
761757,,False,0,
761863,,False,0,
761911,,False,0,
761915,,False,0,
761916,,False,0,
761918,,False,0,
761959,,False,0,
761988,,False,0,
761994,,False,0,
761996,,False,0,
762062,,False,0,
762064,,False,0,
762157,,False,0,
762224,,False,0,
762243,,False,0,
762250,,False,0,
762264,,False,0,
762278,,False,0,
762285,,False,0,
762289,,False,0,
762313,,False,0,
762341,,False,0,
762378,,False,0,
762419,,False,0,
762430,,False,0,
762439,,False,0,
762480,,False,0,
762483,,False,0,
762527,,False,0,
762590,,False,0,
762591,,False,0,
762592,,False,0,
762643,,False,0,
762675,,False,0,
762681,,False,0,
762682,,False,0,
762684,,False,0,
762696,,False,0,
762702,,False,0,
762704,,False,0,
762761,,False,0,
762763,,False,0,
762799,,False,0,
762830,,False,0,
762848,,False,0,
762865,,False,0,
762876,,False,0,
762880,,False,0,
762900,,False,0,
762914,,False,0,
762923,,False,0,
762927,,False,0,
762928,,False,0,
762930,,False,0,
762948,,False,0,
762988,,False,0,
762990,,False,0,
763052,,False,0,
763058,,False,0,
763060,,False,0,
763062,,False,0,
763086,,False,0,
763093,,False,0,
763219,,False,0,
763232,,False,0,
763346,,False,0,
763357,,False,0,
763466,,False,0,
763474,,False,0,
763673,,False,0,
763679,,False,0,
763681,,False,0,
763683,,False,0,
764169,,False,0,
764496,,False,0,
764502,,False,0,
764504,,False,0,
764506,,False,0,
764966,,False,0,
764999,,False,0,
765005,,False,0,
765097,,False,0,
765107,,False,0,
765120,,False,0,
765144,,False,0,
765167,,False,0,
765184,,False,0,
765204,,False,0,
765221,,False,0,
765225,,False,0,
765264,,False,0,
765302,,False,0,
765428,,False,0,
765432,,False,0,
765446,,False,0,
765466,,False,0,
765476,,False,0,
765522,,False,0,
765538,,False,0,
765544,,False,0,
765545,,False,0,
765547,,False,0,
765551,,False,0,
765581,,False,0,
765583,,False,0,
765705,,False,0,
765840,,False,0,
766064,,False,0,
766078,,False,0,
766084,,False,0,
766090,,False,0,
766096,,False,0,
766098,,False,0,
766103,,False,0,
766108,,False,0,
766113,,False,0,
766118,,False,0,
766126,,False,0,
766133,,False,0,
766138,,False,0,
766145,,False,0,
766151,,False,0,
766158,,False,0,
766166,,False,0,
766172,,False,0,
766179,,False,0,
766186,,False,0,
766193,,False,0,
766201,,False,0,
766208,,False,0,
766215,,False,0,
766220,,False,0,
766225,,False,0,
766230,,False,0,
766237,,False,0,
766241,,False,0,
766250,,False,0,
766257,,False,0,
766264,,False,0,
766270,,False,0,
766277,,False,0,
766288,,False,0,
766297,,False,0,
766304,,False,0,
766312,,False,0,
766318,,False,0,
766320,,False,0,
766346,,False,0,
766357,,False,0,
766387,,False,0,
766402,,False,0,
766433,,False,0,
766449,,False,0,
766482,,False,0,
766494,,False,0,
766507,,False,0,
766518,,False,0,
766527,,False,0,
766546,,False,0,
766556,,False,0,
766567,,False,0,
766579,,False,0,
766619,,False,0,
766630,,False,0,
766647,,False,0,
766659,,False,0,
766668,,False,0,
766679,,False,0,
766708,,False,0,
766719,,False,0,
766732,,False,0,
766743,,False,0,
766751,,False,0,
766755,,False,0,
766756,,False,0,
766758,,False,0,
766864,,False,0,
766883,,False,0,
766887,,False,0,
767022,,False,0,
767028,,False,0,
767163,,False,0,
767169,,False,0,
767399,,False,0,
767504,,False,0,
767510,,False,0,
767585,,False,0,
767591,,False,0,
767725,,False,0,
767729,,False,0,
767830,,False,0,
767836,,False,0,
767967,,False,0,
768091,,False,0,
768097,,False,0,
768098,,False,0,
768101,,False,0,
768103,,False,0,
768110,,False,0,
768119,,False,0,
768135,,False,0,
768155,,False,0,
768183,,False,0,
768194,,False,0,
768208,,False,0,
768226,,False,0,
768237,,False,0,
768243,,False,0,
768254,,False,0,
768261,,False,0,
768291,,False,0,
768302,,False,0,
768314,,False,0,
768327,,False,0,
768376,,False,0,
768389,,False,0,
768396,,False,0,
768405,,False,0,
768420,,False,0,
768429,,False,0,
768458,,False,0,
768467,,False,0,
768477,,False,0,
768481,,False,0,
768483,,False,0,
768484,,False,0,
768486,,False,0,
768496,,False,0,
768527,,False,0,
768558,,False,0,
768563,,False,0,
768567,,False,0,
768568,,False,0,
768570,,False,0,
768640,,False,0,
768674,,False,0,
768680,,False,0,
768682,,False,0,
768744,,False,0,
768759,,False,0,
768767,,False,0,
768769,,False,0,
769110,,False,0,
769187,,False,0,
769193,,False,0,
769195,,False,0,
769197,,False,0,
769552,,False,0,
769999,,False,0,
770005,,False,0,
770007,,False,0,
770009,,False,0,
770237,,False,0,
770255,,False,0,
770307,,False,0,
770316,,False,0,
770426,,False,0,
770629,,False,0,
770635,,False,0,
770637,,False,0,
770639,,False,0,
770683,,False,0,
770706,,False,0,
770963,,False,0,
770970,,False,0,
771131,,False,0,
771421,,False,0,
771427,,False,0,
771429,,False,0,
771431,,False,0,
771699,,False,0,
771700,,False,0,
771701,,False,0,
771702,,False,0,
772002,,False,0,
772090,,False,0,
772096,,False,0,
772097,,False,0,
772099,,False,0,
772113,,False,0,
772154,,False,0,
772156,,False,0,
772164,,False,0,
772216,,False,0,
772464,,False,0,
772470,,False,0,
772472,,False,0,
772474,,False,0,
772653,,False,0,
772680,,False,0,
772696,,False,0,
772711,,False,0,
772719,,False,0,
772763,,False,0,
772840,,False,0,
772848,,False,0,
772863,,False,0,
772864,,False,0,
772865,,False,0,
772883,,False,0,
772887,,False,0,
772896,,False,0,
772929,,False,0,
772957,,False,0,
772963,,False,0,
772976,,False,0,
772987,,False,0,
772990,,False,0,
773025,,False,0,
773028,,False,0,
773035,,False,0,
773062,,False,0,
773071,,False,0,
773085,,False,0,
773091,,False,0,
773097,,False,0,
773099,,False,0,
773121,,False,0,
773159,,False,0,
773191,,False,0,
773213,,False,0,
773234,,False,0,
773246,,False,0,
773250,,False,0,
773251,,False,0,
773268,,False,0,
773278,,False,0,
773295,,False,0,
773308,,False,0,
773332,,False,0,
773364,,False,0,
773373,,False,0,
773407,,False,0,
773421,,False,0,
773445,,False,0,
773462,,False,0,
773471,,False,0,
773518,,False,0,
773529,,False,0,
773549,,False,0,
773559,,False,0,
773571,,False,0,
773580,,False,0,
773606,,False,0,
773610,,False,0,
773611,,False,0,
773613,,False,0,
773721,,False,0,
773745,,False,0,
773749,,False,0,
773750,,False,0,
773752,,False,0,
773759,,False,0,
773797,,False,0,
773824,,False,0,
773830,,False,0,
773832,,False,0,
773842,,False,0,
773844,,False,0,
773906,,False,0,
773933,,False,0,
773934,,False,0,
773935,,False,0,
773959,,False,0,
774054,,False,0,
774055,,False,0,
774057,,False,0,
774063,,False,0,
774069,,False,0,
774070,,False,0,
774072,,False,0,
774081,,False,0,
774125,,False,0,
774128,,False,0,
774132,,False,0,
774133,,False,0,
774135,,False,0,
774144,,False,0,
774179,,False,0,
774182,,False,0,
774186,,False,0,
774187,,False,0,
774189,,False,0,
774212,,False,0,
774294,,False,0,
774390,,False,0,
774442,,False,0,
774444,,False,0,
774464,,False,0,
774470,,False,0,
774472,,False,0,
774474,,False,0,
774541,,False,0,
774682,,False,0,
774806,,False,0,
774841,,False,0,
774900,,False,0,
774918,,False,0,
774922,,False,0,
774938,,False,0,
774948,,False,0,
774987,,False,0,
774993,,False,0,
774994,,False,0,
774996,,False,0,
775000,,False,0,
775004,,False,0,
775012,,False,0,
775051,,False,0,
775053,,False,0,
775064,,False,0,
775143,,False,0,
775149,,False,0,
775150,,False,0,
775152,,False,0,
775159,,False,0,
775184,,False,0,
775186,,False,0,
775220,,False,0,
775229,,False,0,
775267,,False,0,
775288,,False,0,
775295,,False,0,
775296,,False,0,
775297,,False,0,
775298,,False,0,
775299,,False,0,
775326,,False,0,
775330,,False,0,
775331,,False,0,
775332,,False,0,
775337,,False,0,
775343,,False,0,
775354,,False,0,
775359,,False,0,
775384,,False,0,
775398,,False,0,
775405,,False,0,
775409,,False,0,
775442,,False,0,
775448,,False,0,
775450,,False,0,
775452,,False,0,
775461,,False,0,
775465,,False,0,
775515,,False,0,
775565,,False,0,
775566,,False,0,
775567,,False,0,
775593,,False,0,
775624,,False,0,
775631,,False,0,
775632,,False,0,
775633,,False,0,
775646,,False,0,
775678,,False,0,
775682,,False,0,
775736,,False,0,
775743,,False,0,
775752,,False,0,
775757,,False,0,
775758,,False,0,
775759,,False,0,
775760,,False,0,
775761,,False,0,
775764,,False,0,
775791,,False,0,
775792,,False,0,
775793,,False,0,
775799,,False,0,
775805,,False,0,
775818,,False,0,
775833,,False,0,
775859,,False,0,
775860,,False,0,
775861,,False,0,
775870,,False,0,
775879,,False,0,
775885,,False,0,
775886,,False,0,
775887,,False,0,
775915,,False,0,
775935,,False,0,
775939,,False,0,
775943,,False,0,
775945,,False,0,
775947,,False,0,
775955,,False,0,
776038,,False,0,
776055,,False,0,
776066,,False,0,
776070,,False,0,
776113,,False,0,
776123,,False,0,
776182,,False,0,
776188,,False,0,
776190,,False,0,
776192,,False,0,
776291,,False,0,
776299,,False,0,
776311,,False,0,
776404,,False,0,
776435,,False,0,
776504,,False,0,
776510,,False,0,
776580,,False,0,
776595,,False,0,
776638,,False,0,
776683,,False,0,
776726,,False,0,
776736,,False,0,
776752,,False,0,
776762,,False,0,
776768,,False,0,
776770,,False,0,
776771,,False,0,
776773,,False,0,
776780,,False,0,
776834,,False,0,
776836,,False,0,
776896,,False,0,
776908,,False,0,
776909,,False,0,
777082,,False,0,
777088,,False,0,
777236,,False,0,
777283,,False,0,
777298,,False,0,
777302,,False,0,
777306,,False,0,
777308,,False,0,
777310,,False,0,
777326,,False,0,
777330,,False,0,
777346,,False,0,
777397,,False,0,
777403,,False,0,
777405,,False,0,
777407,,False,0,
777419,,False,0,
777445,,False,0,
777471,,False,0,
777472,,False,0,
777473,,False,0,
777540,,False,0,
777549,,False,0,
777563,,False,0,
777595,,False,0,
777603,,False,0,
777609,,False,0,
777685,,False,0,
777689,,False,0,
777691,,False,0,
777692,,False,0,
777693,,False,0,
777694,,False,0,
777695,,False,0,
777696,,False,0,
777697,,False,0,
777700,,False,0,
777701,,False,0,
777704,,False,0,
777705,,False,0,
777706,,False,0,
777707,,False,0,
777708,,False,0,
777709,,False,0,
777713,,False,0,
777714,,False,0,
777717,,False,0,
777718,,False,0,
777721,,False,0,
777722,,False,0,
777725,,False,0,
777726,,False,0,
777727,,False,0,
777728,,False,0,
777730,,False,0,
777733,,False,0,
777734,,False,0,
777737,,False,0,
777738,,False,0,
777741,,False,0,
777742,,False,0,
777743,,False,0,
777745,,False,0,
777808,,False,0,
777814,,False,0,
778097,,False,0,
778103,,False,0,
778105,,False,0,
778110,,False,0,
778115,,False,0,
778122,,False,0,
778129,,False,0,
778134,,False,0,
778141,,False,0,
778148,,False,0,
778155,,False,0,
778162,,False,0,
778169,,False,0,
778176,,False,0,
778183,,False,0,
778190,,False,0,
778197,,False,0,
778202,,False,0,
778209,,False,0,
778214,,False,0,
778219,,False,0,
778226,,False,0,
778231,,False,0,
778238,,False,0,
778245,,False,0,
778252,,False,0,
778259,,False,0,
778266,,False,0,
778273,,False,0,
778280,,False,0,
778287,,False,0,
778294,,False,0,
778301,,False,0,
778308,,False,0,
778315,,False,0,
778320,,False,0,
778328,,False,0,
778334,,False,0,
778336,,False,0,
778368,,False,0,
778415,,False,0,
778441,,False,0,
778457,,False,0,
778486,,False,0,
778513,,False,0,
778552,,False,0,
778565,,False,0,
778575,,False,0,
778588,,False,0,
778599,,False,0,
778611,,False,0,
778621,,False,0,
778647,,False,0,
778661,,False,0,
778693,,False,0,
778706,,False,0,
778720,,False,0,
778737,,False,0,
778744,,False,0,
778759,,False,0,
778766,,False,0,
778780,,False,0,
778788,,False,0,
778795,,False,0,
778807,,False,0,
778811,,False,0,
778832,,False,0,
778836,,False,0,
778921,,False,0,
778927,,False,0,
779008,,False,0,
779099,,False,0,
779105,,False,0,
779326,,False,0,
779330,,False,0,
779407,,False,0,
779413,,False,0,
779503,,False,0,
779509,,False,0,
779510,,False,0,
779512,,False,0,
779514,,False,0,
779661,,False,0,
779675,,False,0,
779679,,False,0,
779695,,False,0,
779705,,False,0,
779715,,False,0,
779721,,False,0,
779722,,False,0,
779724,,False,0,
779791,,False,0,
779821,,False,0,
779828,,False,0,
779829,,False,0,
779831,,False,0,
779838,,False,0,
779871,,False,0,
779873,,False,0,
779897,,False,0,
779910,,False,0,
779916,,False,0,
779918,,False,0,
779920,,False,0,
780002,,False,0,
780080,,False,0,
780100,,False,0,
780114,,False,0,
780147,,False,0,
780151,,False,0,
780156,,False,0,
780175,,False,0,
780187,,False,0,
780188,,False,0,
780190,,False,0,
780207,,False,0,
780300,,False,0,
780302,,False,0,
780429,,False,0,
780433,,False,0,
780468,,False,0,
780469,,False,0,
780471,,False,0,
780475,,False,0,
780476,,False,0,
780478,,False,0,
780481,,False,0,
780485,,False,0,
780489,,False,0,
780490,,False,0,
780496,,False,0,
780498,,False,0,
780518,,False,0,
780520,,False,0,
780566,,False,0,
780574,,False,0,
780579,,False,0,
780588,,False,0,
780594,,False,0,
780665,,False,0,
780714,,False,0,
780720,,False,0,
780721,,False,0,
780723,,False,0,
780821,,False,0,
781075,,False,0,
781079,,False,0,
781147,,False,0,
781153,,False,0,
781155,,False,0,
781310,,False,0,
781430,,False,0,
781436,,False,0,
781438,,False,0,
781450,,False,0,
781482,,False,0,
781497,,False,0,
781516,,False,0,
781531,,False,0,
781551,,False,0,
781574,,False,0,
781606,,False,0,
781621,,False,0,
781643,,False,0,
781654,,False,0,
781660,,False,0,
781676,,False,0,
781704,,False,0,
781710,,False,0,
781740,,False,0,
781769,,False,0,
781781,,False,0,
781841,,False,0,
781852,,False,0,
781865,,False,0,
781884,,False,0,
781906,,False,0,
781921,,False,0,
781941,,False,0,
781945,,False,0,
781946,,False,0,
781948,,False,0,
781967,,False,0,
782012,,False,0,
782015,,False,0,
782019,,False,0,
782021,,False,0,
782106,,False,0,
782108,,False,0,
782131,,False,0,
782173,,False,0,
782179,,False,0,
782181,,False,0,
782183,,False,0,
782190,,False,0,
782658,,False,0,
782771,,False,0,
782775,,False,0,
782832,,False,0,
782838,,False,0,
782840,,False,0,
782846,,False,0,
782868,,False,0,
782872,,False,0,
783135,,False,0,
783414,,False,0,
783418,,False,0,
783498,,False,0,
783540,,False,0,
783546,,False,0,
783548,,False,0,
783550,,False,0,
783676,,False,0,
783796,,False,0,
783995,,False,0,
784028,,False,0,
784034,,False,0,
784965,,False,0,
784967,,False,0,
784975,,False,0,
784981,,False,0,
784983,,False,0,
784985,,False,0,
785106,,False,0,
785228,,False,0,
785242,,False,0,
785363,,False,0,
785367,,False,0,
785610,,False,0,
785651,,False,0,
785655,,False,0,
785661,,False,0,
785665,,False,0,
785667,,False,0,
785668,,False,0,
785671,,False,0,
785838,,False,0,
785845,,False,0,
785963,,False,0,
785971,,False,0,
786032,,False,0,
786081,,False,0,
786096,,False,0,
786106,,False,0,
786199,,False,0,
786205,,False,0,
786207,,False,0,
786209,,False,0,
786317,,False,0,
786598,,False,0,
786616,,False,0,
786620,,False,0,
786642,,False,0,
786891,,False,0,
786896,,False,0,
786967,,False,0,
787002,,False,0,
787008,,False,0,
787010,,False,0,
787012,,False,0,
787181,,False,0,
787204,,False,0,
787208,,False,0,
787308,,False,0,
787503,,False,0,
787531,,False,0,
787536,,False,0,
787544,,False,0,
787584,,False,0,
787621,,False,0,
787622,,False,0,
787623,,False,0,
787629,,False,0,
787631,,False,0,
787634,,False,0,
787648,,False,0,
787659,,False,0,
787861,,False,0,
787934,,False,0,
788092,,False,0,
788098,,False,0,
788100,,False,0,
788107,,False,0,
788112,,False,0,
788117,,False,0,
788124,,False,0,
788129,,False,0,
788136,,False,0,
788143,,False,0,
788152,,False,0,
788159,,False,0,
788166,,False,0,
788175,,False,0,
788182,,False,0,
788190,,False,0,
788197,,False,0,
788204,,False,0,
788210,,False,0,
788215,,False,0,
788222,,False,0,
788229,,False,0,
788234,,False,0,
788241,,False,0,
788248,,False,0,
788255,,False,0,
788260,,False,0,
788267,,False,0,
788274,,False,0,
788278,,False,0,
788285,,False,0,
788292,,False,0,
788299,,False,0,
788307,,False,0,
788313,,False,0,
788315,,False,0,
788355,,False,0,
788373,,False,0,
788394,,False,0,
788412,,False,0,
788424,,False,0,
788445,,False,0,
788466,,False,0,
788473,,False,0,
788491,,False,0,
788512,,False,0,
788523,,False,0,
788540,,False,0,
788554,,False,0,
788569,,False,0,
788606,,False,0,
788621,,False,0,
788628,,False,0,
788635,,False,0,
788642,,False,0,
788653,,False,0,
788671,,False,0,
788687,,False,0,
788701,,False,0,
788710,,False,0,
788735,,False,0,
788739,,False,0,
788741,,False,0,
788743,,False,0,
788745,,False,0,
788885,,False,0,
789067,,False,0,
789164,,False,0,
789170,,False,0,
789172,,False,0,
789174,,False,0,
789198,,False,0,
789369,,False,0,
789389,,False,0,
789435,,False,0,
789439,,False,0,
789504,,False,0,
789536,,False,0,
789552,,False,0,
789575,,False,0,
789587,,False,0,
789618,,False,0,
789639,,False,0,
789645,,False,0,
789647,,False,0,
789649,,False,0,
789836,,False,0,
789840,,False,0,
790216,,False,0,
790222,,False,0,
790350,,False,0,
790356,,False,0,
790358,,False,0,
790360,,False,0,
790513,,False,0,
790570,,False,0,
790585,,False,0,
790588,,False,0,
790647,,False,0,
790651,,False,0,
790652,,False,0,
790716,,False,0,
790722,,False,0,
790723,,False,0,
790725,,False,0,
790770,,False,0,
790867,,False,0,
790870,,False,0,
790884,,False,0,
791085,,False,0,
791093,,False,0,
791107,,False,0,
791108,,False,0,
791112,,False,0,
791116,,False,0,
791124,,False,0,
791246,,False,0,
791260,,False,0,
791302,,False,0,
791305,,False,0,
791306,,False,0,
791307,,False,0,
791308,,False,0,
791309,,False,0,
791312,,False,0,
791337,,False,0,
791343,,False,0,
791344,,False,0,
791346,,False,0,
791348,,False,0,
791352,,False,0,
791521,,False,0,
791530,,False,0,
791586,,False,0,
791596,,False,0,
791600,,False,0,
791601,,False,0,
791671,,False,0,
791822,,False,0,
791824,,False,0,
791835,,False,0,
792067,,False,0,
792071,,False,0,
792077,,False,0,
792079,,False,0,
792081,,False,0,
792172,,False,0,
792182,,False,0,
792210,,False,0,
792215,,False,0,
792224,,False,0,
792351,,False,0,
792404,,False,0,
792412,,False,0,
792535,,False,0,
792542,,False,0,
792557,,False,0,
792576,,False,0,
792583,,False,0,
792660,,False,0,
792666,,False,0,
792668,,False,0,
792670,,False,0,
792754,,False,0,
792910,,False,0,
792926,,False,0,
792930,,False,0,
792964,,False,0,
792975,,False,0,
792976,,False,0,
792977,,False,0,
793112,,False,0,
793116,,False,0,
793400,,False,0,
793406,,False,0,
793414,,False,0,
793485,,False,0,
793491,,False,0,
793493,,False,0,
793497,,False,0,
793499,,False,0,
793631,,False,0,
793860,,False,0,
793861,,False,0,
793862,,False,0,
793866,,False,0,
793887,,False,0,
793929,,False,0,
794012,,False,0,
794049,,False,0,
794057,,False,0,
794182,,False,0,
794188,,False,0,
794190,,False,0,
794192,,False,0,
794416,,False,0,
794443,,False,0,
794447,,False,0,
794533,,False,0,
794724,,False,0,
794730,,False,0,
794732,,False,0,
794734,,False,0,
794843,,False,0,
795129,,False,0,
795179,,False,0,
795338,,False,0,
795354,,False,0,
795395,,False,0,
795469,,False,0,
795496,,False,0,
795503,,False,0,
795504,,False,0,
795510,,False,0,
795512,,False,0,
795514,,False,0,
795644,,False,0,
795650,,False,0,
795870,,False,0,
795871,,False,0,
795881,,False,0,
795925,,False,0,
795929,,False,0,
795930,,False,0,
795931,,False,0,
796012,,False,0,
796126,,False,0,
796148,,False,0,
796164,,False,0,
796174,,False,0,
796217,,False,0,
796342,,False,0,
796358,,False,0,
796364,,False,0,
796366,,False,0,
796368,,False,0,
796377,,False,0,
796429,,False,0,
796433,,False,0,
796434,,False,0,
796607,,False,0,
796640,,False,0,
796729,,False,0,
796746,,False,0,
796834,,False,0,
796846,,False,0,
796860,,False,0,
796866,,False,0,
796867,,False,0,
796869,,False,0,
796872,,False,0,
797001,,False,0,
797151,,False,0,
797160,,False,0,
797166,,False,0,
797250,,False,0,
797253,,False,0,
797256,,False,0,
797258,,False,0,
797262,,False,0,
797315,,False,0,
797321,,False,0,
797322,,False,0,
797324,,False,0,
797326,,False,0,
797367,,False,0,
797436,,False,0,
797448,,False,0,
797542,,False,0,
797546,,False,0,
797584,,False,0,
797586,,False,0,
797705,,False,0,
797766,,False,0,
797772,,False,0,
797774,,False,0,
797787,,False,0,
797798,,False,0,
797820,,False,0,
797827,,False,0,
797852,,False,0,
797874,,False,0,
797904,,False,0,
797925,,False,0,
797949,,False,0,
797969,,False,0,
798006,,False,0,
798025,,False,0,
798040,,False,0,
798054,,False,0,
798062,,False,0,
798070,,False,0,
798083,,False,0,
798090,,False,0,
798107,,False,0,
798134,,False,0,
798141,,False,0,
798153,,False,0,
798163,,False,0,
798172,,False,0,
798179,,False,0,
798187,,False,0,
798191,,False,0,
798596,,False,0,
798598,,False,0,
798602,,False,0,
798608,,False,0,
798609,,False,0,
798611,,False,0,
798613,,False,0,
798668,,False,0,
798756,,False,0,
798771,,False,0,
798793,,False,0,
798811,,False,0,
798837,,False,0,
798865,,False,0,
798869,,False,0,
798874,,False,0,
798880,,False,0,
798883,,False,0,
798888,,False,0,
798916,,False,0,
798923,,False,0,
798967,,False,0,
799059,,False,0,
799164,,False,0,
799181,,False,0,
799187,,False,0,
799188,,False,0,
799190,,False,0,
799207,,False,0,
799259,,False,0,
799264,,False,0,
799268,,False,0,
799269,,False,0,
799271,,False,0,
799273,,False,0,
799381,,False,0,
799394,,False,0,
799740,,False,0,
799744,,False,0,
799807,,False,0,
799922,,False,0,
799928,,False,0,
799929,,False,0,
799931,,False,0,
799933,,False,0,
800246,,False,0,
800477,,False,0,
800523,,False,0,
800529,,False,0,
800530,,False,0,
800532,,False,0,
800534,,False,0,
800536,,False,0,
800538,,False,0,
800558,,False,0,
800605,,False,0,
800644,,False,0,
800647,,False,0,
800655,,False,0,
800656,,False,0,
800658,,False,0,
800676,,False,0,
800713,,False,0,
800718,,False,0,
800719,,False,0,
800723,,False,0,
800725,,False,0,
800728,,False,0,
800729,,False,0,
800731,,False,0,
800745,,False,0,
800804,,False,0,
800863,,False,0,
800912,,False,0,
800925,,False,0,
800930,,False,0,
800936,,False,0,
800937,,False,0,
800939,,False,0,
800945,,False,0,
800967,,False,0,
800971,,False,0,
800975,,False,0,
800976,,False,0,
800978,,False,0,
800994,,False,0,
801028,,False,0,
801030,,False,0,
801207,,False,0,
801209,,False,0,
801214,,False,0,
801216,,False,0,
801221,,False,0,
801225,,False,0,
801226,,False,0,
801228,,False,0,
801230,,False,0,
801308,,False,0,
801325,,False,0,
801335,,False,0,
801346,,False,0,
801349,,False,0,
801375,,False,0,
801393,,False,0,
801396,,False,0,
801510,,False,0,
801516,,False,0,
801517,,False,0,
801519,,False,0,
801521,,False,0,
801536,,False,0,
801568,,False,0,
801572,,False,0,
801652,,False,0,
801656,,False,0,
801664,,False,0,
801797,,False,0,
801801,,False,0,
801872,,False,0,
801910,,False,0,
801932,,False,0,
801944,,False,0,
802049,,False,0,
802056,,False,0,
802218,,False,0,
802239,,False,0,
802245,,False,0,
802246,,False,0,
802248,,False,0,
802250,,False,0,
802350,,False,0,
802354,,False,0,
802359,,False,0,
802427,,False,0,
802449,,False,0,
802483,,False,0,
802500,,False,0,
802518,,False,0,
802541,,False,0,
802576,,False,0,
802600,,False,0,
802604,,False,0,
802626,,False,0,
802629,,False,0,
802636,,False,0,
802710,,False,0,
802775,,False,0,
802797,,False,0,
802801,,False,0,
802841,,False,0,
802852,,False,0,
802868,,False,0,
802875,,False,0,
802889,,False,0,
802891,,False,0,
802911,,False,0,
802934,,False,0,
802959,,False,0,
802969,,False,0,
802977,,False,0,
802982,,False,0,
802984,,False,0,
803004,,False,0,
803012,,False,0,
803034,,False,0,
803037,,False,0,
803043,,False,0,
803044,,False,0,
803046,,False,0,
803048,,False,0,
803056,,False,0,
803105,,False,0,
803135,,False,0,
803139,,False,0,
803574,,False,0,
803578,,False,0,
803624,,False,0,
803672,,False,0,
803687,,False,0,
803690,,False,0,
803705,,False,0,
803748,,False,0,
803754,,False,0,
803755,,False,0,
803757,,False,0,
803759,,False,0,
803927,,False,0,
803945,,False,0,
803974,,False,0,
804028,,False,0,
804045,,False,0,
804049,,False,0,
804342,,False,0,
804383,,False,0,
804389,,False,0,
804390,,False,0,
804392,,False,0,
804394,,False,0,
804399,,False,0,
804433,,False,0,
804449,,False,0,
804480,,False,0,
804519,,False,0,
804561,,False,0,
804567,,False,0,
804602,,False,0,
804626,,False,0,
804650,,False,0,
804818,,False,0,
804827,,False,0,
804838,,False,0,
804842,,False,0,
805042,,False,0,
805079,,False,0,
805085,,False,0,
805086,,False,0,
805088,,False,0,
805090,,False,0,
805346,,False,0,
805367,,False,0,
805453,,False,0,
805487,,False,0,
805515,,False,0,
805525,,False,0,
805622,,False,0,
805624,,False,0,
805637,,False,0,
805643,,False,0,
805647,,False,0,
805653,,False,0,
805704,,False,0,
805714,,False,0,
805720,,False,0,
805870,,False,0,
805913,,False,0,
805921,,False,0,
805928,,False,0,
805930,,False,0,
806109,,False,0,
806113,,False,0,
806200,,False,0,
806275,,False,0,
806281,,False,0,
806481,,False,0,
806487,,False,0,
806489,,False,0,
806494,,False,0,
806499,,False,0,
806506,,False,0,
806513,,False,0,
806520,,False,0,
806527,,False,0,
806532,,False,0,
806542,,False,0,
806549,,False,0,
806556,,False,0,
806563,,False,0,
806570,,False,0,
806577,,False,0,
806584,,False,0,
806591,,False,0,
806598,,False,0,
806605,,False,0,
806612,,False,0,
806616,,False,0,
806623,,False,0,
806632,,False,0,
806639,,False,0,
806654,,False,0,
806661,,False,0,
806666,,False,0,
806673,,False,0,
806682,,False,0,
806689,,False,0,
806696,,False,0,
806703,,False,0,
806708,,False,0,
806715,,False,0,
806722,,False,0,
806730,,False,0,
806736,,False,0,
806739,,False,0,
806744,,False,0,
806746,,False,0,
806765,,False,0,
806772,,False,0,
806790,,False,0,
806812,,False,0,
806831,,False,0,
806844,,False,0,
806861,,False,0,
806886,,False,0,
806899,,False,0,
806917,,False,0,
806944,,False,0,
806960,,False,0,
806975,,False,0,
807006,,False,0,
807015,,False,0,
807037,,False,0,
807046,,False,0,
807064,,False,0,
807073,,False,0,
807099,,False,0,
807105,,False,0,
807114,,False,0,
807122,,False,0,
807129,,False,0,
807149,,False,0,
807153,,False,0,
807154,,False,0,
807156,,False,0,
807235,,False,0,
807245,,False,0,
807249,,False,0,
807287,,False,0,
807293,,False,0,
807358,,False,0,
807471,,False,0,
807477,,False,0,
807528,,False,0,
807614,,False,0,
807792,,False,0,
807796,,False,0,
807812,,False,0,
807818,,False,0,
807906,,False,0,
807999,,False,0,
808005,,False,0,
808006,,False,0,
808008,,False,0,
808043,,False,0,
808135,,False,0,
808137,,False,0,
808229,,False,0,
808248,,False,0,
808249,,False,0,
808251,,False,0,
808269,,False,0,
808387,,False,0,
808389,,False,0,
808438,,False,0,
808444,,False,0,
808445,,False,0,
808447,,False,0,
808449,,False,0,
808529,,False,0,
808573,,False,0,
808671,,False,0,
808679,,False,0,
808683,,False,0,
808684,,False,0,
808686,,False,0,
808695,,False,0,
808745,,False,0,
808747,,False,0,
808780,,False,0,
808781,,False,0,
808783,,False,0,
808807,,False,0,
808860,,False,0,
808862,,False,0,
808875,,False,0,
808897,,False,0,
808945,,False,0,
808951,,False,0,
808959,,False,0,
808969,,False,0,
808970,,False,0,
808972,,False,0,
808989,,False,0,
808995,,False,0,
808996,,False,0,
808998,,False,0,
809007,,False,0,
809212,,False,0,
809214,,False,0,
809329,,False,0,
809334,,False,0,
809335,,False,0,
809338,,False,0,
809385,,False,0,
809463,,False,0,
809465,,False,0,
809490,,False,0,
809516,,False,0,
809522,,False,0,
809523,,False,0,
809525,,False,0,
809531,,False,0,
809573,,False,0,
809627,,False,0,
809629,,False,0,
809906,,False,0,
809912,,False,0,
809913,,False,0,
809915,,False,0,
809917,,False,0,
810109,,False,0,
810132,,False,0,
810455,,False,0,
810461,,False,0,
810463,,False,0,
810468,,False,0,
810478,,False,0,
810490,,False,0,
810497,,False,0,
810507,,False,0,
810514,,False,0,
810523,,False,0,
810528,,False,0,
810533,,False,0,
810538,,False,0,
810553,,False,0,
810560,,False,0,
810567,,False,0,
810574,,False,0,
810581,,False,0,
810586,,False,0,
810593,,False,0,
810600,,False,0,
810607,,False,0,
810614,,False,0,
810619,,False,0,
810630,,False,0,
810637,,False,0,
810642,,False,0,
810649,,False,0,
810656,,False,0,
810663,,False,0,
810670,,False,0,
810677,,False,0,
810684,,False,0,
810691,,False,0,
810699,,False,0,
810705,,False,0,
810710,,False,0,
810712,,False,0,
810720,,False,0,
810743,,False,0,
810750,,False,0,
810785,,False,0,
810814,,False,0,
810824,,False,0,
810838,,False,0,
810849,,False,0,
810857,,False,0,
810877,,False,0,
810888,,False,0,
810898,,False,0,
810907,,False,0,
810915,,False,0,
810928,,False,0,
810936,,False,0,
810945,,False,0,
810952,,False,0,
810988,,False,0,
811012,,False,0,
811018,,False,0,
811025,,False,0,
811032,,False,0,
811057,,False,0,
811083,,False,0,
811087,,False,0,
811088,,False,0,
811090,,False,0,
811092,,False,0,
811094,,False,0,
811103,,False,0,
811229,,False,0,
811282,,False,0,
811286,,False,0,
811312,,False,0,
811339,,False,0,
811351,,False,0,
811356,,False,0,
811373,,False,0,
811379,,False,0,
811380,,False,0,
811382,,False,0,
811384,,False,0,
811432,,False,0,
811546,,False,0,
811606,,False,0,
811613,,False,0,
811617,,False,0,
811653,,False,0,
811744,,False,0,
811762,,False,0,
811777,,False,0,
811783,,False,0,
811785,,False,0,
811809,,False,0,
811823,,False,0,
811827,,False,0,
811830,,False,0,
811877,,False,0,
811889,,False,0,
811921,,False,0,
811934,,False,0,
811938,,False,0,
811956,,False,0,
812016,,False,0,
812112,,False,0,
812148,,False,0,
812153,,False,0,
812159,,False,0,
812161,,False,0,
812162,,False,0,
812164,,False,0,
812177,,False,0,
812211,,False,0,
812213,,False,0,
812240,,False,0,
812242,,False,0,
812256,,False,0,
812269,,False,0,
812292,,False,0,
812330,,False,0,
812332,,False,0,
812341,,False,0,
812474,,False,0,
812478,,False,0,
812600,,False,0,
812602,,False,0,
812612,,False,0,
812619,,False,0,
812627,,False,0,
812760,,False,0,
812850,,False,0,
812854,,False,0,
812866,,False,0,
812872,,False,0,
812873,,False,0,
812875,,False,0,
812877,,False,0,
813043,,False,0,
813075,,False,0,
813082,,False,0,
813120,,False,0,
813142,,False,0,
813155,,False,0,
813202,,False,0,
813207,,False,0,
813231,,False,0,
813245,,False,0,
813251,,False,0,
813253,,False,0,
813273,,False,0,
813289,,False,0,
813321,,False,0,
813344,,False,0,
813357,,False,0,
813366,,False,0,
813390,,False,0,
813404,,False,0,
813416,,False,0,
813435,,False,0,
813460,,False,0,
813491,,False,0,
813502,,False,0,
813524,,False,0,
813530,,False,0,
813569,,False,0,
813577,,False,0,
813585,,False,0,
813605,,False,0,
813612,,False,0,
813630,,False,0,
813650,,False,0,
813696,,False,0,
813704,,False,0,
813724,,False,0,
813734,,False,0,
813738,,False,0,
813739,,False,0,
813741,,False,0,
813791,,False,0,
813837,,False,0,
813905,,False,0,
813937,,False,0,
813943,,False,0,
813944,,False,0,
813946,,False,0,
813965,,False,0,
813967,,False,0,
814324,,False,0,
814392,,False,0,
814398,,False,0,
814399,,False,0,
814401,,False,0,
814494,,False,0,
814496,,False,0,
814516,,False,0,
814523,,False,0,
814527,,False,0,
814655,,False,0,
814663,,False,0,
814844,,False,0,
814848,,False,0,
814858,,False,0,
815116,,False,0,
815122,,False,0,
815123,,False,0,
815125,,False,0,
815127,,False,0,
815271,,False,0,
815397,,False,0,
815408,,False,0,
815490,,False,0,
815495,,False,0,
815499,,False,0,
815559,,False,0,
815563,,False,0,
815666,,False,0,
815672,,False,0,
815673,,False,0,
815675,,False,0,
815682,,False,0,
815717,,False,0,
815719,,False,0,
815724,,False,0,
815730,,False,0,
815734,,False,0,
815735,,False,0,
815737,,False,0,
815739,,False,0,
815772,,False,0,
815780,,False,0,
815795,,False,0,
815812,,False,0,
815963,,False,0,
816008,,False,0,
816013,,False,0,
816017,,False,0,
816028,,False,0,
816092,,False,0,
816096,,False,0,
816110,,False,0,
816137,,False,0,
816156,,False,0,
816216,,False,0,
816222,,False,0,
816223,,False,0,
816225,,False,0,
816227,,False,0,
816240,,False,0,
816340,,False,0,
816343,,False,0,
816544,,False,0,
816563,,False,0,
816567,,False,0,
816586,,False,0,
816596,,False,0,
816917,,False,0,
816922,,False,0,
816950,,False,0,
817000,,False,0,
817006,,False,0,
817007,,False,0,
817009,,False,0,
817011,,False,0,
817096,,False,0,
817125,,False,0,
817158,,False,0,
817172,,False,0,
817175,,False,0,
817283,,False,0,
817287,,False,0,
817318,,False,0,
817322,,False,0,
817325,,False,0,
817336,,False,0,
817338,,False,0,
817355,,False,0,
817357,,False,0,
817359,,False,0,
817361,,False,0,
817367,,False,0,
817372,,False,0,
817377,,False,0,
817384,,False,0,
817386,,False,0,
817392,,False,0,
817399,,False,0,
817401,,False,0,
817419,,False,0,
817421,,False,0,
817425,,False,0,
817430,,False,0,
817491,,False,0,
817511,,False,0,
817521,,False,0,
817553,,False,0,
817557,,False,0,
817604,,False,0,
817606,,False,0,
817615,,False,0,
817620,,False,0,
817622,,False,0,
817626,,False,0,
817628,,False,0,
817644,,False,0,
817648,,False,0,
817677,,False,0,
817687,,False,0,
817693,,False,0,
817694,,False,0,
817696,,False,0,
817698,,False,0,
817703,,False,0,
817705,,False,0,
817720,,False,0,
817724,,False,0,
817732,,False,0,
817738,,False,0,
817740,,False,0,
817747,,False,0,
817754,,False,0,
817761,,False,0,
817766,,False,0,
817773,,False,0,
817780,,False,0,
817785,,False,0,
817793,,False,0,
817803,,False,0,
817810,,False,0,
817818,,False,0,
817823,,False,0,
817830,,False,0,
817835,,False,0,
817840,,False,0,
817851,,False,0,
817858,,False,0,
817863,,False,0,
817868,,False,0,
817873,,False,0,
817878,,False,0,
817884,,False,0,
817891,,False,0,
817896,,False,0,
817903,,False,0,
817910,,False,0,
817917,,False,0,
817924,,False,0,
817931,,False,0,
817938,,False,0,
817943,,False,0,
817949,,False,0,
817955,,False,0,
817957,,False,0,
817971,,False,0,
817984,,False,0,
817993,,False,0,
818022,,False,0,
818038,,False,0,
818057,,False,0,
818079,,False,0,
818095,,False,0,
818106,,False,0,
818126,,False,0,
818141,,False,0,
818152,,False,0,
818159,,False,0,
818169,,False,0,
818188,,False,0,
818207,,False,0,
818220,,False,0,
818235,,False,0,
818246,,False,0,
818254,,False,0,
818264,,False,0,
818274,,False,0,
818283,,False,0,
818290,,False,0,
818308,,False,0,
818312,,False,0,
818313,,False,0,
818315,,False,0,
818434,,False,0,
818440,,False,0,
818460,,False,0,
818464,,False,0,
818465,,False,0,
818467,,False,0,
818474,,False,0,
818520,,False,0,
818525,,False,0,
818526,,False,0,
818528,,False,0,
818533,,False,0,
818539,,False,0,
818540,,False,0,
818542,,False,0,
818552,,False,0,
818611,,False,0,
818613,,False,0,
818868,,False,0,
818874,,False,0,
818875,,False,0,
818877,,False,0,
818879,,False,0,
819419,,False,0,
819425,,False,0,
819440,,False,0,
819442,,False,0,
819451,,False,0,
819519,,False,0,
819526,,False,0,
819582,,False,0,
819587,,False,0,
819591,,False,0,
819592,,False,0,
819594,,False,0,
819608,,False,0,
819614,,False,0,
819615,,False,0,
819617,,False,0,
819674,,False,0,
819676,,False,0,
819682,,False,0,
819749,,False,0,
819779,,False,0,
819792,,False,0,
819798,,False,0,
819956,,False,0,
819972,,False,0,
819976,,False,0,
820000,,False,0,
820023,,False,0,
820027,,False,0,
820029,,False,0,
820038,,False,0,
820040,,False,0,
820044,,False,0,
820094,,False,0,
820098,,False,0,
820100,,False,0,
820104,,False,0,
820116,,False,0,
820120,,False,0,
820124,,False,0,
820149,,False,0,
820152,,False,0,
820158,,False,0,
820159,,False,0,
820161,,False,0,
820163,,False,0,
820171,,False,0,
820174,,False,0,
820211,,False,0,
820223,,False,0,
820232,,False,0,
820242,,False,0,
820248,,False,0,
820256,,False,0,
820267,,False,0,
820279,,False,0,
820310,,False,0,
820335,,False,0,
820341,,False,0,
820373,,False,0,
820402,,False,0,
820414,,False,0,
820420,,False,0,
820428,,False,0,
820436,,False,0,
820462,,False,0,
820468,,False,0,
820475,,False,0,
820483,,False,0,
820499,,False,0,
820506,,False,0,
820552,,False,0,
820594,,False,0,
820652,,False,0,
820766,,False,0,
820769,,False,0,
820810,,False,0,
820818,,False,0,
820831,,False,0,
820834,,False,0,
820848,,False,0,
820868,,False,0,
820872,,False,0,
820875,,False,0,
820879,,False,0,
820908,,False,0,
820920,,False,0,
820927,,False,0,
820939,,False,0,
821092,,False,0,
821101,,False,0,
821135,,False,0,
821146,,False,0,
821152,,False,0,
821154,,False,0,
821176,,False,0,
821198,,False,0,
821217,,False,0,
821240,,False,0,
821265,,False,0,
821286,,False,0,
821293,,False,0,
821311,,False,0,
821317,,False,0,
821330,,False,0,
821355,,False,0,
821364,,False,0,
821370,,False,0,
821379,,False,0,
821388,,False,0,
821393,,False,0,
821406,,False,0,
821423,,False,0,
821432,,False,0,
821459,,False,0,
821469,,False,0,
821476,,False,0,
821489,,False,0,
821512,,False,0,
821522,,False,0,
821526,,False,0,
821529,,False,0,
821567,,False,0,
821680,,False,0,
821685,,False,0,
821729,,False,0,
821735,,False,0,
821736,,False,0,
821738,,False,0,
821740,,False,0,
821779,,False,0,
821797,,False,0,
821846,,False,0,
821987,,False,0,
821990,,False,0,
822132,,False,0,
822138,,False,0,
822139,,False,0,
822141,,False,0,
822143,,False,0,
822320,,False,0,
822405,,False,0,
822407,,False,0,
822426,,False,0,
822438,,False,0,
822595,,False,0,
822599,,False,0,
822736,,False,0,
822779,,False,0,
822804,,False,0,
822815,,False,0,
822829,,False,0,
822860,,False,0,
822868,,False,0,
822891,,False,0,
822897,,False,0,
822898,,False,0,
822900,,False,0,
822902,,False,0,
822904,,False,0,
822906,,False,0,
822908,,False,0,
822910,,False,0,
822911,,False,0,
822913,,False,0,
822915,,False,0,
822942,,False,0,
822948,,False,0,
822952,,False,0,
822972,,False,0,
823010,,False,0,
823083,,False,0,
823108,,False,0,
823120,,False,0,
823131,,False,0,
823179,,False,0,
823189,,False,0,
823191,,False,0,
823235,,False,0,
823240,,False,0,
823261,,False,0,
823330,,False,0,
823332,,False,0,
823336,,False,0,
823340,,False,0,
823342,,False,0,
823345,,False,0,
823347,,False,0,
823389,,False,0,
823415,,False,0,
823420,,False,0,
823426,,False,0,
823428,,False,0,
823429,,False,0,
823431,,False,0,
823461,,False,0,
823501,,False,0,
823511,,False,0,
823582,,False,0,
823588,,False,0,
823589,,False,0,
823591,,False,0,
823593,,False,0,
823610,,False,0,
823696,,False,0,
823726,,False,0,
824198,,False,0,
824204,,False,0,
824214,,False,0,
824216,,False,0,
824233,,False,0,
824256,,False,0,
824290,,False,0,
824306,,False,0,
824322,,False,0,
824345,,False,0,
824363,,False,0,
824384,,False,0,
824395,,False,0,
824419,,False,0,
824433,,False,0,
824447,,False,0,
824457,,False,0,
824468,,False,0,
824498,,False,0,
824510,,False,0,
824526,,False,0,
824542,,False,0,
824549,,False,0,
824559,,False,0,
824565,,False,0,
824577,,False,0,
824585,,False,0,
824611,,False,0,
824624,,False,0,
824631,,False,0,
824635,,False,0,
824636,,False,0,
824638,,False,0,
824640,,False,0,
825021,,False,0,
825027,,False,0,
825029,,False,0,
825067,,False,0,
825073,,False,0,
825074,,False,0,
825076,,False,0,
825078,,False,0,
825257,,False,0,
825281,,False,0,
825627,,False,0,
825643,,False,0,
825654,,False,0,
825688,,False,0,
825694,,False,0,
825695,,False,0,
825697,,False,0,
825699,,False,0,
825948,,False,0,
825954,,False,0,
825990,,False,0,
826016,,False,0,
826096,,False,0,
826201,,False,0,
826206,,False,0,
826238,,False,0,
826241,,False,0,
826255,,False,0,
826271,,False,0,
826360,,False,0,
826362,,False,0,
826365,,False,0,
826563,,False,0,
826569,,False,0,
826570,,False,0,
826572,,False,0,
826574,,False,0,
826624,,False,0,
826631,,False,0,
826691,,False,0,
826818,,False,0,
826894,,False,0,
826925,,False,0,
826928,,False,0,
826990,,False,0,
827015,,False,0,
827085,,False,0,
827089,,False,0,
827116,,False,0,
827122,,False,0,
827138,,False,0,
827153,,False,0,
827161,,False,0,
827168,,False,0,
827170,,False,0,
827189,,False,0,
827207,,False,0,
827244,,False,0,
827253,,False,0,
827259,,False,0,
827260,,False,0,
827262,,False,0,
827271,,False,0,
827312,,False,0,
827314,,False,0,
827316,,False,0,
827325,,False,0,
827327,,False,0,
827364,,False,0,
827375,,False,0,
827399,,False,0,
827408,,False,0,
827410,,False,0,
827421,,False,0,
827423,,False,0,
827453,,False,0,
827458,,False,0,
827459,,False,0,
827461,,False,0,
827473,,False,0,
827513,,False,0,
827515,,False,0,
827558,,False,0,
827564,,False,0,
827565,,False,0,
827567,,False,0,
827569,,False,0,
827580,,False,0,
827582,,False,0,
827593,,False,0,
827618,,False,0,
827712,,False,0,
827720,,False,0,
827726,,False,0,
827734,,False,0,
827770,,False,0,
827791,,False,0,
827793,,False,0,
827795,,False,0,
827803,,False,0,
827805,,False,0,
827824,,False,0,
827836,,False,0,
827839,,False,0,
827845,,False,0,
827848,,False,0,
827873,,False,0,
827907,,False,0,
827925,,False,0,
827970,,False,0,
827974,,False,0,
827997,,False,0,
828030,,False,0,
828061,,False,0,
828072,,False,0,
828092,,False,0,
828104,,False,0,
828107,,False,0,
828112,,False,0,
828132,,False,0,
828141,,False,0,
828145,,False,0,
828157,,False,0,
828162,,False,0,
828173,,False,0,
828177,,False,0,
828330,,False,0,
828368,,False,0,
828376,,False,0,
828389,,False,0,
828393,,False,0,
828416,,False,0,
828422,,False,0,
828425,,False,0,
828427,,False,0,
828435,,False,0,
828455,,False,0,
828465,,False,0,
828481,,False,0,
828524,,False,0,
828535,,False,0,
828556,,False,0,
828562,,False,0,
828574,,False,0,
828578,,False,0,
828580,,False,0,
828586,,False,0,
828601,,False,0,
828624,,False,0,
828644,,False,0,
828667,,False,0,
828671,,False,0,
828712,,False,0,
828717,,False,0,
828723,,False,0,
828725,,False,0,
828744,,False,0,
828755,,False,0,
828811,,False,0,
828822,,False,0,
828828,,False,0,
828830,,False,0,
828849,,False,0,
828906,,False,0,
828908,,False,0,
828912,,False,0,
828914,,False,0,
829010,,False,0,
829028,,False,0,
829086,,False,0,
829275,,False,0,
829286,,False,0,
829292,,False,0,
829293,,False,0,
829295,,False,0,
829297,,False,0,
829335,,False,0,
829702,,False,0,
829704,,False,0,
829720,,False,0,
829723,,False,0,
829725,,False,0,
829914,,False,0,
829963,,False,0,
829968,,False,0,
829971,,False,0,
830012,,False,0,
830129,,False,0,
830131,,False,0,
830152,,False,0,
830156,,False,0,
830176,,False,0,
830213,,False,0,
830219,,False,0,
830221,,False,0,
830245,,False,0,
830250,,False,0,
830252,,False,0,
830257,,False,0,
830265,,False,0,
830271,,False,0,
830343,,False,0,
830418,,False,0,
830424,,False,0,
830426,,False,0,
830563,,False,0,
830569,,False,0,
830571,,False,0,
830576,,False,0,
830581,,False,0,
830586,,False,0,
830595,,False,0,
830604,,False,0,
830609,,False,0,
830616,,False,0,
830623,,False,0,
830630,,False,0,
830637,,False,0,
830646,,False,0,
830651,,False,0,
830656,,False,0,
830661,,False,0,
830668,,False,0,
830675,,False,0,
830680,,False,0,
830687,,False,0,
830692,,False,0,
830698,,False,0,
830703,,False,0,
830709,,False,0,
830714,,False,0,
830719,,False,0,
830724,,False,0,
830731,,False,0,
830738,,False,0,
830745,,False,0,
830749,,False,0,
830756,,False,0,
830764,,False,0,
830770,,False,0,
830785,,False,0,
830787,,False,0,
830812,,False,0,
830840,,False,0,
830860,,False,0,
830889,,False,0,
830898,,False,0,
830905,,False,0,
830937,,False,0,
830945,,False,0,
830956,,False,0,
830974,,False,0,
830980,,False,0,
830993,,False,0,
831013,,False,0,
831020,,False,0,
831058,,False,0,
831078,,False,0,
831089,,False,0,
831105,,False,0,
831111,,False,0,
831118,,False,0,
831125,,False,0,
831132,,False,0,
831139,,False,0,
831151,,False,0,
831165,,False,0,
831169,,False,0,
831255,,False,0,
831263,,False,0,
831264,,False,0,
831266,,False,0,
831329,,False,0,
831348,,False,0,
831353,,False,0,
831359,,False,0,
831360,,False,0,
831362,,False,0,
831374,,False,0,
831415,,False,0,
831417,,False,0,
831426,,False,0,
831439,,False,0,
831441,,False,0,
831451,,False,0,
831453,,False,0,
831461,,False,0,
831463,,False,0,
831520,,False,0,
831523,,False,0,
831527,,False,0,
831597,,False,0,
831603,,False,0,
831604,,False,0,
831713,,False,0,
831917,,False,0,
831921,,False,0,
832101,,False,0,
832109,,False,0,
832126,,False,0,
832129,,False,0,
832133,,False,0,
832165,,False,0,
832269,,False,0,
832277,,False,0,
832327,,False,0,
832348,,False,0,
832390,,False,0,
832403,,False,0,
832419,,False,0,
832433,,False,0,
832435,,False,0,
832440,,False,0,
832446,,False,0,
832447,,False,0,
832449,,False,0,
832462,,False,0,
832498,,False,0,
832500,,False,0,
832506,,False,0,
832545,,False,0,
832549,,False,0,
832564,,False,0,
832592,,False,0,
832613,,False,0,
832615,,False,0,
832644,,False,0,
832654,,False,0,
832687,,False,0,
832698,,False,0,
832702,,False,0,
832705,,False,0,
832716,,False,0,
832748,,False,0,
832750,,False,0,
832756,,False,0,
832855,,False,0,
832856,,False,0,
832858,,False,0,
832871,,False,0,
832877,,False,0,
832878,,False,0,
832880,,False,0,
832926,,False,0,
832928,,False,0,
832935,,False,0,
832943,,False,0,
832986,,False,0,
832991,,False,0,
832995,,False,0,
832996,,False,0,
832998,,False,0,
833040,,False,0,
833079,,False,0,
833085,,False,0,
833158,,False,0,
833254,,False,0,
833260,,False,0,
833421,,False,0,
833422,,False,0,
833424,,False,0,
833482,,False,0,
833496,,False,0,
833499,,False,0,
833505,,False,0,
833508,,False,0,
833519,,False,0,
833586,,False,0,
833588,,False,0,
833673,,False,0,
833691,,False,0,
833697,,False,0,
833700,,False,0,
833709,,False,0,
833711,,False,0,
833747,,False,0,
833784,,False,0,
833805,,False,0,
833837,,False,0,
833846,,False,0,
833865,,False,0,
833882,,False,0,
833897,,False,0,
833908,,False,0,
833931,,False,0,
833948,,False,0,
833961,,False,0,
833984,,False,0,
833999,,False,0,
834018,,False,0,
834053,,False,0,
834062,,False,0,
834102,,False,0,
834130,,False,0,
834146,,False,0,
834153,,False,0,
834185,,False,0,
834192,,False,0,
834198,,False,0,
834209,,False,0,
834210,,False,0,
834215,,False,0,
834219,,False,0,
834476,,False,0,
834478,,False,0,
834483,,False,0,
834489,,False,0,
834492,,False,0,
834509,,False,0,
834538,,False,0,
834564,,False,0,
834570,,False,0,
834571,,False,0,
834573,,False,0,
834591,,False,0,
834593,,False,0,
834707,,False,0,
834719,,False,0,
834727,,False,0,
834738,,False,0,
834748,,False,0,
834768,,False,0,
834770,,False,0,
834861,,False,0,
834863,,False,0,
834910,,False,0,
834914,,False,0,
834922,,False,0,
834932,,False,0,
835031,,False,0,
835044,,False,0,
835060,,False,0,
835068,,False,0,
835078,,False,0,
835092,,False,0,
835120,,False,0,
835122,,False,0,
835140,,False,0,
835159,,False,0,
835175,,False,0,
835177,,False,0,
835189,,False,0,
835245,,False,0,
835247,,False,0,
835273,,False,0,
835281,,False,0,
835283,,False,0,
835328,,False,0,
835337,,False,0,
835350,,False,0,
835377,,False,0,
835386,,False,0,
835388,,False,0,
835391,,False,0,
835398,,False,0,
835406,,False,0,
835408,,False,0,
835419,,False,0,
835423,,False,0,
835425,,False,0,
835427,,False,0,
835438,,False,0,
835442,,False,0,
835460,,False,0,
835486,,False,0,
835497,,False,0,
835498,,False,0,
835500,,False,0,
835501,,False,0,
835508,,False,0,
835512,,False,0,
835515,,False,0,
835521,,False,0,
835522,,False,0,
835525,,False,0,
835526,,False,0,
835531,,False,0,
835532,,False,0,
835534,,False,0,
835549,,False,0,
835633,,False,0,
835635,,False,0,
835987,,False,0,
836102,,False,0,
836130,,False,0,
836136,,False,0,
836137,,False,0,
836139,,False,0,
836141,,False,0,
836353,,False,0,
836515,,False,0,
836686,,False,0,
836711,,False,0,
836722,,False,0,
836746,,False,0,
836786,,False,0,
836801,,False,0,
836806,,False,0,
836817,,False,0,
836819,,False,0,
836893,,False,0,
836897,,False,0,
836917,,False,0,
836925,,False,0,
836931,,False,0,
836933,,False,0,
836934,,False,0,
836936,,False,0,
836968,,False,0,
837042,,False,0,
837149,,False,0,
837155,,False,0,
837156,,False,0,
837158,,False,0,
837191,,False,0,
837193,,False,0,
837209,,False,0,
837219,,False,0,
837524,,False,0,
837530,,False,0,
837532,,False,0,
837578,,False,0,
837594,,False,0,
837617,,False,0,
837632,,False,0,
837642,,False,0,
837666,,False,0,
837681,,False,0,
837691,,False,0,
837713,,False,0,
837729,,False,0,
837750,,False,0,
837757,,False,0,
837773,,False,0,
837791,,False,0,
837798,,False,0,
837809,,False,0,
837816,,False,0,
837829,,False,0,
837858,,False,0,
837871,,False,0,
837902,,False,0,
837917,,False,0,
837930,,False,0,
837939,,False,0,
837948,,False,0,
837961,,False,0,
837965,,False,0,
837966,,False,0,
837968,,False,0,
837977,,False,0,
838020,,False,0,
838065,,False,0,
838072,,False,0,
838076,,False,0,
838077,,False,0,
838079,,False,0,
838081,,False,0,
838136,,False,0,
838231,,False,0,
838237,,False,0,
838270,,False,0,
838286,,False,0,
838292,,False,0,
838293,,False,0,
838295,,False,0,
838297,,False,0,
838373,,False,0,
838380,,False,0,
838388,,False,0,
838725,,False,0,
838736,,False,0,
838740,,False,0,
838780,,False,0,
838806,,False,0,
838836,,False,0,
838842,,False,0,
838843,,False,0,
838845,,False,0,
838847,,False,0,
838981,,False,0,
838987,,False,0,
839007,,False,0,
839034,,False,0,
839043,,False,0,
839113,,False,0,
839117,,False,0,
839341,,False,0,
839356,,False,0,
839374,,False,0,
839381,,False,0,
839604,,False,0,
839607,,False,0,
839620,,False,0,
839622,,False,0,
839628,,False,0,
839630,,False,0,
839634,,False,0,
839636,,False,0,
839641,,False,0,
839662,,False,0,
839671,,False,0,
839675,,False,0,
839678,,False,0,
839689,,False,0,
839699,,False,0,
839715,,False,0,
839717,,False,0,
839727,,False,0,
839757,,False,0,
839760,,False,0,
839771,,False,0,
839777,,False,0,
839778,,False,0,
839780,,False,0,
839782,,False,0,
839821,,False,0,
839839,,False,0,
839849,,False,0,
839908,,False,0,
839912,,False,0,
839916,,False,0,
839923,,False,0,
839944,,False,0,
839953,,False,0,
840158,,False,0,
840160,,False,0,
840166,,False,0,
840168,,False,0,
840169,,False,0,
840171,,False,0,
840173,,False,0,
840469,,False,0,
840473,,False,0,
840476,,False,0,
840482,,False,0,
840486,,False,0,
840564,,False,0,
840568,,False,0,
840575,,False,0,
840581,,False,0,
840587,,False,0,
840590,,False,0,
840598,,False,0,
840602,,False,0,
840611,,False,0,
840634,,False,0,
840640,,False,0,
840646,,False,0,
840649,,False,0,
840652,,False,0,
840655,,False,0,
840659,,False,0,
840662,,False,0,
840668,,False,0,
840672,,False,0,
840793,,False,0,
840795,,False,0,
840801,,False,0,
840835,,False,0,
840841,,False,0,
840843,,False,0,
840844,,False,0,
840846,,False,0,
840848,,False,0,
840861,,False,0,
840865,,False,0,
840890,,False,0,
840894,,False,0,
840898,,False,0,
840932,,False,0,
840936,,False,0,
840959,,False,0,
840971,,False,0,
840976,,False,0,
840978,,False,0,
840980,,False,0,
840990,,False,0,
841007,,False,0,
841011,,False,0,
841013,,False,0,
841023,,False,0,
841029,,False,0,
841032,,False,0,
841054,,False,0,
841058,,False,0,
841060,,False,0,
841064,,False,0,
841066,,False,0,
841073,,False,0,
841077,,False,0,
841079,,False,0,
841082,,False,0,
841085,,False,0,
841101,,False,0,
841122,,False,0,
841158,,False,0,
841200,,False,0,
841205,,False,0,
841211,,False,0,
841213,,False,0,
841241,,False,0,
841283,,False,0,
841296,,False,0,
841305,,False,0,
841318,,False,0,
841337,,False,0,
841375,,False,0,
841386,,False,0,
841392,,False,0,
841416,,False,0,
841424,,False,0,
841442,,False,0,
841465,,False,0,
841478,,False,0,
841499,,False,0,
841506,,False,0,
841513,,False,0,
841532,,False,0,
841542,,False,0,
841553,,False,0,
841562,,False,0,
841571,,False,0,
841587,,False,0,
841596,,False,0,
841604,,False,0,
841608,,False,0,
841609,,False,0,
841611,,False,0,
841618,,False,0,
841661,,False,0,
841663,,False,0,
841674,,False,0,
841676,,False,0,
841686,,False,0,
841688,,False,0,
841715,,False,0,
841717,,False,0,
841721,,False,0,
841723,,False,0,
841728,,False,0,
841735,,False,0,
841744,,False,0,
841756,,False,0,
841767,,False,0,
841781,,False,0,
841783,,False,0,
841792,,False,0,
841799,,False,0,
841801,,False,0,
841806,,False,0,
841808,,False,0,
841828,,False,0,
841878,,False,0,
841881,,False,0,
841885,,False,0,
841891,,False,0,
841892,,False,0,
841894,,False,0,
841906,,False,0,
841912,,False,0,
841913,,False,0,
841915,,False,0,
841922,,False,0,
841968,,False,0,
842010,,False,0,
842012,,False,0,
842083,,False,0,
842089,,False,0,
842091,,False,0,
842092,,False,0,
842094,,False,0,
842096,,False,0,
842116,,False,0,
842120,,False,0,
842244,,False,0,
842332,,False,0,
842507,,False,0,
842511,,False,0,
842541,,False,0,
842715,,False,0,
842826,,False,0,
842828,,False,0,
842834,,False,0,
842835,,False,0,
842837,,False,0,
842839,,False,0,
842902,,False,0,
843033,,False,0,
843035,,False,0,
843059,,False,0,
843072,,False,0,
843087,,False,0,
843103,,False,0,
843106,,False,0,
843185,,False,0,
843191,,False,0,
843192,,False,0,
843194,,False,0,
843204,,False,0,
843244,,False,0,
843247,,False,0,
843251,,False,0,
843252,,False,0,
843254,,False,0,
843256,,False,0,
843282,,False,0,
843329,,False,0,
843375,,False,0,
843378,,False,0,
843422,,False,0,
843477,,False,0,
843521,,False,0,
843557,,False,0,
843690,,False,0,
843711,,False,0,
843731,,False,0,
843750,,False,0,
843756,,False,0,
843757,,False,0,
843759,,False,0,
843761,,False,0,
843777,,False,0,
843791,,False,0,
843864,,False,0,
843884,,False,0,
843929,,False,0,
843933,,False,0,
843936,,False,0,
844128,,False,0,
844142,,False,0,
844175,,False,0,
844196,,False,0,
844205,,False,0,
844389,,False,0,
844435,,False,0,
844451,,False,0,
844593,,False,0,
844636,,False,0,
844652,,False,0,
844658,,False,0,
844660,,False,0,
844687,,False,0,
844706,,False,0,
844731,,False,0,
844758,,False,0,
844803,,False,0,
844835,,False,0,
844848,,False,0,
844859,,False,0,
844866,,False,0,
844876,,False,0,
844910,,False,0,
844917,,False,0,
844930,,False,0,
844939,,False,0,
844979,,False,0,
844998,,False,0,
845005,,False,0,
845021,,False,0,
845028,,False,0,
845038,,False,0,
845044,,False,0,
845053,,False,0,
845063,,False,0,
845072,,False,0,
845083,,False,0,
845087,,False,0,
845088,,False,0,
845090,,False,0,
845103,,False,0,
845147,,False,0,
845155,,False,0,
845165,,False,0,
845166,,False,0,
845168,,False,0,
845180,,False,0,
845194,,False,0,
845224,,False,0,
845226,,False,0,
845234,,False,0,
845245,,False,0,
845268,,False,0,
845279,,False,0,
845288,,False,0,
845290,,False,0,
845305,,False,0,
845323,,False,0,
845332,,False,0,
845336,,False,0,
845343,,False,0,
845345,,False,0,
845361,,False,0,
845363,,False,0,
845367,,False,0,
845369,,False,0,
845384,,False,0,
845387,,False,0,
845393,,False,0,
845457,,False,0,
845463,,False,0,
845465,,False,0,
845481,,False,0,
845525,,False,0,
845527,,False,0,
845566,,False,0,
845568,,False,0,
845595,,False,0,
845605,,False,0,
845613,,False,0,
845621,,False,0,
845645,,False,0,
845654,,False,0,
845753,,False,0,
845875,,False,0,
845882,,False,0,
845894,,False,0,
845903,,False,0,
845916,,False,0,
845918,,False,0,
845951,,False,0,
845955,,False,0,
845970,,False,0,
845978,,False,0,
845980,,False,0,
846005,,False,0,
846015,,False,0,
846065,,False,0,
846071,,False,0,
846072,,False,0,
846074,,False,0,
846076,,False,0,
846130,,False,0,
846143,,False,0,
846199,,False,0,
846254,,False,0,
846259,,False,0,
846262,,False,0,
846264,,False,0,
846266,,False,0,
846272,,False,0,
846274,,False,0,
846278,,False,0,
846282,,False,0,
846284,,False,0,
846288,,False,0,
846291,,False,0,
846293,,False,0,
846506,,False,0,
846510,,False,0,
846522,,False,0,
846631,,False,0,
846644,,False,0,
846651,,False,0,
846653,,False,0,
846660,,False,0,
846663,,False,0,
846665,,False,0,
846670,,False,0,
846672,,False,0,
846675,,False,0,
846681,,False,0,
846684,,False,0,
846686,,False,0,
846724,,False,0,
846737,,False,0,
846743,,False,0,
846767,,False,0,
846784,,False,0,
846795,,False,0,
846807,,False,0,
846814,,False,0,
846829,,False,0,
846852,,False,0,
846859,,False,0,
846865,,False,0,
846881,,False,0,
846897,,False,0,
846908,,False,0,
846928,,False,0,
846935,,False,0,
846942,,False,0,
846951,,False,0,
846989,,False,0,
846997,,False,0,
847018,,False,0,
847029,,False,0,
847036,,False,0,
847045,,False,0,
847055,,False,0,
847059,,False,0,
847060,,False,0,
847062,,False,0,
847079,,False,0,
847153,,False,0,
847237,,False,0,
847244,,False,0,
847249,,False,0,
847253,,False,0,
847254,,False,0,
847263,,False,0,
847293,,False,0,
847295,,False,0,
847299,,False,0,
847303,,False,0,
847306,,False,0,
847309,,False,0,
847315,,False,0,
847316,,False,0,
847318,,False,0,
847356,,False,0,
847375,,False,0,
847403,,False,0,
847415,,False,0,
847496,,False,0,
847590,,False,0,
847592,,False,0,
847728,,False,0,
847741,,False,0,
847943,,False,0,
847963,,False,0,
848071,,False,0,
848083,,False,0,
848105,,False,0,
848111,,False,0,
848140,,False,0,
848146,,False,0,
848151,,False,0,
848208,,False,0,
848214,,False,0,
848215,,False,0,
848217,,False,0,
848219,,False,0,
848221,,False,0,
848241,,False,0,
848395,,False,0,
848399,,False,0,
848435,,False,0,
848440,,False,0,
848795,,False,0,
848801,,False,0,
848802,,False,0,
848804,,False,0,
848806,,False,0,
849575,,False,0,
849581,,False,0,
849582,,False,0,
849584,,False,0,
849596,,False,0,
849650,,False,0,
849696,,False,0,
849705,,False,0,
849709,,False,0,
849714,,False,0,
849718,,False,0,
849719,,False,0,
849721,,False,0,
849723,,False,0,
849736,,False,0,
850407,,False,0,
850414,,False,0,
850614,,False,0,
850620,,False,0,
850621,,False,0,
850623,,False,0,
850625,,False,0,
850675,,False,0,
850681,,False,0,
851366,,False,0,
851374,,False,0,
851422,,False,0,
851457,,False,0,
851472,,False,0,
851475,,False,0,
851699,,False,0,
851719,,False,0,
851723,,False,0,
851734,,False,0,
851740,,False,0,
851743,,False,0,
851746,,False,0,
851787,,False,0,
851801,,False,0,
851930,,False,0,
851944,,False,0,
852042,,False,0,
852051,,False,0,
852067,,False,0,
852078,,False,0,
852090,,False,0,
852101,,False,0,
852111,,False,0,
852120,,False,0,
852146,,False,0,
852153,,False,0,
852283,,False,0,
852287,,False,0,
852291,,False,0,
852382,,False,0,
852385,,False,0,
852387,,False,0,
852441,,False,0,
852499,,False,0,
852504,,False,0,
852510,,False,0,
852511,,False,0,
852513,,False,0,
852528,,False,0,
852547,,False,0,
852581,,False,0,
852584,,False,0,
852588,,False,0,
852589,,False,0,
852591,,False,0,
852610,,False,0,
852660,,False,0,
852734,,False,0,
852739,,False,0,
852743,,False,0,
852744,,False,0,
852746,,False,0,
852756,,False,0,
852785,,False,0,
852787,,False,0,
852791,,False,0,
852794,,False,0,
852797,,False,0,
852802,,False,0,
852803,,False,0,
852805,,False,0,
852818,,False,0,
852860,,False,0,
852863,,False,0,
852867,,False,0,
852868,,False,0,
852870,,False,0,
852884,,False,0,
852927,,False,0,
852933,,False,0,
852939,,False,0,
852940,,False,0,
852942,,False,0,
852946,,False,0,
852994,,False,0,
853132,,False,0,
853226,,False,0,
853300,,False,0,
853306,,False,0,
853309,,False,0,
853315,,False,0,
853317,,False,0,
853319,,False,0,
853321,,False,0,
853333,,False,0,
853349,,False,0,
853362,,False,0,
853383,,False,0,
853395,,False,0,
853418,,False,0,
853432,,False,0,
853463,,False,0,
853474,,False,0,
853501,,False,0,
853512,,False,0,
853526,,False,0,
853533,,False,0,
853548,,False,0,
853567,,False,0,
853574,,False,0,
853591,,False,0,
853600,,False,0,
853624,,False,0,
853637,,False,0,
853649,,False,0,
853665,,False,0,
853674,,False,0,
853688,,False,0,
853697,,False,0,
853701,,False,0,
853703,,False,0,
853704,,False,0,
853713,,False,0,
853798,,False,0,
853866,,False,0,
853868,,False,0,
854081,,False,0,
854260,,False,0,
854290,,False,0,
854296,,False,0,
854302,,False,0,
854304,,False,0,
854306,,False,0,
854321,,False,0,
854333,,False,0,
854343,,False,0,
854364,,False,0,
854376,,False,0,
854393,,False,0,
854408,,False,0,
854420,,False,0,
854431,,False,0,
854440,,False,0,
854450,,False,0,
854464,,False,0,
854471,,False,0,
854484,,False,0,
854500,,False,0,
854521,,False,0,
854528,,False,0,
854538,,False,0,
854547,,False,0,
854557,,False,0,
854568,,False,0,
854593,,False,0,
854616,,False,0,
854626,,False,0,
854647,,False,0,
854651,,False,0,
854653,,False,0,
854654,,False,0,
854656,,False,0,
854682,,False,0,
854742,,False,0,
854799,,False,0,
854801,,False,0,
854858,,False,0,
854978,,False,0,
854984,,False,0,
854985,,False,0,
854987,,False,0,
854989,,False,0,
855013,,False,0,
855017,,False,0,
855023,,False,0,
855228,,False,0,
855232,,False,0,
855398,,False,0,
855404,,False,0,
855405,,False,0,
855407,,False,0,
855409,,False,0,
855629,,False,0,
855639,,False,0,
855662,,False,0,
855698,,False,0,
855702,,False,0,
855724,,False,0,
855728,,False,0,
855770,,False,0,
855780,,False,0,
855899,,False,0,
856135,,False,0,
856166,,False,0,
856207,,False,0,
856209,,False,0,
856211,,False,0,
856245,,False,0,
856255,,False,0,
856259,,False,0,
856275,,False,0,
856277,,False,0,
856327,,False,0,
856356,,False,0,
856362,,False,0,
856363,,False,0,
856365,,False,0,
856367,,False,0,
856377,,False,0,
856425,,False,0,
856566,,False,0,
856692,,False,0,
856698,,False,0,
856699,,False,0,
856701,,False,0,
856703,,False,0,
856740,,False,0,
856945,,False,0,
856963,,False,0,
856967,,False,0,
856979,,False,0,
856997,,False,0,
857001,,False,0,
857006,,False,0,
857010,,False,0,
857014,,False,0,
857017,,False,0,
857046,,False,0,
857049,,False,0,
857100,,False,0,
857125,,False,0,
857127,,False,0,
857165,,False,0,
857206,,False,0,
857212,,False,0,
857218,,False,0,
857221,,False,0,
857223,,False,0,
857245,,False,0,
857256,,False,0,
857280,,False,0,
857304,,False,0,
857311,,False,0,
857329,,False,0,
857361,,False,0,
857378,,False,0,
857402,,False,0,
857423,,False,0,
857431,,False,0,
857449,,False,0,
857472,,False,0,
857481,,False,0,
857487,,False,0,
857496,,False,0,
857505,,False,0,
857517,,False,0,
857526,,False,0,
857536,,False,0,
857547,,False,0,
857571,,False,0,
857585,,False,0,
857592,,False,0,
857600,,False,0,
857619,,False,0,
857623,,False,0,
857624,,False,0,
857626,,False,0,
857635,,False,0,
857682,,False,0,
857724,,False,0,
857730,,False,0,
857731,,False,0,
857733,,False,0,
857745,,False,0,
857814,,False,0,
857851,,False,0,
857857,,False,0,
857859,,False,0,
857861,,False,0,
857905,,False,0,
858000,,False,0,
858121,,False,0,
858137,,False,0,
858142,,False,0,
858148,,False,0,
858149,,False,0,
858151,,False,0,
858161,,False,0,
858205,,False,0,
858212,,False,0,
858217,,False,0,
858219,,False,0,
858222,,False,0,
858226,,False,0,
858227,,False,0,
858229,,False,0,
858244,,False,0,
858307,,False,0,
858362,,False,0,
858364,,False,0,
858499,,False,0,
858642,,False,0,
858698,,False,0,
858716,,False,0,
858727,,False,0,
858735,,False,0,
858782,,False,0,
858792,,False,0,
858798,,False,0,
858799,,False,0,
858802,,False,0,
858803,,False,0,
858805,,False,0,
858819,,False,0,
858869,,False,0,
858951,,False,0,
858954,,False,0,
858960,,False,0,
858962,,False,0,
858964,,False,0,
858988,,False,0,
859008,,False,0,
859033,,False,0,
859044,,False,0,
859064,,False,0,
859076,,False,0,
859083,,False,0,
859099,,False,0,
859110,,False,0,
859117,,False,0,
859133,,False,0,
859152,,False,0,
859165,,False,0,
859173,,False,0,
859189,,False,0,
859218,,False,0,
859227,,False,0,
859246,,False,0,
859267,,False,0,
859274,,False,0,
859286,,False,0,
859295,,False,0,
859306,,False,0,
859334,,False,0,
859343,,False,0,
859351,,False,0,
859353,,False,0,
859357,,False,0,
859359,,False,0,
859360,,False,0,
859362,,False,0,
859368,,False,0,
859394,,False,0,
859396,,False,0,
859398,,False,0,
859408,,False,0,
859410,,False,0,
859413,,False,0,
859417,,False,0,
859419,,False,0,
859420,,False,0,
859422,,False,0,
859436,,False,0,
859474,,False,0,
859476,,False,0,
859489,,False,0,
859569,,False,0,
859575,,False,0,
859576,,False,0,
859578,,False,0,
859580,,False,0,
859779,,False,0,
859800,,False,0,
859824,,False,0,
859838,,False,0,
859851,,False,0,
859892,,False,0,
859920,,False,0,
859928,,False,0,
859945,,False,0,
859955,,False,0,
859961,,False,0,
859996,,False,0,
860002,,False,0,
860008,,False,0,
860015,,False,0,
860016,,False,0,
860018,,False,0,
860025,,False,0,
860056,,False,0,
860058,,False,0,
860164,,False,0,
860177,,False,0,
860197,,False,0,
860210,,False,0,
860235,,False,0,
860282,,False,0,
860284,,False,0,
860303,,False,0,
860323,,False,0,
860341,,False,0,
860346,,False,0,
860355,,False,0,
860357,,False,0,
860373,,False,0,
860392,,False,0,
860410,,False,0,
860415,,False,0,
860419,,False,0,
860420,,False,0,
860422,,False,0,
860430,,False,0,
860472,,False,0,
860474,,False,0,
860517,,False,0,
860524,,False,0,
860536,,False,0,
860546,,False,0,
860548,,False,0,
860577,,False,0,
860595,,False,0,
860601,,False,0,
860607,,False,0,
860609,,False,0,
860610,,False,0,
860612,,False,0,
860634,,False,0,
860725,,False,0,
860735,,False,0,
860740,,False,0,
860746,,False,0,
860747,,False,0,
860749,,False,0,
860868,,False,0,
861151,,False,0,
861153,,False,0,
861234,,False,0,
861317,,False,0,
861362,,False,0,
861418,,False,0,
861427,,False,0,
861470,,False,0,
861589,,False,0,
861599,,False,0,
861605,,False,0,
861606,,False,0,
861608,,False,0,
861610,,False,0,
861653,,False,0,
861716,,False,0,
861739,,False,0,
861756,,False,0,
861757,,False,0,
861759,,False,0,
861806,,False,0,
861811,,False,0,
861815,,False,0,
861816,,False,0,
861818,,False,0,
861820,,False,0,
862029,,False,0,
862127,,False,0,
862206,,False,0,
862222,,False,0,
862229,,False,0,
862230,,False,0,
862232,,False,0,
862242,,False,0,
862262,,False,0,
862268,,False,0,
862269,,False,0,
862271,,False,0,
862285,,False,0,
862287,,False,0,
862368,,False,0,
862382,,False,0,
862403,,False,0,
862429,,False,0,
862448,,False,0,
862453,,False,0,
862454,,False,0,
862456,,False,0,
862539,,False,0,
862544,,False,0,
862545,,False,0,
862547,,False,0,
862551,,False,0,
862559,,False,0,
862561,,False,0,
862691,,False,0,
862861,,False,0,
863040,,False,0,
863046,,False,0,
863048,,False,0,
863065,,False,0,
863067,,False,0,
863202,,False,0,
863204,,False,0,
863206,,False,0,
863292,,False,0,
863296,,False,0,
863421,,False,0,
863427,,False,0,
863429,,False,0,
863471,,False,0,
863504,,False,0,
863518,,False,0,
863533,,False,0,
863555,,False,0,
863569,,False,0,
863586,,False,0,
863599,,False,0,
863612,,False,0,
863637,,False,0,
863660,,False,0,
863673,,False,0,
863682,,False,0,
863700,,False,0,
863712,,False,0,
863726,,False,0,
863733,,False,0,
863740,,False,0,
863766,,False,0,
863782,,False,0,
863793,,False,0,
863803,,False,0,
863809,,False,0,
863821,,False,0,
863829,,False,0,
863838,,False,0,
863842,,False,0,
863843,,False,0,
863845,,False,0,
864039,,False,0,
864053,,False,0,
864418,,False,0,
864424,,False,0,
864425,,False,0,
864427,,False,0,
864840,,False,0,
864851,,False,0,
864918,,False,0,
864924,,False,0,
864925,,False,0,
864927,,False,0,
865359,,False,0,
865823,,False,0,
865829,,False,0,
865830,,False,0,
865832,,False,0,
865883,,False,0,
865953,,False,0,
866038,,False,0,
866320,,False,0,
866326,,False,0,
866327,,False,0,
866329,,False,0,
866561,,False,0,
866841,,False,0,
866894,,False,0,
866898,,False,0,
866961,,False,0,
867020,,False,0,
867026,,False,0,
867027,,False,0,
867029,,False,0,
867437,,False,0,
867441,,False,0,
867454,,False,0,
867679,,False,0,
867761,,False,0,
867875,,False,0,
867881,,False,0,
867882,,False,0,
867884,,False,0,
868201,,False,0,
868205,,False,0,
868242,,False,0,
868321,,False,0,
868327,,False,0,
868328,,False,0,
868330,,False,0,
868460,,False,0,
868559,,False,0,
868614,,False,0,
868737,,False,0,
868741,,False,0,
868743,,False,0,
868771,,False,0,
868775,,False,0,
868846,,False,0,
868852,,False,0,
868853,,False,0,
868855,,False,0,
868935,,False,0,
868946,,False,0,
868960,,False,0,
868966,,False,0,
868971,,False,0,
868974,,False,0,
868976,,False,0,
868991,,False,0,
869009,,False,0,
869036,,False,0,
869080,,False,0,
869109,,False,0,
869120,,False,0,
869129,,False,0,
869155,,False,0,
869177,,False,0,
869203,,False,0,
869217,,False,0,
869238,,False,0,
869251,,False,0,
869260,,False,0,
869269,,False,0,
869279,,False,0,
869293,,False,0,
869300,,False,0,
869307,,False,0,
869320,,False,0,
869351,,False,0,
869368,,False,0,
869375,,False,0,
869388,,False,0,
869397,,False,0,
869413,,False,0,
869421,,False,0,
869425,,False,0,
869426,,False,0,
869427,,False,0,
869429,,False,0,
869600,,False,0,
869605,,False,0,
869609,,False,0,
869610,,False,0,
869612,,False,0,
869676,,False,0,
869834,,False,0,
869930,,False,0,
869936,,False,0,
869937,,False,0,
869939,,False,0,
869965,,False,0,
869967,,False,0,
870186,,False,0,
870194,,False,0,
870244,,False,0,
870258,,False,0,
870264,,False,0,
870417,,False,0,
870439,,False,0,
870445,,False,0,
870446,,False,0,
870448,,False,0,
870450,,False,0,
870519,,False,0,
870953,,False,0,
871526,,False,0,
871532,,False,0,
871533,,False,0,
871535,,False,0,
871540,,False,0,
871629,,False,0,
871724,,False,0,
871736,,False,0,
871739,,False,0,
871836,,False,0,
871925,,False,0,
872033,,False,0,
872093,,False,0,
872176,,False,0,
872180,,False,0,
872200,,False,0,
872253,,False,0,
872301,,False,0,
872318,,False,0,
872325,,False,0,
872487,,False,0,
872492,,False,0,
872498,,False,0,
872500,,False,0,
872549,,False,0,
872624,,False,0,
872747,,False,0,
872753,,False,0,
872755,,False,0,
872761,,False,0,
872763,,False,0,
872777,,False,0,
872785,,False,0,
872788,,False,0,
872790,,False,0,
872806,,False,0,
872812,,False,0,
872871,,False,0,
873073,,False,0,
873077,,False,0,
873095,,False,0,
873099,,False,0,
873121,,False,0,
873123,,False,0,
873126,,False,0,
873128,,False,0,
873146,,False,0,
873149,,False,0,
873163,,False,0,
873377,,False,0,
873381,,False,0,
873419,,False,0,
873581,,False,0,
873587,,False,0,
873589,,False,0,
873591,,False,0,
873838,,False,0,
873848,,False,0,
873912,,False,0,
873948,,False,0,
873976,,False,0,
873983,,False,0,
874000,,False,0,
874006,,False,0,
874008,,False,0,
874010,,False,0,
874061,,False,0,
874110,,False,0,
874153,,False,0,
874165,,False,0,
874185,,False,0,
874201,,False,0,
874203,,False,0,
874228,,False,0,
874231,,False,0,
874233,,False,0,
874312,,False,0,
874327,,False,0,
874393,,False,0,
874416,,False,0,
874500,,False,0,
874508,,False,0,
874570,,False,0,
874620,,False,0,
874646,,False,0,
874652,,False,0,
874689,,False,0,
874695,,False,0,
874697,,False,0,
874699,,False,0,
874772,,False,0,
874782,,False,0,
875091,,False,0,
875118,,False,0,
875180,,False,0,
875184,,False,0,
875204,,False,0,
875312,,False,0,
875348,,False,0,
875352,,False,0,
875356,,False,0,
875386,,False,0,
875453,,False,0,
875460,,False,0,
875498,,False,0,
875502,,False,0,
875582,,False,0,
875704,,False,0,
875708,,False,0,
875765,,False,0,
875771,,False,0,
875773,,False,0,
875775,,False,0,
875800,,False,0,
875819,,False,0,
875825,,False,0,
876037,,False,0,
876051,,False,0,
876137,,False,0,
876197,,False,0,
876230,,False,0,
876290,,False,0,
876312,,False,0,
876399,,False,0,
876411,,False,0,
876429,,False,0,
876442,,False,0,
876452,,False,0,
876460,,False,0,
876464,,False,0,
876480,,False,0,
876529,,False,0,
876536,,False,0,
876556,,False,0,
876561,,False,0,
876565,,False,0,
876570,,False,0,
876583,,False,0,
876587,,False,0,
876596,,False,0,
876598,,False,0,
876635,,False,0,
876672,,False,0,
876676,,False,0,
876678,,False,0,
876684,,False,0,
876686,,False,0,
876690,,False,0,
876696,,False,0,
876697,,False,0,
876699,,False,0,
876879,,False,0,
876892,,False,0,
876900,,False,0,
877064,,False,0,
877066,,False,0,
877098,,False,0,
877104,,False,0,
877105,,False,0,
877107,,False,0,
877191,,False,0,
877846,,False,0,
877865,,False,0,
877871,,False,0,
877872,,False,0,
877874,,False,0,
877991,,False,0,
878435,,False,0,
878451,,False,0,
878457,,False,0,
878459,,False,0,
878487,,False,0,
878497,,False,0,
878526,,False,0,
878556,,False,0,
878582,,False,0,
878604,,False,0,
878611,,False,0,
878627,,False,0,
878649,,False,0,
878672,,False,0,
878688,,False,0,
878704,,False,0,
878710,,False,0,
878716,,False,0,
878742,,False,0,
878753,,False,0,
878770,,False,0,
878792,,False,0,
878801,,False,0,
878819,,False,0,
878844,,False,0,
878854,,False,0,
878861,,False,0,
878874,,False,0,
878886,,False,0,
878905,,False,0,
878909,,False,0,
878910,,False,0,
878912,,False,0,
878987,,False,0,
879000,,False,0,
879004,,False,0,
879005,,False,0,
879007,,False,0,
879083,,False,0,
879089,,False,0,
879090,,False,0,
879092,,False,0,
879135,,False,0,
879233,,False,0,
879270,,False,0,
879410,,False,0,
879420,,False,0,
879453,,False,0,
879459,,False,0,
879460,,False,0,
879462,,False,0,
879566,,False,0,
879697,,False,0,
879704,,False,0,
880017,,False,0,
880081,,False,0,
880130,,False,0,
880153,,False,0,
880159,,False,0,
880160,,False,0,
880162,,False,0,
880222,,False,0,
880433,,False,0,
880453,,False,0,
880459,,False,0,
880460,,False,0,
880462,,False,0,
880552,,False,0,
880751,,False,0,
880769,,False,0,
880869,,False,0,
880890,,False,0,
880979,,False,0,
880985,,False,0,
880986,,False,0,
880988,,False,0,
880990,,False,0,
881097,,False,0,
881306,,False,0,
881324,,False,0,
881346,,False,0,
881350,,False,0,
881354,,False,0,
881419,,False,0,
881681,,False,0,
881721,,False,0,
881727,,False,0,
881728,,False,0,
881730,,False,0,
881809,,False,0,
881891,,False,0,
881917,,False,0,
882010,,False,0,
882043,,False,0,
882111,,False,0,
882119,,False,0,
882130,,False,0,
882136,,False,0,
882137,,False,0,
882139,,False,0,
882211,,False,0,
882463,,False,0,
882673,,False,0,
882689,,False,0,
882695,,False,0,
882696,,False,0,
882698,,False,0,
882749,,False,0,
882753,,False,0,
882764,,False,0,
882781,,False,0,
882819,,False,0,
882833,,False,0,
882837,,False,0,
882843,,False,0,
882845,,False,0,
882876,,False,0,
882879,,False,0,
882880,,False,0,
882906,,False,0,
882924,,False,0,
882949,,False,0,
882964,,False,0,
882974,,False,0,
882985,,False,0,
883022,,False,0,
883031,,False,0,
883044,,False,0,
883075,,False,0,
883082,,False,0,
883089,,False,0,
883117,,False,0,
883133,,False,0,
883147,,False,0,
883158,,False,0,
883195,,False,0,
883213,,False,0,
883236,,False,0,
883246,,False,0,
883253,,False,0,
883267,,False,0,
883274,,False,0,
883300,,False,0,
883313,,False,0,
883317,,False,0,
883318,,False,0,
883320,,False,0,
883440,,False,0,
883457,,False,0,
883488,,False,0,
883652,,False,0,
883658,,False,0,
883659,,False,0,
883661,,False,0,
883663,,False,0,
883861,,False,0,
883928,,False,0,
883970,,False,0,
883976,,False,0,
883977,,False,0,
883979,,False,0,
884010,,False,0,
884147,,False,0,
884274,,False,0,
884276,,False,0,
884368,,False,0,
884417,,False,0,
884466,,False,0,
884484,,False,0,
884489,,False,0,
884494,,False,0,
884515,,False,0,
884523,,False,0,
884528,,False,0,
884605,,False,0,
884609,,False,0,
884894,,False,0,
884964,,False,0,
884970,,False,0,
884971,,False,0,
884973,,False,0,
884975,,False,0,
885684,,False,0,
885868,,False,0,
885871,,False,0,
885891,,False,0,
885900,,False,0,
885904,,False,0,
885914,,False,0,
885946,,False,0,
885951,,False,0,
885984,,False,0,
885994,,False,0,
886000,,False,0,
886147,,False,0,
886151,,False,0,
886153,,False,0,
886161,,False,0,
886170,,False,0,
886175,,False,0,
886307,,False,0,
886312,,False,0,
886318,,False,0,
886319,,False,0,
886321,,False,0,
886398,,False,0,
886716,,False,0,
886722,,False,0,
886723,,False,0,
886725,,False,0,
886727,,False,0,
886822,,False,0,
886970,,False,0,
886974,,False,0,
887066,,False,0,
887386,,False,0,
887418,,False,0,
887424,,False,0,
887425,,False,0,
887427,,False,0,
887678,,False,0,
887682,,False,0,
887720,,False,0,
887726,,False,0,
887727,,False,0,
887729,,False,0,
887776,,False,0,
887870,,False,0,
888021,,False,0,
888026,,False,0,
888030,,False,0,
888031,,False,0,
888033,,False,0,
888122,,False,0,
888181,,False,0,
888209,,False,0,
888216,,False,0,
888241,,False,0,
888244,,False,0,
888256,,False,0,
888259,,False,0,
888269,,False,0,
888274,,False,0,
888280,,False,0,
888281,,False,0,
888283,,False,0,
888475,,False,0,
888749,,False,0,
888755,,False,0,
888756,,False,0,
888758,,False,0,
888760,,False,0,
889164,,False,0,
889301,,False,0,
889304,,False,0,
889319,,False,0,
889323,,False,0,
889329,,False,0,
889330,,False,0,
889332,,False,0,
889373,,False,0,
889484,,False,0,
889533,,False,0,
889637,,False,0,
889648,,False,0,
889650,,False,0,
889693,,False,0,
889699,,False,0,
889700,,False,0,
889702,,False,0,
889751,,False,0,
889795,,False,0,
889956,,False,0,
889960,,False,0,
890026,,False,0,
890032,,False,0,
890033,,False,0,
890035,,False,0,
890037,,False,0,
890069,,False,0,
890266,,False,0,
890284,,False,0,
890313,,False,0,
890316,,False,0,
890319,,False,0,
890335,,False,0,
890338,,False,0,
890425,,False,0,
890433,,False,0,
890478,,False,0,
890626,,False,0,
890632,,False,0,
890633,,False,0,
890635,,False,0,
890637,,False,0,
891120,,False,0,
891124,,False,0,
891160,,False,0,
891190,,False,0,
891196,,False,0,
891198,,False,0,
891225,,False,0,
891252,,False,0,
891282,,False,0,
891293,,False,0,
891314,,False,0,
891344,,False,0,
891370,,False,0,
891382,,False,0,
891392,,False,0,
891399,,False,0,
891418,,False,0,
891429,,False,0,
891446,,False,0,
891472,,False,0,
891493,,False,0,
891502,,False,0,
891540,,False,0,
891549,,False,0,
891559,,False,0,
891568,,False,0,
891575,,False,0,
891615,,False,0,
891625,,False,0,
891632,,False,0,
891661,,False,0,
891669,,False,0,
891685,,False,0,
891691,,False,0,
891695,,False,0,
891696,,False,0,
891698,,False,0,
891788,,False,0,
891849,,False,0,
891855,,False,0,
891856,,False,0,
891858,,False,0,
891860,,False,0,
892201,,False,0,
892368,,False,0,
892392,,False,0,
892398,,False,0,
892400,,False,0,
892430,,False,0,
892494,,False,0,
892566,,False,0,
892568,,False,0,
892603,,False,0,
892607,,False,0,
892845,,False,0,
892847,,False,0,
892849,,False,0,
892853,,False,0,
892855,,False,0,
892858,,False,0,
892860,,False,0,
892906,,False,0,
892908,,False,0,
892910,,False,0,
892912,,False,0,
892917,,False,0,
892960,,False,0,
892962,,False,0,
892966,,False,0,
893178,,False,0,
893220,,False,0,
893225,,False,0,
893231,,False,0,
893232,,False,0,
893234,,False,0,
893236,,False,0,
893792,,False,0,
893798,,False,0,
893799,,False,0,
893801,,False,0,
893803,,False,0,
894166,,False,0,
894302,,False,0,
894370,,False,0,
894398,,False,0,
894410,,False,0,
894412,,False,0,
894575,,False,0,
894581,,False,0,
894582,,False,0,
894584,,False,0,
895099,,False,0,
895183,,False,0,
895209,,False,0,
895329,,False,0,
895356,,False,0,
895362,,False,0,
895394,,False,0,
895583,,False,0,
895594,,False,0,
895601,,False,0,
895604,,False,0,
895610,,False,0,
895611,,False,0,
895613,,False,0,
895615,,False,0,
895627,,False,0,
895636,,False,0,
895650,,False,0,
895746,,False,0,
895756,,False,0,
895836,,False,0,
896068,,False,0,
896070,,False,0,
896072,,False,0,
896074,,False,0,
896076,,False,0,
896078,,False,0,
896088,,False,0,
896100,,False,0,
896102,,False,0,
896107,,False,0,
896125,,False,0,
896127,,False,0,
896144,,False,0,
896155,,False,0,
896168,,False,0,
896174,,False,0,
896176,,False,0,
896183,,False,0,
896199,,False,0,
896232,,False,0,
896248,,False,0,
896295,,False,0,
896306,,False,0,
896328,,False,0,
896353,,False,0,
896370,,False,0,
896390,,False,0,
896419,,False,0,
896425,,False,0,
896456,,False,0,
896467,,False,0,
896480,,False,0,
896507,,False,0,
896514,,False,0,
896531,,False,0,
896552,,False,0,
896561,,False,0,
896580,,False,0,
896590,,False,0,
896610,,False,0,
896624,,False,0,
896638,,False,0,
896646,,False,0,
896650,,False,0,
896651,,False,0,
896653,,False,0,
896817,,False,0,
896825,,False,0,
896829,,False,0,
896830,,False,0,
896832,,False,0,
896844,,False,0,
896884,,False,0,
896892,,False,0,
896900,,False,0,
896901,,False,0,
896903,,False,0,
896912,,False,0,
896953,,False,0,
896956,,False,0,
896961,,False,0,
896967,,False,0,
896968,,False,0,
896970,,False,0,
896985,,False,0,
897038,,False,0,
897118,,False,0,
897187,,False,0,
897192,,False,0,
897195,,False,0,
897201,,False,0,
897202,,False,0,
897204,,False,0,
897214,,False,0,
897252,,False,0,
897254,,False,0,
897390,,False,0,
897414,,False,0,
897459,,False,0,
897599,,False,0,
897627,,False,0,
897635,,False,0,
897664,,False,0,
897669,,False,0,
897674,,False,0,
897696,,False,0,
897771,,False,0,
897778,,False,0,
897782,,False,0,
897788,,False,0,
897795,,False,0,
897801,,False,0,
897812,,False,0,
897825,,False,0,
897827,,False,0,
897831,,False,0,
897835,,False,0,
897860,,False,0,
897863,,False,0,
897868,,False,0,
897870,,False,0,
897877,,False,0,
897895,,False,0,
897900,,False,0,
897933,,False,0,
897949,,False,0,
897955,,False,0,
897956,,False,0,
897958,,False,0,
897967,,False,0,
897999,,False,0,
898002,,False,0,
898007,,False,0,
898012,,False,0,
898016,,False,0,
898017,,False,0,
898019,,False,0,
898029,,False,0,
898084,,False,0,
898086,,False,0,
898232,,False,0,
898238,,False,0,
898239,,False,0,
898241,,False,0,
898243,,False,0,
898394,,False,0,
898462,,False,0,
898539,,False,0,
898543,,False,0,
898632,,False,0,
898649,,False,0,
898654,,False,0,
898659,,False,0,
898664,,False,0,
898710,,False,0,
898723,,False,0,
898750,,False,0,
898763,,False,0,
898769,,False,0,
898770,,False,0,
898772,,False,0,
898783,,False,0,
898836,,False,0,
898875,,False,0,
898879,,False,0,
898881,,False,0,
898883,,False,0,
898895,,False,0,
898898,,False,0,
898907,,False,0,
898909,,False,0,
898912,,False,0,
898914,,False,0,
898932,,False,0,
898934,,False,0,
898944,,False,0,
898948,,False,0,
898950,,False,0,
898954,,False,0,
898959,,False,0,
898962,,False,0,
898965,,False,0,
898971,,False,0,
898974,,False,0,
898978,,False,0,
898980,,False,0,
898983,,False,0,
898985,,False,0,
898987,,False,0,
899005,,False,0,
899040,,False,0,
899043,,False,0,
899052,,False,0,
899059,,False,0,
899062,,False,0,
899065,,False,0,
899086,,False,0,
899096,,False,0,
899100,,False,0,
899107,,False,0,
899110,,False,0,
899112,,False,0,
899133,,False,0,
899141,,False,0,
899145,,False,0,
899148,,False,0,
899152,,False,0,
899173,,False,0,
899177,,False,0,
899191,,False,0,
899201,,False,0,
899234,,False,0,
899236,,False,0,
899239,,False,0,
899243,,False,0,
899262,,False,0,
899265,,False,0,
899278,,False,0,
899282,,False,0,
899287,,False,0,
899290,,False,0,
899297,,False,0,
899301,,False,0,
899304,,False,0,
899312,,False,0,
899325,,False,0,
899329,,False,0,
899335,,False,0,
899349,,False,0,
899356,,False,0,
899380,,False,0,
899414,,False,0,
899417,,False,0,
899432,,False,0,
899466,,False,0,
899476,,False,0,
899485,,False,0,
899490,,False,0,
899495,,False,0,
899504,,False,0,
899508,,False,0,
899521,,False,0,
899523,,False,0,
899526,,False,0,
899556,,False,0,
899559,,False,0,
899570,,False,0,
899575,,False,0,
899614,,False,0,
899625,,False,0,
899631,,False,0,
899634,,False,0,
899643,,False,0,
899647,,False,0,
899650,,False,0,
899652,,False,0,
899656,,False,0,
899668,,False,0,
899671,,False,0,
899674,,False,0,
899678,,False,0,
899680,,False,0,
899690,,False,0,
899693,,False,0,
899698,,False,0,
899709,,False,0,
899720,,False,0,
899726,,False,0,
899729,,False,0,
899732,,False,0,
899737,,False,0,
899744,,False,0,
899779,,False,0,
899785,,False,0,
899787,,False,0,
899790,,False,0,
899793,,False,0,
899799,,False,0,
899801,,False,0,
899806,,False,0,
899813,,False,0,
899820,,False,0,
899827,,False,0,
899834,,False,0,
899841,,False,0,
899848,,False,0,
899855,,False,0,
899860,,False,0,
899865,,False,0,
899872,,False,0,
899879,,False,0,
899886,,False,0,
899895,,False,0,
899904,,False,0,
899911,,False,0,
899915,,False,0,
899920,,False,0,
899927,,False,0,
899934,,False,0,
899941,,False,0,
899945,,False,0,
899950,,False,0,
899957,,False,0,
899962,,False,0,
899967,,False,0,
899974,,False,0,
899981,,False,0,
899988,,False,0,
899994,,False,0,
900001,,False,0,
900006,,False,0,
900013,,False,0,
900018,,False,0,
900025,,False,0,
900032,,False,0,
900039,,False,0,
900047,,False,0,
900053,,False,0,
900055,,False,0,
900067,,False,0,
900081,,False,0,
900116,,False,0,
900128,,False,0,
900151,,False,0,
900165,,False,0,
900172,,False,0,
900198,,False,0,
900209,,False,0,
900236,,False,0,
900246,,False,0,
900257,,False,0,
900275,,False,0,
900286,,False,0,
900334,,False,0,
900345,,False,0,
900353,,False,0,
900370,,False,0,
900380,,False,0,
900391,,False,0,
900398,,False,0,
900405,,False,0,
900415,,False,0,
900424,,False,0,
900444,,False,0,
900468,,False,0,
900472,,False,0,
900473,,False,0,
900475,,False,0,
900489,,False,0,
900553,,False,0,
900599,,False,0,
900601,,False,0,
900604,,False,0,
900607,,False,0,
900610,,False,0,
900613,,False,0,
900624,,False,0,
900627,,False,0,
900629,,False,0,
900732,,False,0,
900737,,False,0,
900742,,False,0,
900954,,False,0,
900958,,False,0,
900964,,False,0,
900967,,False,0,
900973,,False,0,
900974,,False,0,
900976,,False,0,
900991,,False,0,
901006,,False,0,
901117,,False,0,
901122,,False,0,
901128,,False,0,
901129,,False,0,
901131,,False,0,
901135,,False,0,
901180,,False,0,
901185,,False,0,
901186,,False,0,
901188,,False,0,
901192,,False,0,
901203,,False,0,
901204,,False,0,
901206,,False,0,
901208,,False,0,
901215,,False,0,
901221,,False,0,
901238,,False,0,
901242,,False,0,
901247,,False,0,
901248,,False,0,
901250,,False,0,
901266,,False,0,
901309,,False,0,
901311,,False,0,
901416,,False,0,
901436,,False,0,
901461,,False,0,
901473,,False,0,
901483,,False,0,
901509,,False,0,
901518,,False,0,
901543,,False,0,
901548,,False,0,
901554,,False,0,
901555,,False,0,
901557,,False,0,
901559,,False,0,
901583,,False,0,
901593,,False,0,
901598,,False,0,
901611,,False,0,
901617,,False,0,
901649,,False,0,
901666,,False,0,
901674,,False,0,
901682,,False,0,
901683,,False,0,
901685,,False,0,
901713,,False,0,
901718,,False,0,
901722,,False,0,
901723,,False,0,
901725,,False,0,
901753,,False,0,
901758,,False,0,
901764,,False,0,
901765,,False,0,
901767,,False,0,
901769,,False,0,
901788,,False,0,
901791,,False,0,
901792,,False,0,
901794,,False,0,
901796,,False,0,
901823,,False,0,
901829,,False,0,
901835,,False,0,
901836,,False,0,
901838,,False,0,
901847,,False,0,
901986,,False,0,
901988,,False,0,
902108,,False,0,
902125,,False,0,
902153,,False,0,
902154,,False,0,
902156,,False,0,
902170,,False,0,
902180,,False,0,
902186,,False,0,
902187,,False,0,
902189,,False,0,
902224,,False,0,
902226,,False,0,
902231,,False,0,
902302,,False,0,
902348,,False,0,
902350,,False,0,
902368,,False,0,
902373,,False,0,
902376,,False,0,
902377,,False,0,
902384,,False,0,
902420,,False,0,
902422,,False,0,
902432,,False,0,
902454,,False,0,
902460,,False,0,
902463,,False,0,
902468,,False,0,
902469,,False,0,
902471,,False,0,
902484,,False,0,
902522,,False,0,
902524,,False,0,
902541,,False,0,
902552,,False,0,
902571,,False,0,
902583,,False,0,
902608,,False,0,
902625,,False,0,
902639,,False,0,
902645,,False,0,
902646,,False,0,
902648,,False,0,
902650,,False,0,
902652,,False,0,
902658,,False,0,
902663,,False,0,
902664,,False,0,
902666,,False,0,
902701,,False,0,
902708,,False,0,
902713,,False,0,
902719,,False,0,
902720,,False,0,
902722,,False,0,
902732,,False,0,
902819,,False,0,
902823,,False,0,
902827,,False,0,
902828,,False,0,
902830,,False,0,
902962,,False,0,
903007,,False,0,
903012,,False,0,
903016,,False,0,
903017,,False,0,
903019,,False,0,
903053,,False,0,
903058,,False,0,
903064,,False,0,
903065,,False,0,
903067,,False,0,
903095,,False,0,
903207,,False,0,
903250,,False,0,
903252,,False,0,
903422,,False,0,
903428,,False,0,
903430,,False,0,
903444,,False,0,
903467,,False,0,
903473,,False,0,
903506,,False,0,
903515,,False,0,
903536,,False,0,
903546,,False,0,
903553,,False,0,
903571,,False,0,
903578,,False,0,
903607,,False,0,
903618,,False,0,
903628,,False,0,
903648,,False,0,
903670,,False,0,
903689,,False,0,
903700,,False,0,
903735,,False,0,
903742,,False,0,
903751,,False,0,
903769,,False,0,
903780,,False,0,
903809,,False,0,
903820,,False,0,
903838,,False,0,
903844,,False,0,
903856,,False,0,
903860,,False,0,
903861,,False,0,
903863,,False,0,
903865,,False,0,
903888,,False,0,
903899,,False,0,
904035,,False,0,
904264,,False,0,
904371,,False,0,
904395,,False,0,
904401,,False,0,
904402,,False,0,
904404,,False,0,
904406,,False,0,
904421,,False,0,
904500,,False,0,
904533,,False,0,
904575,,False,0,
904703,,False,0,
904711,,False,0,
904852,,False,0,
904858,,False,0,
904864,,False,0,
904865,,False,0,
904867,,False,0,
904882,,False,0,
904935,,False,0,
904937,,False,0,
905042,,False,0,
905065,,False,0,
905067,,False,0,
905210,,False,0,
905315,,False,0,
905420,,False,0,
905442,,False,0,
905444,,False,0,
905481,,False,0,
905502,,False,0,
905539,,False,0,
905543,,False,0,
905579,,False,0,
905584,,False,0,
905590,,False,0,
905591,,False,0,
905624,,False,0,
905769,,False,0,
905771,,False,0,
905851,,False,0,
905871,,False,0,
905901,,False,0,
905948,,False,0,
906008,,False,0,
906078,,False,0,
906195,,False,0,
906215,,False,0,
906257,,False,0,
906281,,False,0,
906284,,False,0,
906285,,False,0,
906287,,False,0,
906301,,False,0,
906307,,False,0,
906308,,False,0,
906310,,False,0,
906327,,False,0,
906332,,False,0,
906333,,False,0,
906335,,False,0,
906415,,False,0,
906528,,False,0,
906530,,False,0,
906668,,False,0,
906727,,False,0,
906731,,False,0,
906732,,False,0,
906734,,False,0,
906859,,False,0,
906864,,False,0,
906865,,False,0,
906867,,False,0,
906918,,False,0,
907018,,False,0,
907024,,False,0,
907025,,False,0,
907027,,False,0,
907029,,False,0,
907073,,False,0,
907102,,False,0,
907120,,False,0,
907179,,False,0,
907195,,False,0,
907196,,False,0,
907198,,False,0,
907216,,False,0,
907268,,False,0,
907269,,False,0,
907271,,False,0,
907288,,False,0,
907300,,False,0,
907306,,False,0,
907307,,False,0,
907309,,False,0,
907364,,False,0,
907413,,False,0,
907485,,False,0,
907526,,False,0,
907532,,False,0,
907533,,False,0,
907535,,False,0,
907537,,False,0,
907641,,False,0,
907670,,False,0,
907772,,False,0,
907819,,False,0,
907823,,False,0,
907840,,False,0,
907924,,False,0,
907930,,False,0,
907932,,False,0,
907951,,False,0,
908146,,False,0,
908152,,False,0,
908154,,False,0,
908161,,False,0,
908168,,False,0,
908175,,False,0,
908182,,False,0,
908189,,False,0,
908194,,False,0,
908209,,False,0,
908214,,False,0,
908221,,False,0,
908228,,False,0,
908235,,False,0,
908242,,False,0,
908249,,False,0,
908254,,False,0,
908261,,False,0,
908268,,False,0,
908273,,False,0,
908278,,False,0,
908283,,False,0,
908288,,False,0,
908293,,False,0,
908302,,False,0,
908309,,False,0,
908316,,False,0,
908321,,False,0,
908326,,False,0,
908331,,False,0,
908338,,False,0,
908349,,False,0,
908354,,False,0,
908361,,False,0,
908369,,False,0,
908376,,False,0,
908383,,False,0,
908390,,False,0,
908395,,False,0,
908400,,False,0,
908407,,False,0,
908413,,False,0,
908419,,False,0,
908421,,False,0,
908456,,False,0,
908464,,False,0,
908477,,False,0,
908488,,False,0,
908510,,False,0,
908524,,False,0,
908533,,False,0,
908543,,False,0,
908562,,False,0,
908600,,False,0,
908632,,False,0,
908660,,False,0,
908685,,False,0,
908698,,False,0,
908719,,False,0,
908741,,False,0,
908768,,False,0,
908775,,False,0,
908786,,False,0,
908800,,False,0,
908828,,False,0,
908835,,False,0,
908863,,False,0,
908888,,False,0,
908915,,False,0,
908923,,False,0,
908929,,False,0,
908933,,False,0,
908934,,False,0,
908936,,False,0,
908938,,False,0,
909088,,False,0,
909108,,False,0,
909164,,False,0,
909224,,False,0,
909232,,False,0,
909250,,False,0,
909287,,False,0,
909293,,False,0,
909306,,False,0,
909327,,False,0,
909356,,False,0,
909432,,False,0,
909437,,False,0,
909446,,False,0,
909494,,False,0,
909500,,False,0,
909501,,False,0,
909503,,False,0,
909505,,False,0,
909604,,False,0,
909684,,False,0,
909712,,False,0,
909726,,False,0,
909825,,False,0,
909990,,False,0,
910018,,False,0,
910027,,False,0,
910099,,False,0,
910105,,False,0,
910106,,False,0,
910108,,False,0,
910110,,False,0,
910120,,False,0,
910126,,False,0,
910132,,False,0,
910134,,False,0,
910146,,False,0,
910148,,False,0,
910167,,False,0,
910220,,False,0,
910228,,False,0,
910542,,False,0,
910552,,False,0,
910561,,False,0,
910580,,False,0,
910582,,False,0,
910631,,False,0,
910657,,False,0,
910661,,False,0,
910869,,False,0,
910931,,False,0,
910976,,False,0,
910986,,False,0,
910988,,False,0,
911004,,False,0,
911010,,False,0,
911011,,False,0,
911013,,False,0,
911015,,False,0,
911093,,False,0,
911114,,False,0,
911383,,False,0,
911389,,False,0,
911390,,False,0,
911392,,False,0,
911423,,False,0,
911443,,False,0,
911502,,False,0,
911505,,False,0,
911506,,False,0,
911508,,False,0,
911510,,False,0,
911512,,False,0,
911513,,False,0,
911515,,False,0,
911517,,False,0,
911525,,False,0,
911572,,False,0,
911574,,False,0,
911648,,False,0,
911680,,False,0,
911686,,False,0,
911690,,False,0,
911786,,False,0,
911834,,False,0,
911838,,False,0,
911854,,False,0,
911856,,False,0,
911873,,False,0,
911908,,False,0,
911915,,False,0,
911917,,False,0,
911921,,False,0,
911957,,False,0,
911959,,False,0,
911980,,False,0,
911991,,False,0,
911997,,False,0,
912017,,False,0,
912028,,False,0,
912049,,False,0,
912055,,False,0,
912056,,False,0,
912058,,False,0,
912060,,False,0,
912086,,False,0,
912136,,False,0,
912138,,False,0,
912146,,False,0,
912518,,False,0,
912574,,False,0,
912583,,False,0,
912591,,False,0,
912635,,False,0,
912761,,False,0,
912767,,False,0,
912768,,False,0,
912770,,False,0,
912772,,False,0,
912784,,False,0,
912910,,False,0,
912913,,False,0,
912974,,False,0,
913000,,False,0,
913030,,False,0,
913091,,False,0,
913099,,False,0,
913106,,False,0,
913117,,False,0,
913121,,False,0,
913159,,False,0,
913235,,False,0,
913239,,False,0,
913256,,False,0,
913261,,False,0,
913267,,False,0,
913268,,False,0,
913270,,False,0,
913286,,False,0,
913305,,False,0,
913361,,False,0,
913363,,False,0,
913370,,False,0,
913372,,False,0,
913374,,False,0,
913403,,False,0,
913463,,False,0,
913467,,False,0,
913471,,False,0,
913473,,False,0,
913477,,False,0,
913479,,False,0,
913487,,False,0,
913489,,False,0,
913493,,False,0,
913495,,False,0,
913501,,False,0,
913533,,False,0,
913537,,False,0,
913541,,False,0,
913546,,False,0,
913550,,False,0,
913552,,False,0,
913571,,False,0,
913575,,False,0,
913611,,False,0,
913624,,False,0,
913629,,False,0,
913631,,False,0,
913638,,False,0,
913663,,False,0,
913669,,False,0,
913694,,False,0,
913696,,False,0,
913706,,False,0,
913710,,False,0,
913712,,False,0,
913716,,False,0,
913746,,False,0,
913748,,False,0,
913750,,False,0,
913759,,False,0,
913768,,False,0,
913796,,False,0,
913803,,False,0,
913805,,False,0,
913811,,False,0,
913815,,False,0,
913817,,False,0,
913824,,False,0,
913829,,False,0,
913843,,False,0,
913848,,False,0,
913852,,False,0,
913854,,False,0,
913869,,False,0,
913872,,False,0,
913874,,False,0,
914113,,False,0,
914119,,False,0,
914120,,False,0,
914122,,False,0,
914124,,False,0,
914266,,False,0,
914270,,False,0,
914303,,False,0,
914305,,False,0,
914310,,False,0,
914315,,False,0,
914317,,False,0,
914322,,False,0,
914326,,False,0,
914328,,False,0,
914334,,False,0,
914348,,False,0,
914355,,False,0,
914359,,False,0,
914363,,False,0,
914367,,False,0,
914369,,False,0,
914382,,False,0,
914389,,False,0,
914391,,False,0,
914403,,False,0,
914418,,False,0,
914420,,False,0,
914425,,False,0,
914429,,False,0,
914433,,False,0,
914452,,False,0,
914454,,False,0,
914458,,False,0,
914460,,False,0,
914467,,False,0,
914472,,False,0,
914477,,False,0,
914479,,False,0,
914483,,False,0,
914485,,False,0,
914506,,False,0,
914513,,False,0,
914517,,False,0,
914521,,False,0,
914523,,False,0,
914530,,False,0,
914532,,False,0,
914539,,False,0,
914541,,False,0,
914545,,False,0,
914547,,False,0,
914552,,False,0,
914569,,False,0,
914573,,False,0,
914577,,False,0,
914579,,False,0,
914583,,False,0,
914585,,False,0,
914589,,False,0,
914591,,False,0,
914600,,False,0,
914602,,False,0,
914608,,False,0,
914612,,False,0,
914614,,False,0,
914646,,False,0,
914648,,False,0,
914652,,False,0,
914656,,False,0,
914660,,False,0,
914662,,False,0,
914666,,False,0,
914679,,False,0,
914683,,False,0,
914685,,False,0,
914703,,False,0,
914707,,False,0,
914709,,False,0,
914717,,False,0,
914719,,False,0,
914744,,False,0,
914746,,False,0,
914750,,False,0,
914754,,False,0,
914756,,False,0,
914792,,False,0,
914801,,False,0,
914805,,False,0,
914807,,False,0,
914811,,False,0,
914813,,False,0,
914824,,False,0,
914826,,False,0,
914830,,False,0,
914834,,False,0,
914838,,False,0,
914840,,False,0,
914844,,False,0,
914879,,False,0,
914881,,False,0,
914919,,False,0,
914923,,False,0,
914925,,False,0,
914929,,False,0,
914933,,False,0,
914937,,False,0,
914943,,False,0,
914945,,False,0,
914949,,False,0,
914951,,False,0,
914981,,False,0,
914983,,False,0,
914987,,False,0,
914990,,False,0,
915031,,False,0,
915034,,False,0,
915071,,False,0,
915074,,False,0,
915080,,False,0,
915081,,False,0,
915083,,False,0,
915093,,False,0,
915145,,False,0,
915202,,False,0,
915205,,False,0,
915208,,False,0,
915212,,False,0,
915213,,False,0,
915215,,False,0,
915226,,False,0,
915254,,False,0,
915290,,False,0,
915295,,False,0,
915296,,False,0,
915298,,False,0,
915310,,False,0,
915357,,False,0,
915362,,False,0,
915368,,False,0,
915369,,False,0,
915371,,False,0,
915378,,False,0,
915426,,False,0,
915429,,False,0,
915430,,False,0,
915432,,False,0,
915439,,False,0,
915485,,False,0,
915487,,False,0,
915489,,False,0,
915491,,False,0,
915496,,False,0,
915497,,False,0,
915499,,False,0,
915508,,False,0,
915548,,False,0,
915551,,False,0,
915565,,False,0,
915571,,False,0,
915573,,False,0,
915598,,False,0,
915613,,False,0,
915624,,False,0,
915630,,False,0,
915670,,False,0,
915713,,False,0,
915727,,False,0,
915736,,False,0,
915755,,False,0,
915776,,False,0,
915790,,False,0,
915801,,False,0,
915828,,False,0,
915852,,False,0,
915869,,False,0,
915892,,False,0,
915900,,False,0,
915911,,False,0,
915929,,False,0,
915941,,False,0,
915962,,False,0,
915971,,False,0,
915991,,False,0,
916004,,False,0,
916015,,False,0,
916022,,False,0,
916026,,False,0,
916027,,False,0,
916029,,False,0,
916031,,False,0,
916137,,False,0,
916255,,False,0,
916259,,False,0,
916263,,False,0,
916265,,False,0,
916289,,False,0,
916298,,False,0,
916302,,False,0,
916308,,False,0,
916446,,False,0,
916479,,False,0,
916485,,False,0,
916486,,False,0,
916488,,False,0,
916490,,False,0,
916504,,False,0,
916506,,False,0,
916510,,False,0,
916512,,False,0,
916523,,False,0,
916535,,False,0,
916678,,False,0,
916693,,False,0,
916704,,False,0,
916706,,False,0,
916788,,False,0,
916810,,False,0,
916814,,False,0,
916816,,False,0,
916820,,False,0,
916822,,False,0,
916931,,False,0,
916937,,False,0,
916938,,False,0,
916940,,False,0,
916986,,False,0,
917061,,False,0,
917281,,False,0,
917289,,False,0,
917293,,False,0,
917601,,False,0,
917607,,False,0,
917608,,False,0,
917610,,False,0,
917612,,False,0,
917772,,False,0,
917787,,False,0,
917802,,False,0,
917804,,False,0,
917881,,False,0,
917883,,False,0,
917890,,False,0,
917901,,False,0,
917918,,False,0,
917963,,False,0,
917967,,False,0,
917969,,False,0,
918018,,False,0,
918031,,False,0,
918039,,False,0,
918041,,False,0,
918050,,False,0,
918053,,False,0,
918063,,False,0,
918077,,False,0,
918083,,False,0,
918084,,False,0,
918086,,False,0,
918088,,False,0,
918133,,False,0,
918139,,False,0,
918149,,False,0,
918165,,False,0,
918167,,False,0,
918222,,False,0,
918224,,False,0,
918295,,False,0,
918299,,False,0,
918308,,False,0,
918310,,False,0,
918327,,False,0,
918336,,False,0,
918338,,False,0,
918374,,False,0,
918376,,False,0,
918384,,False,0,
918395,,False,0,
918399,,False,0,
918401,,False,0,
918405,,False,0,
918426,,False,0,
918449,,False,0,
918451,,False,0,
918459,,False,0,
918472,,False,0,
918480,,False,0,
918484,,False,0,
918507,,False,0,
918517,,False,0,
918530,,False,0,
918547,,False,0,
918602,,False,0,
918604,,False,0,
918612,,False,0,
918622,,False,0,
918632,,False,0,
918634,,False,0,
918642,,False,0,
918648,,False,0,
918674,,False,0,
918681,,False,0,
918701,,False,0,
918723,,False,0,
918729,,False,0,
918730,,False,0,
918732,,False,0,
918734,,False,0,
918741,,False,0,
918749,,False,0,
918768,,False,0,
918776,,False,0,
918778,,False,0,
918802,,False,0,
918804,,False,0,
918812,,False,0,
918841,,False,0,
918887,,False,0,
918891,,False,0,
918919,,False,0,
918921,,False,0,
918925,,False,0,
918929,,False,0,
918939,,False,0,
918952,,False,0,
918954,,False,0,
918971,,False,0,
918973,,False,0,
918989,,False,0,
918991,,False,0,
918995,,False,0,
918997,,False,0,
919007,,False,0,
919016,,False,0,
919026,,False,0,
919030,,False,0,
919032,,False,0,
919042,,False,0,
919052,,False,0,
919060,,False,0,
919063,,False,0,
919073,,False,0,
919079,,False,0,
919089,,False,0,
919105,,False,0,
919140,,False,0,
919174,,False,0,
919190,,False,0,
919203,,False,0,
919207,,False,0,
919211,,False,0,
919222,,False,0,
919249,,False,0,
919253,,False,0,
919255,,False,0,
919406,,False,0,
919421,,False,0,
919437,,False,0,
919445,,False,0,
919449,,False,0,
919451,,False,0,
919458,,False,0,
919462,,False,0,
919466,,False,0,
919468,,False,0,
919473,,False,0,
919475,,False,0,
919487,,False,0,
919489,,False,0,
919494,,False,0,
919496,,False,0,
919498,,False,0,
919511,,False,0,
919513,,False,0,
919517,,False,0,
919526,,False,0,
919534,,False,0,
919540,,False,0,
919541,,False,0,
919543,,False,0,
919545,,False,0,
919751,,False,0,
919808,,False,0,
919810,,False,0,
919814,,False,0,
919833,,False,0,
919842,,False,0,
919848,,False,0,
919850,,False,0,
919864,,False,0,
919912,,False,0,
919914,,False,0,
919931,,False,0,
919939,,False,0,
919944,,False,0,
919948,,False,0,
919973,,False,0,
919985,,False,0,
919991,,False,0,
919992,,False,0,
919994,,False,0,
919996,,False,0,
920004,,False,0,
920013,,False,0,
920017,,False,0,
920021,,False,0,
920025,,False,0,
920033,,False,0,
920044,,False,0,
920055,,False,0,
920059,,False,0,
920067,,False,0,
920081,,False,0,
920083,,False,0,
920109,,False,0,
920122,,False,0,
920129,,False,0,
920157,,False,0,
920179,,False,0,
920185,,False,0,
920191,,False,0,
920194,,False,0,
920196,,False,0,
920208,,False,0,
920214,,False,0,
920217,,False,0,
920219,,False,0,
920223,,False,0,
920225,,False,0,
920228,,False,0,
920235,,False,0,
920237,,False,0,
920242,,False,0,
920251,,False,0,
920253,,False,0,
920260,,False,0,
920262,,False,0,
920276,,False,0,
920278,,False,0,
920281,,False,0,
920327,,False,0,
920418,,False,0,
920447,,False,0,
920451,,False,0,
920551,,False,0,
920566,,False,0,
920572,,False,0,
920573,,False,0,
920575,,False,0,
920624,,False,0,
920813,,False,0,
920898,,False,0,
920900,,False,0,
920952,,False,0,
921148,,False,0,
921158,,False,0,
921359,,False,0,
921368,,False,0,
921412,,False,0,
921418,,False,0,
921419,,False,0,
921421,,False,0,
921423,,False,0,
921624,,False,0,
921642,,False,0,
921924,,False,0,
921938,,False,0,
921944,,False,0,
921949,,False,0,
921992,,False,0,
922011,,False,0,
922023,,False,0,
922051,,False,0,
922068,,False,0,
922082,,False,0,
922100,,False,0,
922115,,False,0,
922145,,False,0,
922159,,False,0,
922166,,False,0,
922182,,False,0,
922199,,False,0,
922206,,False,0,
922217,,False,0,
922238,,False,0,
922248,,False,0,
922254,,False,0,
922285,,False,0,
922293,,False,0,
922308,,False,0,
922316,,False,0,
922333,,False,0,
922349,,False,0,
922356,,False,0,
922370,,False,0,
922391,,False,0,
922395,,False,0,
922396,,False,0,
922398,,False,0,
922447,,False,0,
922463,,False,0,
922467,,False,0,
922468,,False,0,
922470,,False,0,
922611,,False,0,
922726,,False,0,
922732,,False,0,
922977,,False,0,
922978,,False,0,
922980,,False,0,
923014,,False,0,
923016,,False,0,
923073,,False,0,
923079,,False,0,
923137,,False,0,
923174,,False,0,
923193,,False,0,
923202,,False,0,
923206,,False,0,
923207,,False,0,
923209,,False,0,
923215,,False,0,
923344,,False,0,
923366,,False,0,
923391,,False,0,
923397,,False,0,
923406,,False,0,
923418,,False,0,
923476,,False,0,
923481,,False,0,
923519,,False,0,
923716,,False,0,
923942,,False,0,
923950,,False,0,
923982,,False,0,
923987,,False,0,
924147,,False,0,
924157,,False,0,
924296,,False,0,
924302,,False,0,
924303,,False,0,
924305,,False,0,
924307,,False,0,
924679,,False,0,
924697,,False,0,
924703,,False,0,
924707,,False,0,
925052,,False,0,
925342,,False,0,
925346,,False,0,
925621,,False,0,
925627,,False,0,
925633,,False,0,
925644,,False,0,
925649,,False,0,
925653,,False,0,
925657,,False,0,
925665,,False,0,
925677,,False,0,
925708,,False,0,
925711,,False,0,
925740,,False,0,
925816,,False,0,
925848,,False,0,
925930,,False,0,
925941,,False,0,
925947,,False,0,
925993,,False,0,
926030,,False,0,
926034,,False,0,
926062,,False,0,
926086,,False,0,
926090,,False,0,
926130,,False,0,
926136,,False,0,
926188,,False,0,
926192,,False,0,
926298,,False,0,
926304,,False,0,
926389,,False,0,
926393,,False,0,
926446,,False,0,
926452,,False,0,
926517,,False,0,
926584,,False,0,
926590,,False,0,
926594,,False,0,
926595,,False,0,
926597,,False,0,
926616,,False,0,
926657,,False,0,
926659,,False,0,
926889,,False,0,
926940,,False,0,
926945,,False,0,
926950,,False,0,
927028,,False,0,
927042,,False,0,
927045,,False,0,
927047,,False,0,
927070,,False,0,
927072,,False,0,
927095,,False,0,
927101,,False,0,
927102,,False,0,
927104,,False,0,
927106,,False,0,
927137,,False,0,
927146,,False,0,
927205,,False,0,
927219,,False,0,
927254,,False,0,
927270,,False,0,
927281,,False,0,
927285,,False,0,
927294,,False,0,
927383,,False,0,
927398,,False,0,
927407,,False,0,
927422,,False,0,
927489,,False,0,
927494,,False,0,
927500,,False,0,
927502,,False,0,
927509,,False,0,
927516,,False,0,
927523,,False,0,
927530,,False,0,
927540,,False,0,
927549,,False,0,
927556,,False,0,
927561,,False,0,
927566,,False,0,
927573,,False,0,
927580,,False,0,
927585,,False,0,
927589,,False,0,
927594,,False,0,
927601,,False,0,
927606,,False,0,
927612,,False,0,
927619,,False,0,
927626,,False,0,
927633,,False,0,
927640,,False,0,
927647,,False,0,
927652,,False,0,
927689,,False,0,
927694,,False,0,
927701,,False,0,
927706,,False,0,
927713,,False,0,
927718,,False,0,
927723,,False,0,
927732,,False,0,
927739,,False,0,
927746,,False,0,
927751,,False,0,
927756,,False,0,
927769,,False,0,
927779,,False,0,
927787,,False,0,
927793,,False,0,
927796,,False,0,
927799,,False,0,
927801,,False,0,
927828,,False,0,
927856,,False,0,
927863,,False,0,
927902,,False,0,
927953,,False,0,
927973,,False,0,
928009,,False,0,
928046,,False,0,
928064,,False,0,
928081,,False,0,
928102,,False,0,
928116,,False,0,
928136,,False,0,
928177,,False,0,
928205,,False,0,
928223,,False,0,
928233,,False,0,
928255,,False,0,
928262,,False,0,
928282,,False,0,
928291,,False,0,
928306,,False,0,
928313,,False,0,
928326,,False,0,
928335,,False,0,
928345,,False,0,
928351,,False,0,
928352,,False,0,
928354,,False,0,
928369,,False,0,
928429,,False,0,
928431,,False,0,
928527,,False,0,
928558,,False,0,
928659,,False,0,
928690,,False,0,
928842,,False,0,
928848,,False,0,
928884,,False,0,
928958,,False,0,
928966,,False,0,
928968,,False,0,
929072,,False,0,
929074,,False,0,
929079,,False,0,
929084,,False,0,
929086,,False,0,
929102,,False,0,
929156,,False,0,
929163,,False,0,
929169,,False,0,
929170,,False,0,
929173,,False,0,
929246,,False,0,
929251,,False,0,
929255,,False,0,
929256,,False,0,
929258,,False,0,
929308,,False,0,
929386,,False,0,
929388,,False,0,
929433,,False,0,
929448,,False,0,
929537,,False,0,
929541,,False,0,
929542,,False,0,
929544,,False,0,
929596,,False,0,
929602,,False,0,
929603,,False,0,
929605,,False,0,
929739,,False,0,
929741,,False,0,
929768,,False,0,
929773,,False,0,
929774,,False,0,
929776,,False,0,
929786,,False,0,
929848,,False,0,
929850,,False,0,
929898,,False,0,
929918,,False,0,
929946,,False,0,
929947,,False,0,
929949,,False,0,
929966,,False,0,
930042,,False,0,
930044,,False,0,
930073,,False,0,
930095,,False,0,
930099,,False,0,
930100,,False,0,
930102,,False,0,
930123,,False,0,
930132,,False,0,
930138,,False,0,
930139,,False,0,
930141,,False,0,
930181,,False,0,
930183,,False,0,
930260,,False,0,
930272,,False,0,
930276,,False,0,
930277,,False,0,
930279,,False,0,
930287,,False,0,
930289,,False,0,
930325,,False,0,
930330,,False,0,
930331,,False,0,
930333,,False,0,
930365,,False,0,
930371,,False,0,
930372,,False,0,
930374,,False,0,
930433,,False,0,
930555,,False,0,
930666,,False,0,
930959,,False,0,
930971,,False,0,
930979,,False,0,
931004,,False,0,
931023,,False,0,
931035,,False,0,
931062,,False,0,
931072,,False,0,
931082,,False,0,
931225,,False,0,
931234,,False,0,
931354,,False,0,
931360,,False,0,
931361,,False,0,
931363,,False,0,
931365,,False,0,
932218,,False,0,
932651,,False,0,
932697,,False,0,
932703,,False,0,
932707,,False,0,
932710,,False,0,
932716,,False,0,
932720,,False,0,
932724,,False,0,
932730,,False,0,
932734,,False,0,
932736,,False,0,
932740,,False,0,
932778,,False,0,
932792,,False,0,
932796,,False,0,
932936,,False,0,
932941,,False,0,
932943,,False,0,
932949,,False,0,
932950,,False,0,
932952,,False,0,
932968,,False,0,
933029,,False,0,
933124,,False,0,
933128,,False,0,
933140,,False,0,
933361,,False,0,
933366,,False,0,
933372,,False,0,
933373,,False,0,
933375,,False,0,
933380,,False,0,
933381,,False,0,
933383,,False,0,
933421,,False,0,
933457,,False,0,
933462,,False,0,
933463,,False,0,
933465,,False,0,
933474,,False,0,
933502,,False,0,
933516,,False,0,
933645,,False,0,
933653,,False,0,
933667,,False,0,
933680,,False,0,
933698,,False,0,
933700,,False,0,
933711,,False,0,
933731,,False,0,
933757,,False,0,
933763,,False,0,
933764,,False,0,
933766,,False,0,
933768,,False,0,
933826,,False,0,
933883,,False,0,
933885,,False,0,
933895,,False,0,
933897,,False,0,
934011,,False,0,
934027,,False,0,
934043,,False,0,
934056,,False,0,
934073,,False,0,
934077,,False,0,
934098,,False,0,
934104,,False,0,
934106,,False,0,
934134,,False,0,
934151,,False,0,
934176,,False,0,
934205,,False,0,
934221,,False,0,
934246,,False,0,
934257,,False,0,
934274,,False,0,
934295,,False,0,
934304,,False,0,
934326,,False,0,
934339,,False,0,
934368,,False,0,
934386,,False,0,
934392,,False,0,
934403,,False,0,
934414,,False,0,
934429,,False,0,
934439,,False,0,
934458,,False,0,
934465,,False,0,
934473,,False,0,
934502,,False,0,
934511,,False,0,
934530,,False,0,
934544,,False,0,
934548,,False,0,
934549,,False,0,
934551,,False,0,
934552,,False,0,
934672,,False,0,
934722,,False,0,
934724,,False,0,
934734,,False,0,
934744,,False,0,
934746,,False,0,
934754,,False,0,
934799,,False,0,
934804,,False,0,
934805,,False,0,
934807,,False,0,
934827,,False,0,
934869,,False,0,
934871,,False,0,
935011,,False,0,
935013,,False,0,
935044,,False,0,
935052,,False,0,
935055,,False,0,
935063,,False,0,
935069,,False,0,
935070,,False,0,
935072,,False,0,
935090,,False,0,
935129,,False,0,
935134,,False,0,
935140,,False,0,
935141,,False,0,
935143,,False,0,
935152,,False,0,
935213,,False,0,
935232,,False,0,
935238,,False,0,
935239,,False,0,
935241,,False,0,
935245,,False,0,
935317,,False,0,
935371,,False,0,
935376,,False,0,
935377,,False,0,
935379,,False,0,
935406,,False,0,
935484,,False,0,
935490,,False,0,
935491,,False,0,
935493,,False,0,
935611,,False,0,
935613,,False,0,
935722,,False,0,
935750,,False,0,
935798,,False,0,
935854,,False,0,
935855,,False,0,
935857,,False,0,
935897,,False,0,
935962,,False,0,
935964,,False,0,
936004,,False,0,
936057,,False,0,
936109,,False,0,
936110,,False,0,
936112,,False,0,
936127,,False,0,
936180,,False,0,
936186,,False,0,
936187,,False,0,
936189,,False,0,
936207,,False,0,
936209,,False,0,
936323,,False,0,
936354,,False,0,
936364,,False,0,
936413,,False,0,
936423,,False,0,
936427,,False,0,
936428,,False,0,
936430,,False,0,
936432,,False,0,
936461,,False,0,
936497,,False,0,
936540,,False,0,
936546,,False,0,
936560,,False,0,
936562,,False,0,
936567,,False,0,
936575,,False,0,
936583,,False,0,
936589,,False,0,
936593,,False,0,
936595,,False,0,
936606,,False,0,
936620,,False,0,
936654,,False,0,
936687,,False,0,
936717,,False,0,
936723,,False,0,
936752,,False,0,
936761,,False,0,
936788,,False,0,
936830,,False,0,
936837,,False,0,
936852,,False,0,
936860,,False,0,
936887,,False,0,
936903,,False,0,
936926,,False,0,
936942,,False,0,
936949,,False,0,
936960,,False,0,
936991,,False,0,
937010,,False,0,
937028,,False,0,
937035,,False,0,
937047,,False,0,
937066,,False,0,
937073,,False,0,
937080,,False,0,
937084,,False,0,
937085,,False,0,
937087,,False,0,
937097,,False,0,
937140,,False,0,
937145,,False,0,
937146,,False,0,
937148,,False,0,
937162,,False,0,
937213,,False,0,
937216,,False,0,
937221,,False,0,
937225,,False,0,
937226,,False,0,
937228,,False,0,
937240,,False,0,
937280,,False,0,
937282,,False,0,
937285,,False,0,
937290,,False,0,
937296,,False,0,
937297,,False,0,
937299,,False,0,
937306,,False,0,
937338,,False,0,
937343,,False,0,
937344,,False,0,
937346,,False,0,
937353,,False,0,
937398,,False,0,
937400,,False,0,
937408,,False,0,
937416,,False,0,
937422,,False,0,
937424,,False,0,
937450,,False,0,
937452,,False,0,
937454,,False,0,
937467,,False,0,
937471,,False,0,
937473,,False,0,
937477,,False,0,
937479,,False,0,
937510,,False,0,
937525,,False,0,
937529,,False,0,
937536,,False,0,
937538,,False,0,
937542,,False,0,
937544,,False,0,
937552,,False,0,
937556,,False,0,
937557,,False,0,
937559,,False,0,
937570,,False,0,
937661,,False,0,
937663,,False,0,
937826,,False,0,
937832,,False,0,
937833,,False,0,
937835,,False,0,
937837,,False,0,
938067,,False,0,
938079,,False,0,
938395,,False,0,
938401,,False,0,
938420,,False,0,
938448,,False,0,
938453,,False,0,
938459,,False,0,
938460,,False,0,
938462,,False,0,
938469,,False,0,
938505,,False,0,
938507,,False,0,
938599,,False,0,
938716,,False,0,
938734,,False,0,
938743,,False,0,
938747,,False,0,
938751,,False,0,
938755,,False,0,
938757,,False,0,
938761,,False,0,
938766,,False,0,
938768,,False,0,
938772,,False,0,
938776,,False,0,
938779,,False,0,
938783,,False,0,
938784,,False,0,
938786,,False,0,
938793,,False,0,
938829,,False,0,
938831,,False,0,
938832,,False,0,
938835,,False,0,
938840,,False,0,
938841,,False,0,
938843,,False,0,
938850,,False,0,
938874,,False,0,
938876,,False,0,
938877,,False,0,
938885,,False,0,
938891,,False,0,
938892,,False,0,
938894,,False,0,
938934,,False,0,
938936,,False,0,
938937,,False,0,
938942,,False,0,
938943,,False,0,
938945,,False,0,
938962,,False,0,
939003,,False,0,
939005,,False,0,
939006,,False,0,
939011,,False,0,
939012,,False,0,
939014,,False,0,
939016,,False,0,
939018,,False,0,
939024,,False,0,
939026,,False,0,
939028,,False,0,
939115,,False,0,
939119,,False,0,
939208,,False,0,
939214,,False,0,
939335,,False,0,
939341,,False,0,
939343,,False,0,
939350,,False,0,
939354,,False,0,
939360,,False,0,
939367,,False,0,
939373,,False,0,
939380,,False,0,
939387,,False,0,
939395,,False,0,
939400,,False,0,
939405,,False,0,
939410,,False,0,
939417,,False,0,
939424,,False,0,
939431,,False,0,
939438,,False,0,
939445,,False,0,
939452,,False,0,
939457,,False,0,
939465,,False,0,
939472,,False,0,
939479,,False,0,
939486,,False,0,
939493,,False,0,
939498,,False,0,
939506,,False,0,
939513,,False,0,
939520,,False,0,
939527,,False,0,
939534,,False,0,
939539,,False,0,
939546,,False,0,
939551,,False,0,
939558,,False,0,
939565,,False,0,
939572,,False,0,
939577,,False,0,
939582,,False,0,
939587,,False,0,
939595,,False,0,
939601,,False,0,
939603,,False,0,
939623,,False,0,
939652,,False,0,
939673,,False,0,
939701,,False,0,
939739,,False,0,
939759,,False,0,
939795,,False,0,
939834,,False,0,
939847,,False,0,
939860,,False,0,
939871,,False,0,
939878,,False,0,
939893,,False,0,
939910,,False,0,
939924,,False,0,
939941,,False,0,
939958,,False,0,
939973,,False,0,
940006,,False,0,
940019,,False,0,
940055,,False,0,
940093,,False,0,
940101,,False,0,
940111,,False,0,
940122,,False,0,
940130,,False,0,
940134,,False,0,
940283,,False,0,
940320,,False,0,
940326,,False,0,
940411,,False,0,
940611,,False,0,
940617,,False,0,
940700,,False,0,
940704,,False,0,
940802,,False,0,
940806,,False,0,
940900,,False,0,
940906,,False,0,
940907,,False,0,
940909,,False,0,
940912,,False,0,
940913,,False,0,
940915,,False,0,
940917,,False,0,
940923,,False,0,
940926,,False,0,
940927,,False,0,
940929,,False,0,
940987,,False,0,
940992,,False,0,
940993,,False,0,
940995,,False,0,
941036,,False,0,
941041,,False,0,
941045,,False,0,
941046,,False,0,
941048,,False,0,
941104,,False,0,
941109,,False,0,
941110,,False,0,
941112,,False,0,
941148,,False,0,
941195,,False,0,
941201,,False,0,
941202,,False,0,
941204,,False,0,
941237,,False,0,
941239,,False,0,
941320,,False,0,
941333,,False,0,
941335,,False,0,
941346,,False,0,
941357,,False,0,
941396,,False,0,
941398,,False,0,
941401,,False,0,
941432,,False,0,
941440,,False,0,
941444,,False,0,
941445,,False,0,
941447,,False,0,
941461,,False,0,
941509,,False,0,
941511,,False,0,
941565,,False,0,
941568,,False,0,
941569,,False,0,
941571,,False,0,
941587,,False,0,
941630,,False,0,
941640,,False,0,
941646,,False,0,
941647,,False,0,
941649,,False,0,
941663,,False,0,
941721,,False,0,
941723,,False,0,
941790,,False,0,
941797,,False,0,
941835,,False,0,
941848,,False,0,
941854,,False,0,
941877,,False,0,
941879,,False,0,
941883,,False,0,
941892,,False,0,
941924,,False,0,
941938,,False,0,
941942,,False,0,
941943,,False,0,
941945,,False,0,
941951,,False,0,
941994,,False,0,
942000,,False,0,
942001,,False,0,
942003,,False,0,
942055,,False,0,
942067,,False,0,
942077,,False,0,
942086,,False,0,
942097,,False,0,
942135,,False,0,
942151,,False,0,
942155,,False,0,
942156,,False,0,
942158,,False,0,
942169,,False,0,
942221,,False,0,
942223,,False,0,
942280,,False,0,
942293,,False,0,
942306,,False,0,
942323,,False,0,
942331,,False,0,
942339,,False,0,
942378,,False,0,
942381,,False,0,
942385,,False,0,
942386,,False,0,
942388,,False,0,
942398,,False,0,
942436,,False,0,
942438,,False,0,
942450,,False,0,
942462,,False,0,
942467,,False,0,
942521,,False,0,
942527,,False,0,
942528,,False,0,
942530,,False,0,
942532,,False,0,
942560,,False,0,
942578,,False,0,
942628,,False,0,
942629,,False,0,
942631,,False,0,
942702,,False,0,
942706,,False,0,
942733,,False,0,
942739,,False,0,
942740,,False,0,
942742,,False,0,
942766,,False,0,
942801,,False,0,
942807,,False,0,
942809,,False,0,
942830,,False,0,
942852,,False,0,
942881,,False,0,
942889,,False,0,
942907,,False,0,
942921,,False,0,
942950,,False,0,
942970,,False,0,
942996,,False,0,
943006,,False,0,
943027,,False,0,
943046,,False,0,
943071,,False,0,
943078,,False,0,
943093,,False,0,
943138,,False,0,
943156,,False,0,
943180,,False,0,
943191,,False,0,
943204,,False,0,
943213,,False,0,
943233,,False,0,
943243,,False,0,
943250,,False,0,
943262,,False,0,
943275,,False,0,
943279,,False,0,
943280,,False,0,
943282,,False,0,
943294,,False,0,
943380,,False,0,
943389,,False,0,
943395,,False,0,
943396,,False,0,
943398,,False,0,
943405,,False,0,
943456,,False,0,
943553,,False,0,
943558,,False,0,
943564,,False,0,
943565,,False,0,
943567,,False,0,
943582,,False,0,
943637,,False,0,
943642,,False,0,
943643,,False,0,
943645,,False,0,
943654,,False,0,
943692,,False,0,
943722,,False,0,
943727,,False,0,
943754,,False,0,
943757,,False,0,
943764,,False,0,
943770,,False,0,
943771,,False,0,
943773,,False,0,
943775,,False,0,
943781,,False,0,
943795,,False,0,
943799,,False,0,
943830,,False,0,
943840,,False,0,
943846,,False,0,
943891,,False,0,
943894,,False,0,
943895,,False,0,
943897,,False,0,
943911,,False,0,
943977,,False,0,
943991,,False,0,
943995,,False,0,
943996,,False,0,
943998,,False,0,
944026,,False,0,
944183,,False,0,
944230,,False,0,
944232,,False,0,
944241,,False,0,
944254,,False,0,
944256,,False,0,
944272,,False,0,
944274,,False,0,
944321,,False,0,
944331,,False,0,
944348,,False,0,
944378,,False,0,
944542,,False,0,
944548,,False,0,
944549,,False,0,
944551,,False,0,
944553,,False,0,
944565,,False,0,
944569,,False,0,
944571,,False,0,
944593,,False,0,
944600,,False,0,
944644,,False,0,
944652,,False,0,
944654,,False,0,
944682,,False,0,
944684,,False,0,
944753,,False,0,
944757,,False,0,
944771,,False,0,
944774,,False,0,
944790,,False,0,
944802,,False,0,
944807,,False,0,
944824,,False,0,
944839,,False,0,
944841,,False,0,
944850,,False,0,
944852,,False,0,
944858,,False,0,
944878,,False,0,
944880,,False,0,
944889,,False,0,
944891,,False,0,
944906,,False,0,
944922,,False,0,
944930,,False,0,
944936,,False,0,
944938,,False,0,
944942,,False,0,
944944,,False,0,
944961,,False,0,
944969,,False,0,
945000,,False,0,
945013,,False,0,
945021,,False,0,
945065,,False,0,
945067,,False,0,
945069,,False,0,
945073,,False,0,
945084,,False,0,
945089,,False,0,
945095,,False,0,
945096,,False,0,
945098,,False,0,
945107,,False,0,
945163,,False,0,
945165,,False,0,
945284,,False,0,
945286,,False,0,
945348,,False,0,
945350,,False,0,
945356,,False,0,
945358,,False,0,
945391,,False,0,
945421,,False,0,
945423,,False,0,
945441,,False,0,
945443,,False,0,
945450,,False,0,
945473,,False,0,
945481,,False,0,
945485,,False,0,
945486,,False,0,
945488,,False,0,
945500,,False,0,
945533,,False,0,
945539,,False,0,
945540,,False,0,
945542,,False,0,
945555,,False,0,
945557,,False,0,
945769,,False,0,
945836,,False,0,
945893,,False,0,
945975,,False,0,
945986,,False,0,
946011,,False,0,
946037,,False,0,
946041,,False,0,
946055,,False,0,
946060,,False,0,
946073,,False,0,
946079,,False,0,
946081,,False,0,
946102,,False,0,
946143,,False,0,
946150,,False,0,
946162,,False,0,
946172,,False,0,
946182,,False,0,
946194,,False,0,
946230,,False,0,
946236,,False,0,
946272,,False,0,
946282,,False,0,
946289,,False,0,
946303,,False,0,
946321,,False,0,
946338,,False,0,
946348,,False,0,
946354,,False,0,
946363,,False,0,
946373,,False,0,
946393,,False,0,
946402,,False,0,
946419,,False,0,
946430,,False,0,
946440,,False,0,
946448,,False,0,
946457,,False,0,
946478,,False,0,
946482,,False,0,
946483,,False,0,
946485,,False,0,
946492,,False,0,
946522,,False,0,
946527,,False,0,
946528,,False,0,
946530,,False,0,
946537,,False,0,
946575,,False,0,
946590,,False,0,
946595,,False,0,
946601,,False,0,
946603,,False,0,
946640,,False,0,
946644,,False,0,
946662,,False,0,
946698,,False,0,
946715,,False,0,
946719,,False,0,
946720,,False,0,
946722,,False,0,
946729,,False,0,
946802,,False,0,
946832,,False,0,
946834,,False,0,
946864,,False,0,
946889,,False,0,
946894,,False,0,
946895,,False,0,
946897,,False,0,
946911,,False,0,
946954,,False,0,
946956,,False,0,
946958,,False,0,
946963,,False,0,
946969,,False,0,
946970,,False,0,
946973,,False,0,
946974,,False,0,
946976,,False,0,
946993,,False,0,
947021,,False,0,
947026,,False,0,
947027,,False,0,
947029,,False,0,
947031,,False,0,
947033,,False,0,
947035,,False,0,
947041,,False,0,
947042,,False,0,
947044,,False,0,
947060,,False,0,
947094,,False,0,
947096,,False,0,
947203,,False,0,
947244,,False,0,
947264,,False,0,
947267,,False,0,
947272,,False,0,
947278,,False,0,
947280,,False,0,
947287,,False,0,
947294,,False,0,
947305,,False,0,
947312,,False,0,
947317,,False,0,
947324,,False,0,
947329,,False,0,
947334,,False,0,
947341,,False,0,
947348,,False,0,
947355,,False,0,
947362,,False,0,
947369,,False,0,
947374,,False,0,
947381,,False,0,
947387,,False,0,
947394,,False,0,
947401,,False,0,
947412,,False,0,
947419,,False,0,
947426,,False,0,
947433,,False,0,
947438,,False,0,
947451,,False,0,
947463,,False,0,
947470,,False,0,
947479,,False,0,
947484,,False,0,
947489,,False,0,
947496,,False,0,
947503,,False,0,
947510,,False,0,
947515,,False,0,
947522,,False,0,
947529,,False,0,
947534,,False,0,
947541,,False,0,
947549,,False,0,
947555,,False,0,
947560,,False,0,
947562,,False,0,
947589,,False,0,
947592,,False,0,
947593,,False,0,
947626,,False,0,
947643,,False,0,
947675,,False,0,
947689,,False,0,
947698,,False,0,
947757,,False,0,
947771,,False,0,
947812,,False,0,
947821,,False,0,
947832,,False,0,
947847,,False,0,
947866,,False,0,
947881,,False,0,
947900,,False,0,
947920,,False,0,
947954,,False,0,
947978,,False,0,
947987,,False,0,
947999,,False,0,
948011,,False,0,
948032,,False,0,
948057,,False,0,
948066,,False,0,
948082,,False,0,
948104,,False,0,
948108,,False,0,
948274,,False,0,
948280,,False,0,
948281,,False,0,
948283,,False,0,
948291,,False,0,
948382,,False,0,
948405,,False,0,
948406,,False,0,
948408,,False,0,
948417,,False,0,
948454,,False,0,
948466,,False,0,
948472,,False,0,
948473,,False,0,
948475,,False,0,
948497,,False,0,
948542,,False,0,
948598,,False,0,
948603,,False,0,
948604,,False,0,
948606,,False,0,
948653,,False,0,
948658,,False,0,
948659,,False,0,
948661,,False,0,
948709,,False,0,
948715,,False,0,
948716,,False,0,
948718,,False,0,
948777,,False,0,
948787,,False,0,
948790,,False,0,
948796,,False,0,
948804,,False,0,
948860,,False,0,
949097,,False,0,
949106,,False,0,
949112,,False,0,
949114,,False,0,
949115,,False,0,
949117,,False,0,
949126,,False,0,
949184,,False,0,
949189,,False,0,
949190,,False,0,
949192,,False,0,
949201,,False,0,
949252,,False,0,
949257,,False,0,
949258,,False,0,
949260,,False,0,
949308,,False,0,
949352,,False,0,
949375,,False,0,
949381,,False,0,
949387,,False,0,
949395,,False,0,
949614,,False,0,
949697,,False,0,
949698,,False,0,
949699,,False,0,
949700,,False,0,
949701,,False,0,
949702,,False,0,
949703,,False,0,
949704,,False,0,
949705,,False,0,
949706,,False,0,
949707,,False,0,
949708,,False,0,
949709,,False,0,
949710,,False,0,
949711,,False,0,
949712,,False,0,
949713,,False,0,
949714,,False,0,
949715,,False,0,
949716,,False,0,
949717,,False,0,
949721,,False,0,
949723,,False,0,
949725,,False,0,
949727,,False,0,
949729,,False,0,
949736,,False,0,
949746,,False,0,
949756,,False,0,
949766,,False,0,
949795,,False,0,
949801,,False,0,
949858,,False,0,
949867,,False,0,
949869,,False,0,
949871,,False,0,
950218,,False,0,
950219,,False,0,
950220,,False,0,
951064,,False,0,
951070,,False,0,
951071,,False,0,
951825,,False,0,
951830,,False,0,
951836,,False,0,
951837,,False,0,
951839,,False,0,
951965,,False,0,
952214,,False,0,
952348,,False,0,
952352,,False,0,
952353,,False,0,
952382,,False,0,
952384,,False,0,
952429,,False,0,
952435,,False,0,
952437,,False,0,
952473,,False,0,
952515,,False,0,
952563,,False,0,
952614,,False,0,
952631,,False,0,
952654,,False,0,
952680,,False,0,
952707,,False,0,
952737,,False,0,
952757,,False,0,
952785,,False,0,
952811,,False,0,
952843,,False,0,
952880,,False,0,
952926,,False,0,
952953,,False,0,
952973,,False,0,
953007,,False,0,
953038,,False,0,
953049,,False,0,
953069,,False,0,
953085,,False,0,
953099,,False,0,
953129,,False,0,
953140,,False,0,
953159,,False,0,
953209,,False,0,
953213,,False,0,
953214,,False,0,
953216,,False,0,
953236,,False,0,
953238,,False,0,
953413,,False,0,
953545,,False,0,
953566,,False,0,
953627,,False,0,
953633,,False,0,
953634,,False,0,
953636,,False,0,
953638,,False,0,
953750,,False,0,
954082,,False,0,
954156,,False,0,
954174,,False,0,
954260,,False,0,
954263,,False,0,
954295,,False,0,
954299,,False,0,
954325,,False,0,
954337,,False,0,
954341,,False,0,
954347,,False,0,
954456,,False,0,
954464,,False,0,
954470,,False,0,
954476,,False,0,
954477,,False,0,
954479,,False,0,
954491,,False,0,
954581,,False,0,
954583,,False,0,
954608,,False,0,
954610,,False,0,
954698,,False,0,
954700,,False,0,
954863,,False,0,
954963,,False,0,
954968,,False,0,
954974,,False,0,
954975,,False,0,
954977,,False,0,
955164,,False,0,
955448,,False,0,
955450,,False,0,
955979,,False,0,
955985,,False,0,
955986,,False,0,
955988,,False,0,
955990,,False,0,
956463,,False,0,
956467,,False,0,
956500,,False,0,
956682,,False,0,
956688,,False,0,
956690,,False,0,
956713,,False,0,
956745,,False,0,
956760,,False,0,
956779,,False,0,
956789,,False,0,
956823,,False,0,
956836,,False,0,
956872,,False,0,
956915,,False,0,
956947,,False,0,
956984,,False,0,
957001,,False,0,
957023,,False,0,
957036,,False,0,
957045,,False,0,
957086,,False,0,
957106,,False,0,
957117,,False,0,
957154,,False,0,
957175,,False,0,
957182,,False,0,
957210,,False,0,
957246,,False,0,
957254,,False,0,
957263,,False,0,
957301,,False,0,
957309,,False,0,
957313,,False,0,
957314,,False,0,
957316,,False,0,
957318,,False,0,
957641,,False,0,
957643,,False,0,
957644,,False,0,
957873,,False,0,
957892,,False,0,
957896,,False,0,
957989,,False,0,
957990,,False,0,
957998,,False,0,
958004,,False,0,
958005,,False,0,
958007,,False,0,
958009,,False,0,
958276,,False,0,
958284,,False,0,
958529,,False,0,
958570,,False,0,
958581,,False,0,
958674,,False,0,
958683,,False,0,
958686,,False,0,
958692,,False,0,
958693,,False,0,
958695,,False,0,
958697,,False,0,
958947,,False,0,
959084,,False,0,
959088,,False,0,
959106,,False,0,
959353,,False,0,
959372,,False,0,
959469,,False,0,
959595,,False,0,
959609,,False,0,
959669,,False,0,
959674,,False,0,
959681,,False,0,
959951,,False,0,
959961,,False,0,
959973,,False,0,
959980,,False,0,
960004,,False,0,
960010,,False,0,
960011,,False,0,
960013,,False,0,
960015,,False,0,
960034,,False,0,
960143,,False,0,
960158,,False,0,
960177,,False,0,
960194,,False,0,
960198,,False,0,
960240,,False,0,
960636,,False,0,
960644,,False,0,
960663,,False,0,
960668,,False,0,
960691,,False,0,
960697,,False,0,
960698,,False,0,
960700,,False,0,
960702,,False,0,
960757,,False,0,
961216,,False,0,
961239,,False,0,
961262,,False,0,
961266,,False,0,
961452,,False,0,
961474,,False,0,
961480,,False,0,
961481,,False,0,
961483,,False,0,
961485,,False,0,
961770,,False,0,
961787,,False,0,
961790,,False,0,
961805,,False,0,
961812,,False,0,
961953,,False,0,
961957,,False,0,
961985,,False,0,
962078,,False,0,
962108,,False,0,
962153,,False,0,
962273,,False,0,
962298,,False,0,
962301,,False,0,
962463,,False,0,
962485,,False,0,
962491,,False,0,
962492,,False,0,
962494,,False,0,
962496,,False,0,
962563,,False,0,
962578,,False,0,
962621,,False,0,
962695,,False,0,
962820,,False,0,
962919,,False,0,
962957,,False,0,
962967,,False,0,
963057,,False,0,
963066,,False,0,
963126,,False,0,
963205,,False,0,
963211,,False,0,
963225,,False,0,
963229,,False,0,
963234,,False,0,
963361,,False,0,
963381,,False,0,
963387,,False,0,
963451,,False,0,
963460,,False,0,
963466,,False,0,
963470,,False,0,
963622,,False,0,
963659,,False,0,
963730,,False,0,
963735,,False,0,
963747,,False,0,
963802,,False,0,
963820,,False,0,
963831,,False,0,
963835,,False,0,
963862,,False,0,
963867,,False,0,
963922,,False,0,
964017,,False,0,
964019,,False,0,
964263,,False,0,
964308,,False,0,
964429,,False,0,
964434,,False,0,
964440,,False,0,
964442,,False,0,
964604,,False,0,
964850,,False,0,
964855,,False,0,
964859,,False,0,
964861,,False,0,
964928,,False,0,
964930,,False,0,
965169,,False,0,
965454,,False,0,
965460,,False,0,
965461,,False,0,
965463,,False,0,
965465,,False,0,
965597,,False,0,
965601,,False,0,
965935,,False,0,
965938,,False,0,
965942,,False,0,
966046,,False,0,
966052,,False,0,
966055,,False,0,
966056,,False,0,
966058,,False,0,
966060,,False,0,
966737,,False,0,
967287,,False,0,
967295,,False,0,
967299,,False,0,
967305,,False,0,
967307,,False,0,
967590,,False,0,
967623,,False,0,
967851,,False,0,
967857,,False,0,
967910,,False,0,
967911,,False,0,
967948,,False,0,
968182,,False,0,
968191,,False,0,
968221,,False,0,
968270,,False,0,
968271,,False,0,
968304,,False,0,
968309,,False,0,
968377,,False,0,
968420,,False,0,
968604,,False,0,
968629,,False,0,
968630,,False,0,
968636,,False,0,
968637,,False,0,
968639,,False,0,
968641,,False,0,
968818,,False,0,
968822,,False,0,
968831,,False,0,
968835,,False,0,
968845,,False,0,
968849,,False,0,
968857,,False,0,
968858,,False,0,
968859,,False,0,
968860,,False,0,
968861,,False,0,
968872,,False,0,
968873,,False,0,
968874,,False,0,
968875,,False,0,
968876,,False,0,
968885,,False,0,
968886,,False,0,
968887,,False,0,
968888,,False,0,
968889,,False,0,
968909,,False,0,
968913,,False,0,
968995,,False,0,
968997,,False,0,
969003,,False,0,
969004,,False,0,
969006,,False,0,
969031,,False,0,
969134,,False,0,
969145,,False,0,
969149,,False,0,
969150,,False,0,
969152,,False,0,
969154,,False,0,
969198,,False,0,
969269,,False,0,
969271,,False,0,
969360,,False,0,
969363,,False,0,
969365,,False,0,
969682,,False,0,
969688,,False,0,
969690,,False,0,
969692,,False,0,
969717,,False,0,
970024,,False,0,
970040,,False,0,
970041,,False,0,
970055,,False,0,
970331,,False,0,
970335,,False,0,
970340,,False,0,
970736,,False,0,
970749,,False,0,
970758,,False,0,
970945,,False,0,
970957,,False,0,
971115,,False,0,
971133,,False,0,
971141,,False,0,
971143,,False,0,
971149,,False,0,
971151,,False,0,
971161,,False,0,
971176,,False,0,
971182,,False,0,
971207,,False,0,
971226,,False,0,
971255,,False,0,
971264,,False,0,
971274,,False,0,
971307,,False,0,
971321,,False,0,
971335,,False,0,
971360,,False,0,
971377,,False,0,
971391,,False,0,
971426,,False,0,
971441,,False,0,
971474,,False,0,
971481,,False,0,
971490,,False,0,
971498,,False,0,
971511,,False,0,
971536,,False,0,
971549,,False,0,
971556,,False,0,
971563,,False,0,
971572,,False,0,
971606,,False,0,
971608,,False,0,
971612,,False,0,
971613,,False,0,
971615,,False,0,
971617,,False,0,
971629,,False,0,
971967,,False,0,
971978,,False,0,
971982,,False,0,
971984,,False,0,
971986,,False,0,
972015,,False,0,
972134,,False,0,
972147,,False,0,
972188,,False,0,
972192,,False,0,
972194,,False,0,
972196,,False,0,
972270,,False,0,
972309,,False,0,
972315,,False,0,
972317,,False,0,
972319,,False,0,
972321,,False,0,
972366,,False,0,
972392,,False,0,
972449,,False,0,
972451,,False,0,
972453,,False,0,
972455,,False,0,
972533,,False,0,
972535,,False,0,
972537,,False,0,
972539,,False,0,
972540,,False,0,
972589,,False,0,
972598,,False,0,
972730,,False,0,
972731,,False,0,
973098,,False,0,
973100,,False,0,
973133,,False,0,
973146,,False,0,
973156,,False,0,
973197,,False,0,
973220,,False,0,
973229,,False,0,
973276,,False,0,
973308,,False,0,
973316,,False,0,
973341,,False,0,
973348,,False,0,
973352,,False,0,
973356,,False,0,
973373,,False,0,
973379,,False,0,
973404,,False,0,
973409,,False,0,
973472,,False,0,
973478,,False,0,
973482,,False,0,
973504,,False,0,
973509,,False,0,
973562,,False,0,
973568,,False,0,
973603,,False,0,
973655,,False,0,
973659,,False,0,
973702,,False,0,
973714,,False,0,
973718,,False,0,
973792,,False,0,
973800,,False,0,
973817,,False,0,
973947,,False,0,
973952,,False,0,
973958,,False,0,
973994,,False,0,
973995,,False,0,
973997,,False,0,
974055,,False,0,
974184,,False,0,
974186,,False,0,
974192,,False,0,
974231,,False,0,
974233,,False,0,
974240,,False,0,
974241,,False,0,
974243,,False,0,
974261,,False,0,
974357,,False,0,
974412,,False,0,
974417,,False,0,
974421,,False,0,
974422,,False,0,
974424,,False,0,
974429,,False,0,
974432,,False,0,
974448,,False,0,
974511,,False,0,
974513,,False,0,
974515,,False,0,
974519,,False,0,
974521,,False,0,
974567,,False,0,
974569,,False,0,
974586,,False,0,
974588,,False,0,
974593,,False,0,
974597,,False,0,
974599,,False,0,
974608,,False,0,
974610,,False,0,
974612,,False,0,
974614,,False,0,
974640,,False,0,
974643,,False,0,
974649,,False,0,
974951,,False,0,
974958,,False,0,
974959,,False,0,
974960,,False,0,
975025,,False,0,
975026,,False,0,
975028,,False,0,
975036,,False,0,
975077,,False,0,
975079,,False,0,
975081,,False,0,
975084,,False,0,
975090,,False,0,
975091,,False,0,
975093,,False,0,
975114,,False,0,
975166,,False,0,
975217,,False,0,
975221,,False,0,
975226,,False,0,
975232,,False,0,
975234,,False,0,
975251,,False,0,
975287,,False,0,
975306,,False,0,
975325,,False,0,
975357,,False,0,
975366,,False,0,
975377,,False,0,
975387,,False,0,
975409,,False,0,
975450,,False,0,
975464,,False,0,
975475,,False,0,
975491,,False,0,
975503,,False,0,
975533,,False,0,
975540,,False,0,
975553,,False,0,
975562,,False,0,
975572,,False,0,
975598,,False,0,
975609,,False,0,
975622,,False,0,
975639,,False,0,
975668,,False,0,
975692,,False,0,
975705,,False,0,
975727,,False,0,
975756,,False,0,
975760,,False,0,
976206,,False,0,
976215,,False,0,
976290,,False,0,
976296,,False,0,
976297,,False,0,
976299,,False,0,
976323,,False,0,
976457,,False,0,
976459,,False,0,
976461,,False,0,
976546,,False,0,
976551,,False,0,
976557,,False,0,
976558,,False,0,
976560,,False,0,
976578,,False,0,
976589,,False,0,
976790,,False,0,
976804,,False,0,
977016,,False,0,
977020,,False,0,
977026,,False,0,
977030,,False,0,
977031,,False,0,
977033,,False,0,
977051,,False,0,
977216,,False,0,
977222,,False,0,
977226,,False,0,
977227,,False,0,
977234,,False,0,
977273,,False,0,
977279,,False,0,
977285,,False,0,
977286,,False,0,
977288,,False,0,
977311,,False,0,
977312,,False,0,
977561,,False,0,
977563,,False,0,
977648,,False,0,
977654,,False,0,
977660,,False,0,
977661,,False,0,
977663,,False,0,
977868,,False,0,
977878,,False,0,
977956,,False,0,
977968,,False,0,
977980,,False,0,
977991,,False,0,
978112,,False,0,
978141,,False,0,
978154,,False,0,
978316,,False,0,
978343,,False,0,
978348,,False,0,
978354,,False,0,
978356,,False,0,
978360,,False,0,
978767,,False,0,
978773,,False,0,
978774,,False,0,
978776,,False,0,
978859,,False,0,
979081,,False,0,
979089,,False,0,
979103,,False,0,
979104,,False,0,
979105,,False,0,
979106,,False,0,
979107,,False,0,
979108,,False,0,
979109,,False,0,
979202,,False,0,
979204,,False,0,
979276,,False,0,
979282,,False,0,
979287,,False,0,
979290,,False,0,
979295,,False,0,
979297,,False,0,
979354,,False,0,
979416,,False,0,
979439,,False,0,
979461,,False,0,
979477,,False,0,
979509,,False,0,
979533,,False,0,
979543,,False,0,
979585,,False,0,
979605,,False,0,
979620,,False,0,
979661,,False,0,
979677,,False,0,
979690,,False,0,
979727,,False,0,
979734,,False,0,
979741,,False,0,
979750,,False,0,
979759,,False,0,
979774,,False,0,
979783,,False,0,
979814,,False,0,
979828,,False,0,
979836,,False,0,
979842,,False,0,
979851,,False,0,
979889,,False,0,
979901,,False,0,
979905,,False,0,
979906,,False,0,
979908,,False,0,
979910,,False,0,
979912,,False,0,
979919,,False,0,
980296,,False,0,
980311,,False,0,
980472,,False,0,
980478,,False,0,
980479,,False,0,
980481,,False,0,
980483,,False,0,
980633,,False,0,
980637,,False,0,
980642,,False,0,
980780,,False,0,
980786,,False,0,
980790,,False,0,
980800,,False,0,
980837,,False,0,
981113,,False,0,
981119,,False,0,
981120,,False,0,
981122,,False,0,
981124,,False,0,
981561,,False,0,
981689,,False,0,
981703,,False,0,
981813,,False,0,
981859,,False,0,
981952,,False,0,
982121,,False,0,
982168,,False,0,
982180,,False,0,
982233,,False,0,
982241,,False,0,
982244,,False,0,
982249,,False,0,
982286,,False,0,
982293,,False,0,
982363,,False,0,
982413,,False,0,
982434,,False,0,
982440,,False,0,
982441,,False,0,
982443,,False,0,
982445,,False,0,
982558,,False,0,
982572,,False,0,
982617,,False,0,
982673,,False,0,
982688,,False,0,
982712,,False,0,
982721,,False,0,
982929,,False,0,
982960,,False,0,
982966,,False,0,
982967,,False,0,
982969,,False,0,
982990,,False,0,
983073,,False,0,
983075,,False,0,
983257,,False,0,
983267,,False,0,
983326,,False,0,
983377,,False,0,
983468,,False,0,
983491,,False,0,
983607,,False,0,
983636,,False,0,
983645,,False,0,
983651,,False,0,
983654,,False,0,
983655,,False,0,
983657,,False,0,
983695,,False,0,
983724,,False,0,
983766,,False,0,
983768,,False,0,
983895,,False,0,
983910,,False,0,
983945,,False,0,
983949,,False,0,
983951,,False,0,
983972,,False,0,
983992,,False,0,
984000,,False,0,
984122,,False,0,
984126,,False,0,
984167,,False,0,
984235,,False,0,
984270,,False,0,
984281,,False,0,
984286,,False,0,
984287,,False,0,
984289,,False,0,
984300,,False,0,
984344,,False,0,
984350,,False,0,
984351,,False,0,
984353,,False,0,
984370,,False,0,
984372,,False,0,
984412,,False,0,
984436,,False,0,
984445,,False,0,
984467,,False,0,
984481,,False,0,
984503,,False,0,
984511,,False,0,
984512,,False,0,
984514,,False,0,
984523,,False,0,
984572,,False,0,
984574,,False,0,
984587,,False,0,
984597,,False,0,
984603,,False,0,
984605,,False,0,
984609,,False,0,
984618,,False,0,
984626,,False,0,
984632,,False,0,
984635,,False,0,
984636,,False,0,
984638,,False,0,
984881,,False,0,
985120,,False,0,
985367,,False,0,
985559,,False,0,
985565,,False,0,
985566,,False,0,
985757,,False,0,
985761,,False,0,
985914,,False,0,
985920,,False,0,
985922,,False,0,
985967,,False,0,
986003,,False,0,
986032,,False,0,
986056,,False,0,
986074,,False,0,
986093,,False,0,
986102,,False,0,
986118,,False,0,
986127,,False,0,
986140,,False,0,
986157,,False,0,
986192,,False,0,
986199,,False,0,
986216,,False,0,
986233,,False,0,
986246,,False,0,
986257,,False,0,
986268,,False,0,
986281,,False,0,
986314,,False,0,
986330,,False,0,
986356,,False,0,
986362,,False,0,
986375,,False,0,
986397,,False,0,
986418,,False,0,
986425,,False,0,
986440,,False,0,
986456,,False,0,
986460,,False,0,
986477,,False,0,
986478,,False,0,
986631,,False,0,
986636,,False,0,
986640,,False,0,
986645,,False,0,
986653,,False,0,
986655,,False,0,
986657,,False,0,
986737,,False,0,
986839,,False,0,
986935,,False,0,
986948,,False,0,
987000,,False,0,
987006,,False,0,
987007,,False,0,
987009,,False,0,
987011,,False,0,
987028,,False,0,
987052,,False,0,
987062,,False,0,
987082,,False,0,
987143,,False,0,
987155,,False,0,
987205,,False,0,
987250,,False,0,
987264,,False,0,
987313,,False,0,
987323,,False,0,
987338,,False,0,
987437,,False,0,
987441,,False,0,
987460,,False,0,
987467,,False,0,
987470,,False,0,
987659,,False,0,
987663,,False,0,
987689,,False,0,
987817,,False,0,
987833,,False,0,
987859,,False,0,
987864,,False,0,
987878,,False,0,
987909,,False,0,
987937,,False,0,
987968,,False,0,
987970,,False,0,
988092,,False,0,
988136,,False,0,
988156,,False,0,
988230,,False,0,
988233,,False,0,
988239,,False,0,
988241,,False,0,
988243,,False,0,
988464,,False,0,
988466,,False,0,
988547,,False,0,
988660,,False,0,
988668,,False,0,
988675,,False,0,
988967,,False,0,
988996,,False,0,
988998,,False,0,
989286,,False,0,
989292,,False,0,
989293,,False,0,
989295,,False,0,
989916,,False,0,
989922,,False,0,
989950,,False,0,
989956,,False,0,
989957,,False,0,
989960,,False,0,
989961,,False,0,
989964,,False,0,
989965,,False,0,
989967,,False,0,
990246,,False,0,
990254,,False,0,
990364,,False,0,
990729,,False,0,
990770,,False,0,
990776,,False,0,
990777,,False,0,
990779,,False,0,
991259,,False,0,
991277,,False,0,
991354,,False,0,
991358,,False,0,
991366,,False,0,
991372,,False,0,
991375,,False,0,
991380,,False,0,
991404,,False,0,
991415,,False,0,
991419,,False,0,
991496,,False,0,
991604,,False,0,
991616,,False,0,
991716,,False,0,
991722,,False,0,
991723,,False,0,
991725,,False,0,
992014,,False,0,
992018,,False,0,
992027,,False,0,
992123,,False,0,
992136,,False,0,
992256,,False,0,
992261,,False,0,
992316,,False,0,
992332,,False,0,
992338,,False,0,
992343,,False,0,
992348,,False,0,
992378,,False,0,
992384,,False,0,
992553,,False,0,
992557,,False,0,
992558,,False,0,
992560,,False,0,
992570,,False,0,
992598,,False,0,
992609,,False,0,
992614,,False,0,
992625,,False,0,
992826,,False,0,
992837,,False,0,
992926,,False,0,
992931,,False,0,
992978,,False,0,
992990,,False,0,
993017,,False,0,
993023,,False,0,
993024,,False,0,
993026,,False,0,
993030,,False,0,
993035,,False,0,
993040,,False,0,
993077,,False,0,
993081,,False,0,
993247,,False,0,
993249,,False,0,
993250,,False,0,
993441,,False,0,
993451,,False,0,
993469,,False,0,
993484,,False,0,
993525,,False,0,
993527,,False,0,
993613,,False,0,
993622,,False,0,
993922,,False,0,
993928,,False,0,
993929,,False,0,
993931,,False,0,
994015,,False,0,
994023,,False,0,
994265,,False,0,
994296,,False,0,
994322,,False,0,
994339,,False,0,
994353,,False,0,
994359,,False,0,
994360,,False,0,
994362,,False,0,
994577,,False,0,
994596,,False,0,
994666,,False,0,
994685,,False,0,
994931,,False,0,
994939,,False,0,
994940,,False,0,
994975,,False,0,
994982,,False,0,
995018,,False,0,
995032,,False,0,
995059,,False,0,
995066,,False,0,
995137,,False,0,
995144,,False,0,
995154,,False,0,
995163,,False,0,
995231,,False,0,
995279,,False,0,
995307,,False,0,
995320,,False,0,
995430,,False,0,
995436,,False,0,
995437,,False,0,
995439,,False,0,
995830,,False,0,
995842,,False,0,
995868,,False,0,
995888,,False,0,
995899,,False,0,
995981,,False,0,
995994,,False,0,
996006,,False,0,
996012,,False,0,
996014,,False,0,
996052,,False,0,
996084,,False,0,
996098,,False,0,
996125,,False,0,
996162,,False,0,
996184,,False,0,
996193,,False,0,
996220,,False,0,
996227,,False,0,
996263,,False,0,
996296,,False,0,
996314,,False,0,
996337,,False,0,
996370,,False,0,
996389,,False,0,
996396,,False,0,
996402,,False,0,
996427,,False,0,
996443,,False,0,
996475,,False,0,
996513,,False,0,
996530,,False,0,
996569,,False,0,
996580,,False,0,
996593,,False,0,
996611,,False,0,
996632,,False,0,
996642,,False,0,
996643,,False,0,
996644,,False,0,
996645,,False,0,
996651,,False,0,
996652,,False,0,
996656,,False,0,
996657,,False,0,
996659,,False,0,
996725,,False,0,
997052,,False,0,
997078,,False,0,
997204,,False,0,
997212,,False,0,
997297,,False,0,
997303,,False,0,
997304,,False,0,
997306,,False,0,
997442,,False,0,
997448,,False,0,
997507,,False,0,
997651,,False,0,
997798,,False,0,
997960,,False,0,
997966,,False,0,
997967,,False,0,
997969,,False,0,
998474,,False,0,
998478,,False,0,
998564,,False,0,
998568,,False,0,
998570,,False,0,
998787,,False,0,
999075,,False,0,
999218,,False,0,
999224,,False,0,
999226,,False,0,
999339,,False,0,
999341,,False,0,
999348,,False,0,
999350,,False,0,
999381,,False,0,
999388,,False,0,
999392,,False,0,
999456,,False,0,
999551,,False,0,
999568,,False,0,
999589,,False,0,
999591,,False,0,
999802,,False,0,
999807,,False,0,
999811,,False,0,
999812,,False,0,
999825,,False,0,
999834,,False,0,
999844,,False,0,
999985,,False,0,
1000006,,False,0,
1000152,,False,0,
1000161,,False,0,
1000165,,False,0,
1000226,,False,0,
1000228,,False,0,
1000229,,False,0,
1000997,,False,0,
1001001,,False,0,
1001007,,False,0,
1001013,,False,0,
1001014,,False,0,
1001723,,False,0,
1001728,,False,0,
1001734,,False,0,
1001736,,False,0,
1001753,,False,0,
1001782,,False,0,
1001791,,False,0,
1001825,,False,0,
1001832,,False,0,
1001852,,False,0,
1001869,,False,0,
1001903,,False,0,
1001954,,False,0,
1001973,,False,0,
1001980,,False,0,
1001998,,False,0,
1002016,,False,0,
1002031,,False,0,
1002051,,False,0,
1002085,,False,0,
1002110,,False,0,
1002121,,False,0,
1002131,,False,0,
1002157,,False,0,
1002167,,False,0,
1002187,,False,0,
1002198,,False,0,
1002212,,False,0,
1002222,,False,0,
1002245,,False,0,
1002265,,False,0,
1002275,,False,0,
1002286,,False,0,
1002290,,False,0,
1002291,,False,0,
1002443,,False,0,
1002453,,False,0,
1002457,,False,0,
1002459,,False,0,
1002461,,False,0,
1002476,,False,0,
1002701,,False,0,
1002707,,False,0,
1002709,,False,0,
1002711,,False,0,
1002713,,False,0,
1002719,,False,0,
1002744,,False,0,
1002765,,False,0,
1002772,,False,0,
1002780,,False,0,
1002784,,False,0,
1002843,,False,0,
1003018,,False,0,
1003025,,False,0,
1003109,,False,0,
1003122,,False,0,
1003142,,False,0,
1003157,,False,0,
1003162,,False,0,
1003185,,False,0,
1003191,,False,0,
1003193,,False,0,
1003195,,False,0,
1003222,,False,0,
1003261,,False,0,
1003315,,False,0,
1003478,,False,0,
1003490,,False,0,
1003510,,False,0,
1003517,,False,0,
1003553,,False,0,
1003562,,False,0,
1003607,,False,0,
1003617,,False,0,
1003691,,False,0,
1003738,,False,0,
1003748,,False,0,
1003804,,False,0,
1003933,,False,0,
1003944,,False,0,
1003970,,False,0,
1004010,,False,0,
1004041,,False,0,
1004049,,False,0,
1004161,,False,0,
1004178,,False,0,
1004186,,False,0,
1004197,,False,0,
1004227,,False,0,
1004232,,False,0,
1004238,,False,0,
1004240,,False,0,
1004242,,False,0,
1004264,,False,0,
1004290,,False,0,
1004399,,False,0,
1004403,,False,0,
1004424,,False,0,
1004431,,False,0,
1004455,,False,0,
1004461,,False,0,
1004472,,False,0,
1004475,,False,0,
1004578,,False,0,
1004655,,False,0,
1004664,,False,0,
1004668,,False,0,
1004721,,False,0,
1004727,,False,0,
1004728,,False,0,
1004730,,False,0,
1004747,,False,0,
1004762,,False,0,
1004973,,False,0,
1004987,,False,0,
1005000,,False,0,
1005004,,False,0,
1005213,,False,0,
1005221,,False,0,
1005225,,False,0,
1005233,,False,0,
1005591,,False,0,
1005602,,False,0,
1005624,,False,0,
1005630,,False,0,
1005631,,False,0,
1005633,,False,0,
1005635,,False,0,
1006030,,False,0,
1006466,,False,0,
1006498,,False,0,
1006505,,False,0,
1006588,,False,0,
1006628,,False,0,
1006701,,False,0,
1006715,,False,0,
1006803,,False,0,
1006828,,False,0,
1006834,,False,0,
1006836,,False,0,
1006837,,False,0,
1006839,,False,0,
1007022,,False,0,
1007131,,False,0,
1007145,,False,0,
1007147,,False,0,
1007184,,False,0,
1007188,,False,0,
1007349,,False,0,
1007406,,False,0,
1007478,,False,0,
1007483,,False,0,
1007536,,False,0,
1007542,,False,0,
1007543,,False,0,
1007545,,False,0,
1007648,,False,0,
1007757,,False,0,
1007765,,False,0,
1008068,,False,0,
1008086,,False,0,
1008088,,False,0,
1008102,,False,0,
1008175,,False,0,
1008179,,False,0,
1008191,,False,0,
1008197,,False,0,
1008198,,False,0,
1008200,,False,0,
1008202,,False,0,
1008668,,False,0,
1008679,,False,0,
1008699,,False,0,
1008744,,False,0,
1008765,,False,0,
1008776,,False,0,
1008807,,False,0,
1008812,,False,0,
1008816,,False,0,
1008820,,False,0,
1009023,,False,0,
1009046,,False,0,
1009052,,False,0,
1009053,,False,0,
1009055,,False,0,
1009057,,False,0,
1009210,,False,0,
1009214,,False,0,
1009250,,False,0,
1009254,,False,0,
1009479,,False,0,
1009482,,False,0,
1009486,,False,0,
1009662,,False,0,
1009670,,False,0,
1010219,,False,0,
1010231,,False,0,
1010232,,False,0,
1010306,,False,0,
1010312,,False,0,
1010313,,False,0,
1010315,,False,0,
1010703,,False,0,
1010709,,False,0,
1010710,,False,0,
1011310,,False,0,
1011314,,False,0,
1011319,,False,0,
1011323,,False,0,
1011324,,False,0,
1011326,,False,0,
1011328,,False,0,
1011337,,False,0,
1011343,,False,0,
1011354,,False,0,
1011358,,False,0,
1011622,,False,0,
1011629,,False,0,
1011760,,False,0,
1011769,,False,0,
1011773,,False,0,
1011899,,False,0,
1011904,,False,0,
1011940,,False,0,
1011949,,False,0,
1011955,,False,0,
1011961,,False,0,
1011962,,False,0,
1011964,,False,0,
1011966,,False,0,
1011973,,False,0,
1012313,,False,0,
1012334,,False,0,
1012552,,False,0,
1012566,,False,0,
1012573,,False,0,
1012587,,False,0,
1012659,,False,0,
1012665,,False,0,
1012666,,False,0,
1012668,,False,0,
1012924,,False,0,
1012928,,False,0,
1012996,,False,0,
1013002,,False,0,
1013004,,False,0,
1013035,,False,0,
1013081,,False,0,
1013101,,False,0,
1013147,,False,0,
1013180,,False,0,
1013194,,False,0,
1013208,,False,0,
1013242,,False,0,
1013269,,False,0,
1013289,,False,0,
1013306,,False,0,
1013338,,False,0,
1013374,,False,0,
1013385,,False,0,
1013415,,False,0,
1013448,,False,0,
1013459,,False,0,
1013466,,False,0,
1013479,,False,0,
1013490,,False,0,
1013504,,False,0,
1013514,,False,0,
1013525,,False,0,
1013549,,False,0,
1013570,,False,0,
1013571,,False,0,
1013577,,False,0,
1013596,,False,0,
1013597,,False,0,
1014163,,False,0,
1014168,,False,0,
1014174,,False,0,
1014176,,False,0,
1014205,,False,0,
1014266,,False,0,
1014268,,False,0,
1014270,,False,0,
1014272,,False,0,
1014483,,False,0,
1014754,,False,0,
1014760,,False,0,
1014762,,False,0,
1014764,,False,0,
1015099,,False,0,
1015528,,False,0,
1015534,,False,0,
1015536,,False,0,
1015554,,False,0,
1015580,,False,0,
1015626,,False,0,
1015634,,False,0,
1015670,,False,0,
1015681,,False,0,
1015710,,False,0,
1015721,,False,0,
1015733,,False,0,
1015748,,False,0,
1015791,,False,0,
1015811,,False,0,
1015827,,False,0,
1015847,,False,0,
1015860,,False,0,
1015882,,False,0,
1015916,,False,0,
1015931,,False,0,
1015960,,False,0,
1015991,,False,0,
1016017,,False,0,
1016030,,False,0,
1016038,,False,0,
1016045,,False,0,
1016058,,False,0,
1016089,,False,0,
1016096,,False,0,
1016112,,False,0,
1016116,,False,0,
1016118,,False,0,
1016120,,False,0,
1016335,,False,0,
1016341,,False,0,
1016343,,False,0,
1016620,,False,0,
1016625,,False,0,
1016628,,False,0,
1016630,,False,0,
1016753,,False,0,
1016759,,False,0,
1016761,,False,0,
1016763,,False,0,
1016923,,False,0,
1017265,,False,0,
1017380,,False,0,
1017382,,False,0,
1017384,,False,0,
1017435,,False,0,
1017437,,False,0,
1017550,,False,0,
1017587,,False,0,
1017607,,False,0,
1017676,,False,0,
1017688,,False,0,
1017693,,False,0,
1017702,,False,0,
1017706,,False,0,
1017713,,False,0,
1017730,,False,0,
1018079,,False,0,
1018097,,False,0,
1018132,,False,0,
1018134,,False,0,
1018162,,False,0,
1018164,,False,0,
1018173,,False,0,
1018182,,False,0,
1018249,,False,0,
1018260,,False,0,
1018266,,False,0,
1018268,,False,0,
1018269,,False,0,
1018271,,False,0,
1018278,,False,0,
1018372,,False,0,
1018433,,False,0,
1018435,,False,0,
1018479,,False,0,
1018581,,False,0,
1018593,,False,0,
1018610,,False,0,
1018646,,False,0,
1018650,,False,0,
1018651,,False,0,
1018653,,False,0,
1018741,,False,0,
1018940,,False,0,
1018946,,False,0,
1018947,,False,0,
1018949,,False,0,
1019142,,False,0,
1019144,,False,0,
1019219,,False,0,
1019229,,False,0,
1019446,,False,0,
1019452,,False,0,
1019454,,False,0,
1019474,,False,0,
1019509,,False,0,
1019523,,False,0,
1019548,,False,0,
1019566,,False,0,
1019579,,False,0,
1019616,,False,0,
1019629,,False,0,
1019645,,False,0,
1019661,,False,0,
1019669,,False,0,
1019682,,False,0,
1019689,,False,0,
1019696,,False,0,
1019737,,False,0,
1019751,,False,0,
1019759,,False,0,
1019772,,False,0,
1019784,,False,0,
1019803,,False,0,
1019812,,False,0,
1019819,,False,0,
1019825,,False,0,
1019833,,False,0,
1019842,,False,0,
1019885,,False,0,
1019902,,False,0,
1019935,,False,0,
1019945,,False,0,
1019949,,False,0,
1019950,,False,0,
1019952,,False,0,
1019962,,False,0,
1020095,,False,0,
1020216,,False,0,
1020224,,False,0,
1020230,,False,0,
1020234,,False,0,
1020235,,False,0,
1020237,,False,0,
1020243,,False,0,
1020280,,False,0,
1020288,,False,0,
1020444,,False,0,
1020450,,False,0,
1020451,,False,0,
1020453,,False,0,
1020455,,False,0,
1020461,,False,0,
1020473,,False,0,
1020477,,False,0,
1020556,,False,0,
1020588,,False,0,
1020592,,False,0,
1020599,,False,0,
1020607,,False,0,
1020646,,False,0,
1020691,,False,0,
1020913,,False,0,
1020919,,False,0,
1020920,,False,0,
1020922,,False,0,
1020924,,False,0,
1021036,,False,0,
1021122,,False,0,
1021144,,False,0,
1021208,,False,0,
1021248,,False,0,
1021252,,False,0,
1021733,,False,0,
1021739,,False,0,
1021740,,False,0,
1021742,,False,0,
1021751,,False,0,
1021753,,False,0,
1021805,,False,0,
1021818,,False,0,
1021840,,False,0,
1021846,,False,0,
1021950,,False,0,
1021954,,False,0,
1022077,,False,0,
1022116,,False,0,
1022168,,False,0,
1022177,,False,0,
1022247,,False,0,
1022262,,False,0,
1022281,,False,0,
1022287,,False,0,
1022288,,False,0,
1022290,,False,0,
1022297,,False,0,
1022342,,False,0,
1022345,,False,0,
1022346,,False,0,
1022349,,False,0,
1022353,,False,0,
1022354,,False,0,
1022356,,False,0,
1022358,,False,0,
1022464,,False,0,
1022507,,False,0,
1022539,,False,0,
1022561,,False,0,
1022666,,False,0,
1022672,,False,0,
1022785,,False,0,
1022796,,False,0,
1022827,,False,0,
1022859,,False,0,
1022874,,False,0,
1022880,,False,0,
1022881,,False,0,
1022883,,False,0,
1022885,,False,0,
1022931,,False,0,
1022952,,False,0,
1023119,,False,0,
1023147,,False,0,
1023275,,False,0,
1023290,,False,0,
1023409,,False,0,
1023414,,False,0,
1023425,,False,0,
1023761,,False,0,
1023767,,False,0,
1023897,,False,0,
1023909,,False,0,
1024266,,False,0,
1024285,,False,0,
1024291,,False,0,
1024366,,False,0,
1024372,,False,0,
1024373,,False,0,
1024375,,False,0,
1024377,,False,0,
1024407,,False,0,
1024603,,False,0,
1024625,,False,0,
1024629,,False,0,
1024633,,False,0,
1024652,,False,0,
1024825,,False,0,
1024837,,False,0,
1024924,,False,0,
1024930,,False,0,
1024931,,False,0,
1024933,,False,0,
1024935,,False,0,
1025283,,False,0,
1025294,,False,0,
1025695,,False,0,
1025825,,False,0,
1025831,,False,0,
1025832,,False,0,
1025834,,False,0,
1025978,,False,0,
1025986,,False,0,
1026066,,False,0,
1026299,,False,0,
1026626,,False,0,
1026641,,False,0,
1026807,,False,0,
1026813,,False,0,
1026818,,False,0,
1026837,,False,0,
1026863,,False,0,
1026877,,False,0,
1026883,,False,0,
1026884,,False,0,
1026886,,False,0,
1026888,,False,0,
1026893,,False,0,
1027008,,False,0,
1027037,,False,0,
1027420,,False,0,
1027435,,False,0,
1027532,,False,0,
1027543,,False,0,
1027624,,False,0,
1027638,,False,0,
1027644,,False,0,
1027685,,False,0,
1027935,,False,0,
1028512,,False,0,
1028518,,False,0,
1028519,,False,0,
1028521,,False,0,
1028545,,False,0,
1028666,,False,0,
1028740,,False,0,
1028742,,False,0,
1028756,,False,0,
1028758,,False,0,
1028791,,False,0,
1028798,,False,0,
1028801,,False,0,
1028803,,False,0,
1028819,,False,0,
1028883,,False,0,
1028887,,False,0,
1028892,,False,0,
1028896,,False,0,
1028939,,False,0,
1028945,,False,0,
1028947,,False,0,
1028954,,False,0,
1028961,,False,0,
1028968,,False,0,
1028975,,False,0,
1028982,,False,0,
1028992,,False,0,
1028999,,False,0,
1029006,,False,0,
1029011,,False,0,
1029018,,False,0,
1029025,,False,0,
1029035,,False,0,
1029042,,False,0,
1029049,,False,0,
1029054,,False,0,
1029063,,False,0,
1029070,,False,0,
1029077,,False,0,
1029091,,False,0,
1029098,,False,0,
1029107,,False,0,
1029114,,False,0,
1029125,,False,0,
1029130,,False,0,
1029137,,False,0,
1029144,,False,0,
1029151,,False,0,
1029158,,False,0,
1029165,,False,0,
1029170,,False,0,
1029177,,False,0,
1029187,,False,0,
1029194,,False,0,
1029202,,False,0,
1029208,,False,0,
1029210,,False,0,
1029229,,False,0,
1029240,,False,0,
1029274,,False,0,
1029292,,False,0,
1029321,,False,0,
1029337,,False,0,
1029391,,False,0,
1029424,,False,0,
1029431,,False,0,
1029466,,False,0,
1029486,,False,0,
1029496,,False,0,
1029505,,False,0,
1029516,,False,0,
1029541,,False,0,
1029574,,False,0,
1029593,,False,0,
1029604,,False,0,
1029612,,False,0,
1029619,,False,0,
1029636,,False,0,
1029663,,False,0,
1029685,,False,0,
1029708,,False,0,
1029732,,False,0,
1029743,,False,0,
1029755,,False,0,
1029803,,False,0,
1029807,,False,0,
1029809,,False,0,
1029810,,False,0,
1029950,,False,0,
1029961,,False,0,
1029967,,False,0,
1029968,,False,0,
1029970,,False,0,
1030011,,False,0,
1030109,,False,0,
1030110,,False,0,
1030135,,False,0,
1030159,,False,0,
1030165,,False,0,
1030171,,False,0,
1030172,,False,0,
1030174,,False,0,
1030221,,False,0,
1030282,,False,0,
1030524,,False,0,
1030529,,False,0,
1030533,,False,0,
1030535,,False,0,
1030546,,False,0,
1030552,,False,0,
1030759,,False,0,
1030769,,False,0,
1030880,,False,0,
1030988,,False,0,
1030996,,False,0,
1031008,,False,0,
1031025,,False,0,
1031218,,False,0,
1031232,,False,0,
1031261,,False,0,
1031267,,False,0,
1031268,,False,0,
1031270,,False,0,
1031388,,False,0,
1031395,,False,0,
1031580,,False,0,
1031588,,False,0,
1031620,,False,0,
1031624,,False,0,
1031664,,False,0,
1031669,,False,0,
1031673,,False,0,
1031676,,False,0,
1031757,,False,0,
1031788,,False,0,
1031792,,False,0,
1031793,,False,0,
1031795,,False,0,
1031893,,False,0,
1032075,,False,0,
1032157,,False,0,
1032161,,False,0,
1032162,,False,0,
1032164,,False,0,
1032232,,False,0,
1032435,,False,0,
1032437,,False,0,
1032586,,False,0,
1032610,,False,0,
1032616,,False,0,
1032617,,False,0,
1032619,,False,0,
1032621,,False,0,
1032622,,False,0,
1032649,,False,0,
1032663,,False,0,
1032667,,False,0,
1032766,,False,0,
1032834,,False,0,
1032847,,False,0,
1032856,,False,0,
1032914,,False,0,
1033012,,False,0,
1033141,,False,0,
1033151,,False,0,
1033181,,False,0,
1033205,,False,0,
1033211,,False,0,
1033212,,False,0,
1033733,,False,0,
1033741,,False,0,
1033742,,False,0,
1033744,,False,0,
1033746,,False,0,
1033786,,False,0,
1033792,,False,0,
1033795,,False,0,
1033796,,False,0,
1033798,,False,0,
1033917,,False,0,
1033932,,False,0,
1033939,,False,0,
1033943,,False,0,
1033944,,False,0,
1034401,,False,0,
1034408,,False,0,
1034414,,False,0,
1034415,,False,0,
1034417,,False,0,
1034468,,False,0,
1034711,,False,0,
1034884,,False,0,
1034886,,False,0,
1034903,,False,0,
1034909,,False,0,
1034911,,False,0,
1034937,,False,0,
1034972,,False,0,
1034994,,False,0,
1035019,,False,0,
1035034,,False,0,
1035057,,False,0,
1035064,,False,0,
1035090,,False,0,
1035121,,False,0,
1035133,,False,0,
1035163,,False,0,
1035181,,False,0,
1035190,,False,0,
1035222,,False,0,
1035241,,False,0,
1035262,,False,0,
1035269,,False,0,
1035282,,False,0,
1035296,,False,0,
1035306,,False,0,
1035322,,False,0,
1035335,,False,0,
1035363,,False,0,
1035370,,False,0,
1035397,,False,0,
1035416,,False,0,
1035456,,False,0,
1035471,,False,0,
1035475,,False,0,
1035476,,False,0,
1035478,,False,0,
1035480,,False,0,
1035512,,False,0,
1035523,,False,0,
1035536,,False,0,
1035815,,False,0,
1035883,,False,0,
1035896,,False,0,
1036004,,False,0,
1036067,,False,0,
1036081,,False,0,
1036091,,False,0,
1036097,,False,0,
1036098,,False,0,
1036100,,False,0,
1036102,,False,0,
1036262,,False,0,
1036263,,False,0,
1036353,,False,0,
1036609,,False,0,
1036697,,False,0,
1036706,,False,0,
1036707,,False,0,
1036776,,False,0,
1036913,,False,0,
1036914,,False,0,
1036959,,False,0,
1037124,,False,0,
1037128,,False,0,
1037163,,False,0,
1037167,,False,0,
1037168,,False,0,
1037170,,False,0,
1037262,,False,0,
1037292,,False,0,
1037298,,False,0,
1037299,,False,0,
1037301,,False,0,
1037316,,False,0,
1037383,,False,0,
1037389,,False,0,
1037395,,False,0,
1037398,,False,0,
1037399,,False,0,
1037402,,False,0,
1037580,,False,0,
1037683,,False,0,
1037689,,False,0,
1037690,,False,0,
1037692,,False,0,
1037776,,False,0,
1037781,,False,0,
1037786,,False,0,
1037792,,False,0,
1037793,,False,0,
1037795,,False,0,
1037833,,False,0,
1037964,,False,0,
1037967,,False,0,
1038087,,False,0,
1038113,,False,0,
1038124,,False,0,
1038179,,False,0,
1038184,,False,0,
1038185,,False,0,
1038187,,False,0,
1038233,,False,0,
1038494,,False,0,
1038529,,False,0,
1038531,,False,0,
1038616,,False,0,
1038622,,False,0,
1038623,,False,0,
1038625,,False,0,
1038627,,False,0,
1038741,,False,0,
1038751,,False,0,
1038817,,False,0,
1038818,,False,0,
1038820,,False,0,
1038905,,False,0,
1038909,,False,0,
1038924,,False,0,
1039139,,False,0,
1039141,,False,0,
1039216,,False,0,
1039224,,False,0,
1039228,,False,0,
1039229,,False,0,
1039231,,False,0,
1039355,,False,0,
1039519,,False,0,
1039526,,False,0,
1039527,,False,0,
1039529,,False,0,
1039533,,False,0,
1039546,,False,0,
1039641,,False,0,
1039643,,False,0,
1039864,,False,0,
1039897,,False,0,
1040074,,False,0,
1040081,,False,0,
1040085,,False,0,
1040135,,False,0,
1040209,,False,0,
1040221,,False,0,
1040243,,False,0,
1040252,,False,0,
1040256,,False,0,
1040259,,False,0,
1040275,,False,0,
1040281,,False,0,
1040287,,False,0,
1040288,,False,0,
1040290,,False,0,
1040292,,False,0,
1040310,,False,0,
1040348,,False,0,
1040470,,False,0,
1040484,,False,0,
1040520,,False,0,
1040526,,False,0,
1040530,,False,0,
1040555,,False,0,
1040676,,False,0,
1040722,,False,0,
1040730,,False,0,
1040753,,False,0,
1040761,,False,0,
1040764,,False,0,
1040772,,False,0,
1040999,,False,0,
1041068,,False,0,
1041076,,False,0,
1041084,,False,0,
1041092,,False,0,
1041123,,False,0,
1041180,,False,0,
1041250,,False,0,
1041257,,False,0,
1041263,,False,0,
1041265,,False,0,
1041266,,False,0,
1041675,,False,0,
1041676,,False,0,
1041764,,False,0,
1041768,,False,0,
1041774,,False,0,
1041775,,False,0,
1041778,,False,0,
1041879,,False,0,
1042287,,False,0,
1042289,,False,0,
1042302,,False,0,
1042311,,False,0,
1042362,,False,0,
1042368,,False,0,
1042369,,False,0,
1042371,,False,0,
1042373,,False,0,
1042418,,False,0,
1042854,,False,0,
1042880,,False,0,
1042958,,False,0,
1042964,,False,0,
1042966,,False,0,
1042973,,False,0,
1042983,,False,0,
1042993,,False,0,
1043000,,False,0,
1043007,,False,0,
1043014,,False,0,
1043021,,False,0,
1043028,,False,0,
1043035,,False,0,
1043042,,False,0,
1043049,,False,0,
1043056,,False,0,
1043063,,False,0,
1043068,,False,0,
1043075,,False,0,
1043082,,False,0,
1043091,,False,0,
1043098,,False,0,
1043105,,False,0,
1043112,,False,0,
1043119,,False,0,
1043127,,False,0,
1043134,,False,0,
1043141,,False,0,
1043146,,False,0,
1043153,,False,0,
1043157,,False,0,
1043164,,False,0,
1043171,,False,0,
1043178,,False,0,
1043185,,False,0,
1043192,,False,0,
1043201,,False,0,
1043209,,False,0,
1043215,,False,0,
1043217,,False,0,
1043245,,False,0,
1043274,,False,0,
1043297,,False,0,
1043341,,False,0,
1043352,,False,0,
1043359,,False,0,
1043398,,False,0,
1043420,,False,0,
1043429,,False,0,
1043450,,False,0,
1043472,,False,0,
1043478,,False,0,
1043495,,False,0,
1043508,,False,0,
1043523,,False,0,
1043565,,False,0,
1043581,,False,0,
1043587,,False,0,
1043617,,False,0,
1043629,,False,0,
1043649,,False,0,
1043670,,False,0,
1043686,,False,0,
1043693,,False,0,
1043726,,False,0,
1043752,,False,0,
1043762,,False,0,
1043779,,False,0,
1043783,,False,0,
1043989,,False,0,
1043990,,False,0,
1043991,,False,0,
1043992,,False,0,
1043993,,False,0,
1044434,,False,0,
1044440,,False,0,
1044441,,False,0,
1044443,,False,0,
1044445,,False,0,
1044714,,False,0,
1044720,,False,0,
1044746,,False,0,
1044975,,False,0,
1044981,,False,0,
1044982,,False,0,
1044984,,False,0,
1044991,,False,0,
1045202,,False,0,
1045235,,False,0,
1045362,,False,0,
1045368,,False,0,
1045372,,False,0,
1045373,,False,0,
1045375,,False,0,
1045377,,False,0,
1045451,,False,0,
1045899,,False,0,
1045923,,False,0,
1045948,,False,0,
1045968,,False,0,
1045971,,False,0,
1046031,,False,0,
1046032,,False,0,
1046033,,False,0,
1046041,,False,0,
1046118,,False,0,
1046123,,False,0,
1046129,,False,0,
1046130,,False,0,
1046132,,False,0,
1046134,,False,0,
1046417,,False,0,
1046639,,False,0,
1046645,,False,0,
1046646,,False,0,
1046648,,False,0,
1046655,,False,0,
1046666,,False,0,
1046687,,False,0,
1046689,,False,0,
1046692,,False,0,
1046693,,False,0,
1046695,,False,0,
1046705,,False,0,
1046746,,False,0,
1046749,,False,0,
1046753,,False,0,
1046754,,False,0,
1046756,,False,0,
1046758,,False,0,
1047047,,False,0,
1047136,,False,0,
1047142,,False,0,
1047143,,False,0,
1047145,,False,0,
1047164,,False,0,
1047168,,False,0,
1047169,,False,0,
1047171,,False,0,
1047173,,False,0,
1047365,,False,0,
1047588,,False,0,
1047598,,False,0,
1047632,,False,0,
1047952,,False,0,
1048251,,False,0,
1048265,,False,0,
1048280,,False,0,
1048286,,False,0,
1048287,,False,0,
1048289,,False,0,
1048291,,False,0,
1048346,,False,0,
1048757,,False,0,
1048851,,False,0,
1048857,,False,0,
1048858,,False,0,
1048860,,False,0,
1048862,,False,0,
1048985,,False,0,
1049083,,False,0,
1049090,,False,0,
1049179,,False,0,
1049210,,False,0,
1049222,,False,0,
1049268,,False,0,
1049272,,False,0,
1049321,,False,0,
1049337,,False,0,
1049356,,False,0,
1049380,,False,0,
1049415,,False,0,
1049425,,False,0,
1049496,,False,0,
1049506,,False,0,
1049532,,False,0,
1049564,,False,0,
1049602,,False,0,
1049659,,False,0,
1049665,,False,0,
1049667,,False,0,
1049668,,False,0,
1049670,,False,0,
1049674,,False,0,
1049693,,False,0,
1049697,,False,0,
1049701,,False,0,
1049711,,False,0,
1049728,,False,0,
1049741,,False,0,
1049743,,False,0,
1049761,,False,0,
1049800,,False,0,
1049886,,False,0,
1049905,,False,0,
1049913,,False,0,
1049969,,False,0,
1049989,,False,0,
1050002,,False,0,
1050034,,False,0,
1050039,,False,0,
1050043,,False,0,
1050047,,False,0,
1050063,,False,0,
1050077,,False,0,
1050081,,False,0,
1050161,,False,0,
1050172,,False,0,
1050230,,False,0,
1050233,,False,0,
1050396,,False,0,
1050452,,False,0,
1050476,,False,0,
1050485,,False,0,
1050597,,False,0,
1050706,,False,0,
1050712,,False,0,
1050713,,False,0,
1050715,,False,0,
1050717,,False,0,
1051064,,False,0,
1051079,,False,0,
1051083,,False,0,
1051098,,False,0,
1051125,,False,0,
1051179,,False,0,
1051229,,False,0,
1051298,,False,0,
1051323,,False,0,
1051325,,False,0,
1051328,,False,0,
1051383,,False,0,
1051389,,False,0,
1051390,,False,0,
1051823,,False,0,
1051829,,False,0,
1051830,,False,0,
1051832,,False,0,
1051861,,False,0,
1051867,,False,0,
1051869,,False,0,
1051870,,False,0,
1051872,,False,0,
1051874,,False,0,
1051879,,False,0,
1051890,,False,0,
1051910,,False,0,
1051912,,False,0,
1052026,,False,0,
1052029,,False,0,
1052040,,False,0,
1052068,,False,0,
1052087,,False,0,
1052100,,False,0,
1052112,,False,0,
1052126,,False,0,
1052172,,False,0,
1052180,,False,0,
1052351,,False,0,
1052402,,False,0,
1052410,,False,0,
1052612,,False,0,
1052618,,False,0,
1052619,,False,0,
1052621,,False,0,
1052623,,False,0,
1053063,,False,0,
1053082,,False,0,
1053086,,False,0,
1053139,,False,0,
1053145,,False,0,
1053147,,False,0,
1053202,,False,0,
1053219,,False,0,
1053234,,False,0,
1053264,,False,0,
1053287,,False,0,
1053310,,False,0,
1053325,,False,0,
1053339,,False,0,
1053352,,False,0,
1053380,,False,0,
1053417,,False,0,
1053453,,False,0,
1053467,,False,0,
1053481,,False,0,
1053498,,False,0,
1053508,,False,0,
1053518,,False,0,
1053546,,False,0,
1053552,,False,0,
1053574,,False,0,
1053592,,False,0,
1053604,,False,0,
1053615,,False,0,
1053634,,False,0,
1053648,,False,0,
1053658,,False,0,
1053674,,False,0,
1053684,,False,0,
1053688,,False,0,
1053689,,False,0,
1053691,,False,0,
1053693,,False,0,
1053806,,False,0,
1053880,,False,0,
1053886,,False,0,
1053899,,False,0,
1053901,,False,0,
1053914,,False,0,
1053917,,False,0,
1053921,,False,0,
1053960,,False,0,
1053964,,False,0,
1054096,,False,0,
1054115,,False,0,
1054136,,False,0,
1054192,,False,0,
1054200,,False,0,
1054230,,False,0,
1054286,,False,0,
1054291,,False,0,
1054303,,False,0,
1054309,,False,0,
1054310,,False,0,
1055084,,False,0,
1055088,,False,0,
1055094,,False,0,
1055095,,False,0,
1055097,,False,0,
1055100,,False,0,
1055107,,False,0,
1055207,,False,0,
1055216,,False,0,
1055391,,False,0,
1055392,,False,0,
1055393,,False,0,
1055395,,False,0,
1055396,,False,0,
1055397,,False,0,
1055399,,False,0,
1055403,,False,0,
1055490,,False,0,
1055532,,False,0,
1055581,,False,0,
1055582,,False,0,
1055591,,False,0,
1055600,,False,0,
1055612,,False,0,
1055641,,False,0,
1055647,,False,0,
1055977,,False,0,
1055985,,False,0,
1055986,,False,0,
1055988,,False,0,
1055990,,False,0,
1056296,,False,0,
1056357,,False,0,
1056363,,False,0,
1056366,,False,0,
1056374,,False,0,
1056389,,False,0,
1056426,,False,0,
1056432,,False,0,
1056433,,False,0,
1056435,,False,0,
1056437,,False,0,
1056455,,False,0,
1056461,,False,0,
1056465,,False,0,
1056517,,False,0,
1056558,,False,0,
1056562,,False,0,
1056565,,False,0,
1056634,,False,0,
1056684,,False,0,
1056688,,False,0,
1056723,,False,0,
1056739,,False,0,
1057023,,False,0,
1057080,,False,0,
1057096,,False,0,
1057105,,False,0,
1057115,,False,0,
1057167,,False,0,
1057172,,False,0,
1057180,,False,0,
1057183,,False,0,
1057187,,False,0,
1057210,,False,0,
1057218,,False,0,
1057235,,False,0,
1057238,,False,0,
1057365,,False,0,
1057371,,False,0,
1057372,,False,0,
1057374,,False,0,
1057412,,False,0,
1057416,,False,0,
1057417,,False,0,
1057419,,False,0,
1057421,,False,0,
1057511,,False,0,
1057541,,False,0,
1057554,,False,0,
1057560,,False,0,
1057629,,False,0,
1057633,,False,0,
1057687,,False,0,
1057693,,False,0,
1057696,,False,0,
1057698,,False,0,
1057734,,False,0,
1057766,,False,0,
1057772,,False,0,
1057778,,False,0,
1057962,,False,0,
1057966,,False,0,
1057981,,False,0,
1057986,,False,0,
1057992,,False,0,
1057997,,False,0,
1058004,,False,0,
1058095,,False,0,
1058159,,False,0,
1058192,,False,0,
1058203,,False,0,
1058216,,False,0,
1058220,,False,0,
1058225,,False,0,
1058245,,False,0,
1058252,,False,0,
1058403,,False,0,
1058408,,False,0,
1058410,,False,0,
1058416,,False,0,
1058417,,False,0,
1058419,,False,0,
1058421,,False,0,
1058446,,False,0,
1058497,,False,0,
1058519,,False,0,
1058524,,False,0,
1058547,,False,0,
1058549,,False,0,
1058562,,False,0,
1058574,,False,0,
1058576,,False,0,
1058578,,False,0,
1059078,,False,0,
1059112,,False,0,
1059118,,False,0,
1059119,,False,0,
1059289,,False,0,
1059571,,False,0,
1059576,,False,0,
1059582,,False,0,
1059732,,False,0,
1059736,,False,0,
1059788,,False,0,
1059856,,False,0,
1059862,,False,0,
1060068,,False,0,
1060123,,False,0,
1060129,,False,0,
1060131,,False,0,
1060136,,False,0,
1060143,,False,0,
1060148,,False,0,
1060155,,False,0,
1060162,,False,0,
1060169,,False,0,
1060176,,False,0,
1060181,,False,0,
1060186,,False,0,
1060191,,False,0,
1060199,,False,0,
1060206,,False,0,
1060213,,False,0,
1060221,,False,0,
1060225,,False,0,
1060234,,False,0,
1060241,,False,0,
1060250,,False,0,
1060257,,False,0,
1060264,,False,0,
1060269,,False,0,
1060276,,False,0,
1060285,,False,0,
1060296,,False,0,
1060303,,False,0,
1060310,,False,0,
1060319,,False,0,
1060328,,False,0,
1060335,,False,0,
1060342,,False,0,
1060349,,False,0,
1060357,,False,0,
1060363,,False,0,
1060367,,False,0,
1060396,,False,0,
1060426,,False,0,
1060457,,False,0,
1060499,,False,0,
1060525,,False,0,
1060564,,False,0,
1060590,,False,0,
1060618,,False,0,
1060635,,False,0,
1060647,,False,0,
1060667,,False,0,
1060695,,False,0,
1060711,,False,0,
1060732,,False,0,
1060744,,False,0,
1060754,,False,0,
1060764,,False,0,
1060778,,False,0,
1060784,,False,0,
1060794,,False,0,
1060811,,False,0,
1060833,,False,0,
1060857,,False,0,
1060892,,False,0,
1060899,,False,0,
1060923,,False,0,
1060931,,False,0,
1060938,,False,0,
1060944,,False,0,
1060948,,False,0,
1060949,,False,0,
1060951,,False,0,
1061132,,False,0,
1061139,,False,0,
1061177,,False,0,
1061183,,False,0,
1061184,,False,0,
1061211,,False,0,
1061215,,False,0,
1061411,,False,0,
1061611,,False,0,
1061626,,False,0,
1061635,,False,0,
1061723,,False,0,
1061729,,False,0,
1062077,,False,0,
1062244,,False,0,
1062250,,False,0,
1062434,,False,0,
1062440,,False,0,
1062441,,False,0,
1062443,,False,0,
1062452,,False,0,
1062751,,False,0,
1062753,,False,0,
1062886,,False,0,
1062945,,False,0,
1062954,,False,0,
1063036,,False,0,
1063046,,False,0,
1063053,,False,0,
1063057,,False,0,
1063058,,False,0,
1063060,,False,0,
1063102,,False,0,
1063354,,False,0,
1063356,,False,0,
1063381,,False,0,
1063387,,False,0,
1063388,,False,0,
1063390,,False,0,
1063392,,False,0,
1063492,,False,0,
1063558,,False,0,
1063588,,False,0,
1063589,,False,0,
1063591,,False,0,
1063674,,False,0,
1063802,,False,0,
1063804,,False,0,
1063860,,False,0,
1063896,,False,0,
1063900,,False,0,
1063901,,False,0,
1063903,,False,0,
1063990,,False,0,
1064374,,False,0,
1064376,,False,0,
1064539,,False,0,
1064570,,False,0,
1064574,,False,0,
1064575,,False,0,
1064577,,False,0,
1064596,,False,0,
1064602,,False,0,
1064603,,False,0,
1064605,,False,0,
1064628,,False,0,
1064873,,False,0,
1064875,,False,0,
1064969,,False,0,
1065024,,False,0,
1065054,,False,0,
1065099,,False,0,
1065100,,False,0,
1065102,,False,0,
1065115,,False,0,
1065131,,False,0,
1065137,,False,0,
1065138,,False,0,
1065154,,False,0,
1065224,,False,0,
1065226,,False,0,
1065358,,False,0,
1065362,,False,0,
1065388,,False,0,
1065413,,False,0,
1065425,,False,0,
1065467,,False,0,
1065477,,False,0,
1065483,,False,0,
1065489,,False,0,
1065596,,False,0,
1065602,,False,0,
1065619,,False,0,
1065625,,False,0,
1065631,,False,0,
1065632,,False,0,
1065634,,False,0,
1065653,,False,0,
1065720,,False,0,
1065735,,False,0,
1065739,,False,0,
1065740,,False,0,
1065742,,False,0,
1065758,,False,0,
1065816,,False,0,
1065818,,False,0,
1065820,,False,0,
1065822,,False,0,
1065828,,False,0,
1065834,,False,0,
1065836,,False,0,
1065843,,False,0,
1065851,,False,0,
1065856,,False,0,
1065863,,False,0,
1065868,,False,0,
1065875,,False,0,
1065880,,False,0,
1065885,,False,0,
1065890,,False,0,
1065897,,False,0,
1065904,,False,0,
1065909,,False,0,
1065916,,False,0,
1065923,,False,0,
1065932,,False,0,
1065937,,False,0,
1065944,,False,0,
1065951,,False,0,
1065956,,False,0,
1065961,,False,0,
1065972,,False,0,
1065977,,False,0,
1065984,,False,0,
1065993,,False,0,
1065998,,False,0,
1066003,,False,0,
1066010,,False,0,
1066019,,False,0,
1066026,,False,0,
1066031,,False,0,
1066038,,False,0,
1066045,,False,0,
1066051,,False,0,
1066053,,False,0,
1066079,,False,0,
1066125,,False,0,
1066144,,False,0,
1066175,,False,0,
1066206,,False,0,
1066250,,False,0,
1066280,,False,0,
1066306,,False,0,
1066315,,False,0,
1066326,,False,0,
1066358,,False,0,
1066377,,False,0,
1066397,,False,0,
1066417,,False,0,
1066453,,False,0,
1066460,,False,0,
1066473,,False,0,
1066492,,False,0,
1066521,,False,0,
1066546,,False,0,
1066563,,False,0,
1066573,,False,0,
1066595,,False,0,
1066609,,False,0,
1066623,,False,0,
1066635,,False,0,
1066649,,False,0,
1066669,,False,0,
1066673,,False,0,
1066674,,False,0,
1066676,,False,0,
1066790,,False,0,
1066828,,False,0,
1066835,,False,0,
1066836,,False,0,
1066838,,False,0,
1066857,,False,0,
1066920,,False,0,
1066926,,False,0,
1066927,,False,0,
1066929,,False,0,
1066931,,False,0,
1067141,,False,0,
1067177,,False,0,
1067182,,False,0,
1067186,,False,0,
1067187,,False,0,
1067189,,False,0,
1067243,,False,0,
1067485,,False,0,
1067496,,False,0,
1067502,,False,0,
1067508,,False,0,
1067509,,False,0,
1067519,,False,0,
1067520,,False,0,
1067522,,False,0,
1067651,,False,0,
1067653,,False,0,
1067697,,False,0,
1067735,,False,0,
1067769,,False,0,
1067846,,False,0,
1067853,,False,0,
1067866,,False,0,
1067979,,False,0,
1068020,,False,0,
1068044,,False,0,
1068048,,False,0,
1068072,,False,0,
1068075,,False,0,
1068109,,False,0,
1068125,,False,0,
1068179,,False,0,
1068185,,False,0,
1068198,,False,0,
1068221,,False,0,
1068226,,False,0,
1068242,,False,0,
1068258,,False,0,
1068303,,False,0,
1068310,,False,0,
1068314,,False,0,
1068315,,False,0,
1068317,,False,0,
1068325,,False,0,
1068362,,False,0,
1068368,,False,0,
1068369,,False,0,
1068371,,False,0,
1068373,,False,0,
1068465,,False,0,
1068472,,False,0,
1068793,,False,0,
1068799,,False,0,
1068800,,False,0,
1068802,,False,0,
1068804,,False,0,
1068836,,False,0,
1069003,,False,0,
1069041,,False,0,
1069150,,False,0,
1069167,,False,0,
1069197,,False,0,
1069222,,False,0,
1069612,,False,0,
1069620,,False,0,
1069626,,False,0,
1069659,,False,0,
1069668,,False,0,
1069674,,False,0,
1069675,,False,0,
1069677,,False,0,
1069684,,False,0,
1069712,,False,0,
1069714,,False,0,
1069736,,False,0,
1069744,,False,0,
1069748,,False,0,
1069770,,False,0,
1069774,,False,0,
1069781,,False,0,
1069788,,False,0,
1069794,,False,0,
1069796,,False,0,
1069843,,False,0,
1069864,,False,0,
1069895,,False,0,
1069920,,False,0,
1069948,,False,0,
1069974,,False,0,
1070000,,False,0,
1070017,,False,0,
1070050,,False,0,
1070097,,False,0,
1070121,,False,0,
1070153,,False,0,
1070187,,False,0,
1070195,,False,0,
1070211,,False,0,
1070221,,False,0,
1070242,,False,0,
1070273,,False,0,
1070299,,False,0,
1070308,,False,0,
1070343,,False,0,
1070355,,False,0,
1070372,,False,0,
1070393,,False,0,
1070407,,False,0,
1070415,,False,0,
1070439,,False,0,
1070463,,False,0,
1070467,,False,0,
1070469,,False,0,
1070470,,False,0,
1070472,,False,0,
1070491,,False,0,
1070563,,False,0,
1070565,,False,0,
1070587,,False,0,
1070589,,False,0,
1070595,,False,0,
1070630,,False,0,
1070655,,False,0,
1070668,,False,0,
1070674,,False,0,
1070693,,False,0,
1070704,,False,0,
1070721,,False,0,
1070751,,False,0,
1070798,,False,0,
1070804,,False,0,
1070805,,False,0,
1070807,,False,0,
1070809,,False,0,
1070823,,False,0,
1070827,,False,0,
1070852,,False,0,
1070875,,False,0,
1070877,,False,0,
1070923,,False,0,
1070940,,False,0,
1070944,,False,0,
1070946,,False,0,
1070973,,False,0,
1070975,,False,0,
1070982,,False,0,
1070984,,False,0,
1070999,,False,0,
1071023,,False,0,
1071025,,False,0,
1071126,,False,0,
1071128,,False,0,
1071144,,False,0,
1071146,,False,0,
1071176,,False,0,
1071193,,False,0,
1071195,,False,0,
1071258,,False,0,
1071260,,False,0,
1071283,,False,0,
1071288,,False,0,
1071294,,False,0,
1071295,,False,0,
1071302,,False,0,
1071338,,False,0,
1071344,,False,0,
1071345,,False,0,
1071348,,False,0,
1071349,,False,0,
1071351,,False,0,
1071363,,False,0,
1071403,,False,0,
1071414,,False,0,
1071415,,False,0,
1071417,,False,0,
1071424,,False,0,
1071514,,False,0,
1071531,,False,0,
1071537,,False,0,
1071562,,False,0,
1071564,,False,0,
1071643,,False,0,
1071651,,False,0,
1071653,,False,0,
1071673,,False,0,
1071710,,False,0,
1071721,,False,0,
1071730,,False,0,
1071749,,False,0,
1071764,,False,0,
1071796,,False,0,
1071822,,False,0,
1071865,,False,0,
1071879,,False,0,
1071898,,False,0,
1071913,,False,0,
1071961,,False,0,
1071997,,False,0,
1072041,,False,0,
1072079,,False,0,
1072106,,False,0,
1072116,,False,0,
1072120,,False,0,
1072121,,False,0,
1072123,,False,0,
1072149,,False,0,
1072284,,False,0,
1072338,,False,0,
1072345,,False,0,
1072346,,False,0,
1072348,,False,0,
1072357,,False,0,
1072398,,False,0,
1072404,,False,0,
1072405,,False,0,
1072407,,False,0,
1072434,,False,0,
1072436,,False,0,
1072600,,False,0,
1072700,,False,0,
1072731,,False,0,
1072736,,False,0,
1072738,,False,0,
1072746,,False,0,
1072756,,False,0,
1072769,,False,0,
1072781,,False,0,
1072786,,False,0,
1072792,,False,0,
1072793,,False,0,
1072795,,False,0,
1072802,,False,0,
1072849,,False,0,
1072851,,False,0,
1072853,,False,0,
1072862,,False,0,
1072868,,False,0,
1072869,,False,0,
1072871,,False,0,
1072878,,False,0,
1072926,,False,0,
1072928,,False,0,
1072931,,False,0,
1072938,,False,0,
1072943,,False,0,
1072949,,False,0,
1073085,,False,0,
1073088,,False,0,
1073093,,False,0,
1073130,,False,0,
1073134,,False,0,
1073239,,False,0,
1073796,,False,0,
1074059,,False,0,
1074063,,False,0,
1074075,,False,0,
1074202,,False,0,
1074294,,False,0,
1074300,,False,0,
1074302,,False,0,
1074304,,False,0,
1074821,,False,0,
1074823,,False,0,
1074985,,False,0,
1074991,,False,0,
1074998,,False,0,
1075007,,False,0,
1075046,,False,0,
1075052,,False,0,
1075054,,False,0,
1075059,,False,0,
1075064,,False,0,
1075069,,False,0,
1075074,,False,0,
1075079,,False,0,
1075084,,False,0,
1075089,,False,0,
1075094,,False,0,
1075101,,False,0,
1075108,,False,0,
1075116,,False,0,
1075129,,False,0,
1075138,,False,0,
1075143,,False,0,
1075150,,False,0,
1075157,,False,0,
1075168,,False,0,
1075175,,False,0,
1075182,,False,0,
1075189,,False,0,
1075196,,False,0,
1075203,,False,0,
1075208,,False,0,
1075215,,False,0,
1075222,,False,0,
1075229,,False,0,
1075234,,False,0,
1075241,,False,0,
1075246,,False,0,
1075251,,False,0,
1075257,,False,0,
1075263,,False,0,
1075266,,False,0,
1075268,,False,0,
1075303,,False,0,
1075311,,False,0,
1075326,,False,0,
1075356,,False,0,
1075394,,False,0,
1075403,,False,0,
1075437,,False,0,
1075461,,False,0,
1075473,,False,0,
1075480,,False,0,
1075521,,False,0,
1075537,,False,0,
1075585,,False,0,
1075594,,False,0,
1075602,,False,0,
1075628,,False,0,
1075664,,False,0,
1075691,,False,0,
1075725,,False,0,
1075760,,False,0,
1075786,,False,0,
1075801,,False,0,
1075836,,False,0,
1075855,,False,0,
1075875,,False,0,
1075893,,False,0,
1075935,,False,0,
1075941,,False,0,
1075951,,False,0,
1075955,,False,0,
1075957,,False,0,
1075959,,False,0,
1076268,,False,0,
1076270,,False,0,
1076297,,False,0,
1076466,,False,0,
1076470,,False,0,
1076482,,False,0,
1076489,,False,0,
1076550,,False,0,
1076551,,False,0,
1076574,,False,0,
1076580,,False,0,
1076582,,False,0,
1076584,,False,0,
1076590,,False,0,
1076605,,False,0,
1076878,,False,0,
1076900,,False,0,
1076904,,False,0,
1076921,,False,0,
1077084,,False,0,
1077092,,False,0,
1077285,,False,0,
1077294,,False,0,
1077300,,False,0,
1077306,,False,0,
1077308,,False,0,
1077310,,False,0,
1077403,,False,0,
1077419,,False,0,
1077559,,False,0,
1077572,,False,0,
1077994,,False,0,
1078309,,False,0,
1078667,,False,0,
1078673,,False,0,
1078675,,False,0,
1078677,,False,0,
1079013,,False,0,
1079028,,False,0,
1079204,,False,0,
1079395,,False,0,
1079411,,False,0,
1079428,,False,0,
1079457,,False,0,
1079463,,False,0,
1079464,,False,0,
1079466,,False,0,
1079479,,False,0,
1079593,,False,0,
1079595,,False,0,
1079658,,False,0,
1079684,,False,0,
1079704,,False,0,
1079713,,False,0,
1079714,,False,0,
1079716,,False,0,
1079761,,False,0,
1079954,,False,0,
1079969,,False,0,
1080015,,False,0,
1080017,,False,0,
1080142,,False,0,
1080152,,False,0,
1080232,,False,0,
1080282,,False,0,
1080288,,False,0,
1080309,,False,0,
1080338,,False,0,
1080344,,False,0,
1080350,,False,0,
1080351,,False,0,
1080392,,False,0,
1080581,,False,0,
1080586,,False,0,
1080596,,False,0,
1080608,,False,0,
1080789,,False,0,
1080925,,False,0,
1080932,,False,0,
1080985,,False,0,
1081004,,False,0,
1081037,,False,0,
1081041,,False,0,
1081043,,False,0,
1081062,,False,0,
1081163,,False,0,
1081167,,False,0,
1081171,,False,0,
1081187,,False,0,
1081199,,False,0,
1081289,,False,0,
1081290,,False,0,
1081291,,False,0,
1081292,,False,0,
1081293,,False,0,
1081294,,False,0,
1081295,,False,0,
1081296,,False,0,
1081297,,False,0,
1081416,,False,0,
1081442,,False,0,
1081468,,False,0,
1081475,,False,0,
1081478,,False,0,
1081481,,False,0,
1081504,,False,0,
1081506,,False,0,
1081545,,False,0,
1081555,,False,0,
1081556,,False,0,
1081557,,False,0,
1081580,,False,0,
1081584,,False,0,
1081585,,False,0,
1081587,,False,0,
1081613,,False,0,
1081640,,False,0,
1081646,,False,0,
1081647,,False,0,
1081649,,False,0,
1081699,,False,0,
1081740,,False,0,
1081744,,False,0,
1081754,,False,0,
1081756,,False,0,
1081854,,False,0,
1081898,,False,0,
1081904,,False,0,
1081915,,False,0,
1081929,,False,0,
1082047,,False,0,
1082056,,False,0,
1082057,,False,0,
1082059,,False,0,
1082075,,False,0,
1082076,,False,0,
1082078,,False,0,
1082095,,False,0,
1082107,,False,0,
1082108,,False,0,
1082110,,False,0,
1082113,,False,0,
1082114,,False,0,
1082115,,False,0,
1082116,,False,0,
1082122,,False,0,
1082124,,False,0,
1082126,,False,0,
1082246,,False,0,
1082280,,False,0,
1082826,,False,0,
1082908,,False,0,
1082921,,False,0,
1083054,,False,0,
1083059,,False,0,
1083072,,False,0,
1083089,,False,0,
1083117,,False,0,
1083146,,False,0,
1083170,,False,0,
1083210,,False,0,
1083256,,False,0,
1083329,,False,0,
1083365,,False,0,
1083540,,False,0,
1083546,,False,0,
1083547,,False,0,
1083549,,False,0,
1083551,,False,0,
1083814,,False,0,
1083821,,False,0,
1083830,,False,0,
1083834,,False,0,
1083841,,False,0,
1083846,,False,0,
1083903,,False,0,
1083907,,False,0,
1083914,,False,0,
1083952,,False,0,
1083955,,False,0,
1083971,,False,0,
1083977,,False,0,
1083980,,False,0,
1083997,,False,0,
1083999,,False,0,
1084001,,False,0,
1084171,,False,0,
1084208,,False,0,
1084300,,False,0,
1084312,,False,0,
1084373,,False,0,
1084414,,False,0,
1084416,,False,0,
1084417,,False,0,
1084418,,False,0,
1084419,,False,0,
1084422,,False,0,
1084468,,False,0,
1084472,,False,0,
1084499,,False,0,
1084525,,False,0,
1084554,,False,0,
1084566,,False,0,
1084598,,False,0,
1084600,,False,0,
1084657,,False,0,
1084676,,False,0,
1084683,,False,0,
1084684,,False,0,
1084685,,False,0,
1084702,,False,0,
1084708,,False,0,
1084714,,False,0,
1084716,,False,0,
1084718,,False,0,
1084745,,False,0,
1085097,,False,0,
1085112,,False,0,
1085168,,False,0,
1085187,,False,0,
1085255,,False,0,
1085262,,False,0,
1085358,,False,0,
1085752,,False,0,
1085758,,False,0,
1085760,,False,0,
1085762,,False,0,
1085824,,False,0,
1085828,,False,0,
1085997,,False,0,
1086010,,False,0,
1086047,,False,0,
1086048,,False,0,
1086216,,False,0,
1086301,,False,0,
1086317,,False,0,
1086383,,False,0,
1086389,,False,0,
1086391,,False,0,
1086427,,False,0,
1086452,,False,0,
1086494,,False,0,
1086517,,False,0,
1086548,,False,0,
1086590,,False,0,
1086637,,False,0,
1086681,,False,0,
1086710,,False,0,
1086745,,False,0,
1086746,,False,0,
1086747,,False,0,
1086748,,False,0,
1086752,,False,0,
1086791,,False,0,
1086802,,False,0,
1086842,,False,0,
1086848,,False,0,
1086867,,False,0,
1086891,,False,0,
1086897,,False,0,
1086904,,False,0,
1086923,,False,0,
1086934,,False,0,
1086972,,False,0,
1086990,,False,0,
1087013,,False,0,
1087022,,False,0,
1087036,,False,0,
1087045,,False,0,
1087051,,False,0,
1087065,,False,0,
1087069,,False,0,
1087071,,False,0,
1087086,,False,0,
1087088,,False,0,
1087389,,False,0,
1087398,,False,0,
1087558,,False,0,
1087587,,False,0,
1087607,,False,0,
1087783,,False,0,
1087789,,False,0,
1087791,,False,0,
1087793,,False,0,
1088017,,False,0,
1088028,,False,0,
1088070,,False,0,
1088074,,False,0,
1088334,,False,0,
1088417,,False,0,
1088561,,False,0,
1088567,,False,0,
1088569,,False,0,
1088571,,False,0,
1088588,,False,0,
1088636,,False,0,
1088670,,False,0,
1088709,,False,0,
1088728,,False,0,
1088732,,False,0,
1088833,,False,0,
1088847,,False,0,
1088998,,False,0,
1089009,,False,0,
1089028,,False,0,
1089130,,False,0,
1089142,,False,0,
1089143,,False,0,
1089218,,False,0,
1089436,,False,0,
1089439,,False,0,
1089444,,False,0,
1089448,,False,0,
1089449,,False,0,
1089466,,False,0,
1089489,,False,0,
1089500,,False,0,
1089504,,False,0,
1089516,,False,0,
1089578,,False,0,
1089591,,False,0,
1089649,,False,0,
1089674,,False,0,
1089760,,False,0,
1089772,,False,0,
1089782,,False,0,
1089790,,False,0,
1089797,,False,0,
1089803,,False,0,
1089805,,False,0,
1089807,,False,0,
1089859,,False,0,
1089864,,False,0,
1089904,,False,0,
1089917,,False,0,
1090318,,False,0,
1090333,,False,0,
1090400,,False,0,
1090483,,False,0,
1090496,,False,0,
1090513,,False,0,
1090522,,False,0,
1090540,,False,0,
1090546,,False,0,
1090548,,False,0,
1090550,,False,0,
1090648,,False,0,
1090668,,False,0,
1090884,,False,0,
1090930,,False,0,
1090934,,False,0,
1091165,,False,0,
1091184,,False,0,
1091212,,False,0,
1091221,,False,0,
1091226,,False,0,
1091230,,False,0,
1091233,,False,0,
1091255,,False,0,
1091374,,False,0,
1091389,,False,0,
1091418,,False,0,
1091429,,False,0,
1091489,,False,0,
1091507,,False,0,
1091567,,False,0,
1091806,,False,0,
1091814,,False,0,
1091827,,False,0,
1091833,,False,0,
1091969,,False,0,
1091975,,False,0,
1091977,,False,0,
1091979,,False,0,
1092043,,False,0,
1092076,,False,0,
1092095,,False,0,
1092130,,False,0,
1092193,,False,0,
1092543,,False,0,
1092555,,False,0,
1092579,,False,0,
1092624,,False,0,
1092660,,False,0,
1092668,,False,0,
1092695,,False,0,
1092815,,False,0,
1092853,,False,0,
1092857,,False,0,
1092938,,False,0,
1092947,,False,0,
1093002,,False,0,
1093016,,False,0,
1093028,,False,0,
1093037,,False,0,
1093043,,False,0,
1093074,,False,0,
1093121,,False,0,
1093127,,False,0,
1093298,,False,0,
1093470,,False,0,
1093474,,False,0,
1093502,,False,0,
1093508,,False,0,
1093510,,False,0,
1093512,,False,0,
1093668,,False,0,
1093741,,False,0,
1093828,,False,0,
1093834,,False,0,
1093907,,False,0,
1093924,,False,0,
1093989,,False,0,
1094016,,False,0,
1094287,,False,0,
1094294,,False,0,
1094300,,False,0,
1094302,,False,0,
1094304,,False,0,
1094306,,False,0,
1094745,,False,0,
1094755,,False,0,
1094790,,False,0,
1094802,,False,0,
1094845,,False,0,
1094914,,False,0,
1094944,,False,0,
1095001,,False,0,
1095005,,False,0,
1095687,,False,0,
1095693,,False,0,
1095700,,False,0,
1095702,,False,0,
1095704,,False,0,
1095713,,False,0,
1095828,,False,0,
1095847,,False,0,
1095856,,False,0,
1095867,,False,0,
1095989,,False,0,
1096005,,False,0,
1096066,,False,0,
1096088,,False,0,
1096101,,False,0,
1096108,,False,0,
1096233,,False,0,
1096250,,False,0,
1096254,,False,0,
1096294,,False,0,
1096492,,False,0,
1096559,,False,0,
1096683,,False,0,
1096691,,False,0,
1096702,,False,0,
1096748,,False,0,
1096755,,False,0,
1097143,,False,0,
1097154,,False,0,
1097529,,False,0,
1097535,,False,0,
1097537,,False,0,
1097539,,False,0,
1097614,,False,0,
1097665,,False,0,
1097823,,False,0,
1097871,,False,0,
1097880,,False,0,
1097924,,False,0,
1097965,,False,0,
1098048,,False,0,
1098054,,False,0,
1098097,,False,0,
1098143,,False,0,
1098236,,False,0,
1098245,,False,0,
1098258,,False,0,
1098350,,False,0,
1098446,,False,0,
1098464,,False,0,
1098468,,False,0,
1098469,,False,0,
1099272,,False,0,
1099276,,False,0,
1099282,,False,0,
1099338,,False,0,
1099400,,False,0,
1099404,,False,0,
1099455,,False,0,
1099496,,False,0,
1099502,,False,0,
1099608,,False,0,
1099614,,False,0,
1099616,,False,0,
1099621,,False,0,
1099628,,False,0,
1099633,,False,0,
1099640,,False,0,
1099649,,False,0,
1099656,,False,0,
1099661,,False,0,
1099666,,False,0,
1099671,,False,0,
1099676,,False,0,
1099683,,False,0,
1099688,,False,0,
1099693,,False,0,
1099698,,False,0,
1099705,,False,0,
1099710,,False,0,
1099717,,False,0,
1099722,,False,0,
1099729,,False,0,
1099736,,False,0,
1099741,,False,0,
1099746,,False,0,
1099751,,False,0,
1099758,,False,0,
1099765,,False,0,
1099772,,False,0,
1099779,,False,0,
1099786,,False,0,
1099793,,False,0,
1099800,,False,0,
1099805,,False,0,
1099812,,False,0,
1099819,,False,0,
1099825,,False,0,
1099831,,False,0,
1099833,,False,0,
1099849,,False,0,
1099862,,False,0,
1099877,,False,0,
1099885,,False,0,
1099932,,False,0,
1099972,,False,0,
1100013,,False,0,
1100021,,False,0,
1100058,,False,0,
1100079,,False,0,
1100108,,False,0,
1100117,,False,0,
1100141,,False,0,
1100153,,False,0,
1100201,,False,0,
1100213,,False,0,
1100236,,False,0,
1100243,,False,0,
1100273,,False,0,
1100289,,False,0,
1100300,,False,0,
1100321,,False,0,
1100364,,False,0,
1100380,,False,0,
1100387,,False,0,
1100412,,False,0,
1100419,,False,0,
1100462,,False,0,
1100466,,False,0,
1100467,,False,0,
1100469,,False,0,
1100477,,False,0,
1100482,,False,0,
1100483,,False,0,
1100511,,False,0,
1100515,,False,0,
1100521,,False,0,
1100525,,False,0,
1100684,,False,0,
1100690,,False,0,
1100846,,False,0,
1100852,,False,0,
1101157,,False,0,
1101161,,False,0,
1101358,,False,0,
1101364,,False,0,
1101579,,False,0,
1101585,,False,0,
1101586,,False,0,
1101588,,False,0,
1101620,,False,0,
1101909,,False,0,
1101913,,False,0,
1101915,,False,0,
1101924,,False,0,
1102289,,False,0,
1102309,,False,0,
1102315,,False,0,
1102321,,False,0,
1102322,,False,0,
1102324,,False,0,
1102342,,False,0,
1102393,,False,0,
1102395,,False,0,
1102407,,False,0,
1102417,,False,0,
1102433,,False,0,
1102445,,False,0,
1102560,,False,0,
1102753,,False,0,
1102771,,False,0,
1102801,,False,0,
1102809,,False,0,
1102849,,False,0,
1102853,,False,0,
1102857,,False,0,
1102873,,False,0,
1102877,,False,0,
1102900,,False,0,
1102906,,False,0,
1102907,,False,0,
1102909,,False,0,
1102923,,False,0,
1102928,,False,0,
1102934,,False,0,
1102935,,False,0,
1102937,,False,0,
1102984,,False,0,
1102986,,False,0,
1103008,,False,0,
1103037,,False,0,
1103074,,False,0,
1103092,,False,0,
1103100,,False,0,
1103160,,False,0,
1103180,,False,0,
1103182,,False,0,
1103212,,False,0,
1103270,,False,0,
1103279,,False,0,
1103286,,False,0,
1103292,,False,0,
1103293,,False,0,
1103295,,False,0,
1103312,,False,0,
1103363,,False,0,
1103365,,False,0,
1103384,,False,0,
1103395,,False,0,
1103427,,False,0,
1103474,,False,0,
1103515,,False,0,
1103538,,False,0,
1103546,,False,0,
1103565,,False,0,
1103585,,False,0,
1103591,,False,0,
1103595,,False,0,
1103596,,False,0,
1103606,,False,0,
1103630,,False,0,
1103636,,False,0,
1103637,,False,0,
1103639,,False,0,
1103663,,False,0,
1103665,,False,0,
1104151,,False,0,
1104157,,False,0,
1104159,,False,0,
1104166,,False,0,
1104175,,False,0,
1104180,,False,0,
1104187,,False,0,
1104194,,False,0,
1104201,,False,0,
1104208,,False,0,
1104213,,False,0,
1104220,,False,0,
1104225,,False,0,
1104230,,False,0,
1104237,,False,0,
1104244,,False,0,
1104251,,False,0,
1104258,,False,0,
1104265,,False,0,
1104272,,False,0,
1104279,,False,0,
1104288,,False,0,
1104292,,False,0,
1104301,,False,0,
1104310,,False,0,
1104315,,False,0,
1104326,,False,0,
1104331,,False,0,
1104336,,False,0,
1104341,,False,0,
1104348,,False,0,
1104357,,False,0,
1104365,,False,0,
1104371,,False,0,
1104373,,False,0,
1104380,,False,0,
1104390,,False,0,
1104426,,False,0,
1104433,,False,0,
1104471,,False,0,
1104503,,False,0,
1104512,,False,0,
1104519,,False,0,
1104546,,False,0,
1104571,,False,0,
1104602,,False,0,
1104628,,False,0,
1104659,,False,0,
1104683,,False,0,
1104719,,False,0,
1104728,,False,0,
1104765,,False,0,
1104795,,False,0,
1104810,,False,0,
1104817,,False,0,
1104849,,False,0,
1104869,,False,0,
1104895,,False,0,
1104908,,False,0,
1104932,,False,0,
1104941,,False,0,
1104963,,False,0,
1104982,,False,0,
1104986,,False,0,
1104987,,False,0,
1104991,,False,0,
1105014,,False,0,
1105066,,False,0,
1105098,,False,0,
1105230,,False,0,
1105238,,False,0,
1105448,,False,0,
1105452,,False,0,
1105483,,False,0,
1105485,,False,0,
1105544,,False,0,
1105581,,False,0,
1105587,,False,0,
1105593,,False,0,
1105594,,False,0,
1105596,,False,0,
1105598,,False,0,
1105711,,False,0,
1105768,,False,0,
1105836,,False,0,
1105876,,False,0,
1105880,,False,0,
1105887,,False,0,
1105901,,False,0,
1105907,,False,0,
1105915,,False,0,
1105969,,False,0,
1106096,,False,0,
1106105,,False,0,
1106143,,False,0,
1106171,,False,0,
1106178,,False,0,
1106184,,False,0,
1106185,,False,0,
1106200,,False,0,
1106244,,False,0,
1106246,,False,0,
1106258,,False,0,
1106319,,False,0,
1106475,,False,0,
1106479,,False,0,
1106487,,False,0,
1106519,,False,0,
1106527,,False,0,
1106551,,False,0,
1106600,,False,0,
1106605,,False,0,
1106607,,False,0,
1106615,,False,0,
1106617,,False,0,
1106622,,False,0,
1106624,,False,0,
1106630,,False,0,
1106632,,False,0,
1106676,,False,0,
1106692,,False,0,
1106699,,False,0,
1106701,,False,0,
1106705,,False,0,
1106716,,False,0,
1106718,,False,0,
1106728,,False,0,
1106739,,False,0,
1106741,,False,0,
1106805,,False,0,
1106809,,False,0,
1106811,,False,0,
1106820,,False,0,
1106830,,False,0,
1106835,,False,0,
1106840,,False,0,
1106849,,False,0,
1106851,,False,0,
1106860,,False,0,
1106873,,False,0,
1106879,,False,0,
1106887,,False,0,
1106888,,False,0,
1106890,,False,0,
1106901,,False,0,
1106952,,False,0,
1106954,,False,0,
1107045,,False,0,
1107098,,False,0,
1107114,,False,0,
1107218,,False,0,
1107390,,False,0,
1107396,,False,0,
1107402,,False,0,
1107403,,False,0,
1107405,,False,0,
1107519,,False,0,
1107679,,False,0,
1107745,,False,0,
1107746,,False,0,
1107826,,False,0,
1107846,,False,0,
1107848,,False,0,
1107861,,False,0,
1107962,,False,0,
1107975,,False,0,
1108145,,False,0,
1108259,,False,0,
1108265,,False,0,
1108266,,False,0,
1108268,,False,0,
1108270,,False,0,
1108302,,False,0,
1108326,,False,0,
1108460,,False,0,
1108577,,False,0,
1108610,,False,0,
1108955,,False,0,
1108961,,False,0,
1108963,,False,0,
1108972,,False,0,
1109030,,False,0,
1109058,,False,0,
1109108,,False,0,
1109126,,False,0,
1109150,,False,0,
1109164,,False,0,
1109177,,False,0,
1109190,,False,0,
1109227,,False,0,
1109234,,False,0,
1109279,,False,0,
1109293,,False,0,
1109310,,False,0,
1109333,,False,0,
1109344,,False,0,
1109353,,False,0,
1109360,,False,0,
1109370,,False,0,
1109398,,False,0,
1109405,,False,0,
1109425,,False,0,
1109433,,False,0,
1109459,,False,0,
1109466,,False,0,
1109477,,False,0,
1109483,,False,0,
1109491,,False,0,
1109525,,False,0,
1109529,,False,0,
1109619,,False,0,
1109623,,False,0,
1109624,,False,0,
1109626,,False,0,
1109628,,False,0,
1109632,,False,0,
1110089,,False,0,
1110097,,False,0,
1110098,,False,0,
1110100,,False,0,
1110102,,False,0,
1110220,,False,0,
1110232,,False,0,
1110445,,False,0,
1110679,,False,0,
1110689,,False,0,
1110695,,False,0,
1110697,,False,0,
1110698,,False,0,
1110700,,False,0,
1110710,,False,0,
1110780,,False,0,
1110782,,False,0,
1110784,,False,0,
1110789,,False,0,
1110790,,False,0,
1110793,,False,0,
1110794,,False,0,
1110796,,False,0,
1110798,,False,0,
1111073,,False,0,
1111111,,False,0,
1111115,,False,0,
1111137,,False,0,
1111145,,False,0,
1111163,,False,0,
1111167,,False,0,
1111208,,False,0,
1111226,,False,0,
1111286,,False,0,
1111293,,False,0,
1111359,,False,0,
1111376,,False,0,
1111398,,False,0,
1111415,,False,0,
1111515,,False,0,
1111524,,False,0,
1111530,,False,0,
1111531,,False,0,
1111533,,False,0,
1111535,,False,0,
1111656,,False,0,
1111675,,False,0,
1112005,,False,0,
1112014,,False,0,
1112085,,False,0,
1112098,,False,0,
1112105,,False,0,
1112140,,False,0,
1112144,,False,0,
1112159,,False,0,
1112165,,False,0,
1112166,,False,0,
1112168,,False,0,
1112170,,False,0,
1112173,,False,0,
1112176,,False,0,
1112242,,False,0,
1112339,,False,0,
1112361,,False,0,
1112373,,False,0,
1112494,,False,0,
1112585,,False,0,
1112826,,False,0,
1112852,,False,0,
1112916,,False,0,
1112923,,False,0,
1112928,,False,0,
1112938,,False,0,
1112954,,False,0,
1112974,,False,0,
1113019,,False,0,
1113040,,False,0,
1113053,,False,0,
1113058,,False,0,
1113073,,False,0,
1113139,,False,0,
1113156,,False,0,
1113160,,False,0,
1113161,,False,0,
1113163,,False,0,
1113179,,False,0,
1113261,,False,0,
1113265,,False,0,
1113266,,False,0,
1113268,,False,0,
1113270,,False,0,
1113279,,False,0,
1113311,,False,0,
1113352,,False,0,
1113392,,False,0,
1113414,,False,0,
1113447,,False,0,
1113460,,False,0,
1113463,,False,0,
1113575,,False,0,
1113626,,False,0,
1113644,,False,0,
1113773,,False,0,
1113810,,False,0,
1113859,,False,0,
1113944,,False,0,
1113995,,False,0,
1114003,,False,0,
1114004,,False,0,
1114007,,False,0,
1114009,,False,0,
1114045,,False,0,
1114050,,False,0,
1114054,,False,0,
1114057,,False,0,
1114090,,False,0,
1114104,,False,0,
1114178,,False,0,
1114188,,False,0,
1114223,,False,0,
1114288,,False,0,
1114474,,False,0,
1114496,,False,0,
1114497,,False,0,
1114652,,False,0,
1114684,,False,0,
1114690,,False,0,
1114697,,False,0,
1114698,,False,0,
1115663,,False,0,
1115671,,False,0,
1115678,,False,0,
1115684,,False,0,
1115685,,False,0,
1115688,,False,0,
1115744,,False,0,
1115754,,False,0,
1115808,,False,0,
1115838,,False,0,
1115862,,False,0,
1115878,,False,0,
1115884,,False,0,
1115906,,False,0,
1115977,,False,0,
1116010,,False,0,
1116088,,False,0,
1116094,,False,0,
1116248,,False,0,
1116254,,False,0,
1116256,,False,0,
1116311,,False,0,
1116321,,False,0,
1116368,,False,0,
1116402,,False,0,
1116415,,False,0,
1116446,,False,0,
1116468,,False,0,
1116531,,False,0,
1116543,,False,0,
1116599,,False,0,
1116644,,False,0,
1116670,,False,0,
1116679,,False,0,
1116721,,False,0,
1116768,,False,0,
1116809,,False,0,
1116818,,False,0,
1116843,,False,0,
1116873,,False,0,
1116897,,False,0,
1116920,,False,0,
1116944,,False,0,
1116952,,False,0,
1116961,,False,0,
1117010,,False,0,
1117024,,False,0,
1117054,,False,0,
1117066,,False,0,
1117070,,False,0,
1117071,,False,0,
1117073,,False,0,
1117218,,False,0,
1117233,,False,0,
1117237,,False,0,
1117238,,False,0,
1117240,,False,0,
1117242,,False,0,
1117545,,False,0,
1117551,,False,0,
1117552,,False,0,
1117554,,False,0,
1117556,,False,0,
1117581,,False,0,
1117626,,False,0,
1117639,,False,0,
1117799,,False,0,
1117849,,False,0,
1117959,,False,0,
1117989,,False,0,
1118180,,False,0,
1118186,,False,0,
1118187,,False,0,
1118189,,False,0,
1118196,,False,0,
1118239,,False,0,
1118293,,False,0,
1118309,,False,0,
1118315,,False,0,
1118316,,False,0,
1118322,,False,0,
1118331,,False,0,
1118375,,False,0,
1118381,,False,0,
1118385,,False,0,
1118386,,False,0,
1118388,,False,0,
1118390,,False,0,
1118406,,False,0,
1118412,,False,0,
1118425,,False,0,
1118458,,False,0,
1118463,,False,0,
1118498,,False,0,
1118768,,False,0,
1118799,,False,0,
1118919,,False,0,
1118989,,False,0,
1118995,,False,0,
1118998,,False,0,
1118999,,False,0,
1119001,,False,0,
1119003,,False,0,
1119078,,False,0,
1119097,,False,0,
1119263,,False,0,
1119277,,False,0,
1119493,,False,0,
1119514,,False,0,
1119699,,False,0,
1119705,,False,0,
1119706,,False,0,
1119708,,False,0,
1119710,,False,0,
1120253,,False,0,
1120257,,False,0,
1120293,,False,0,
1120417,,False,0,
1120428,,False,0,
1120510,,False,0,
1120538,,False,0,
1120570,,False,0,
1120574,,False,0,
1120831,,False,0,
1120869,,False,0,
1120895,,False,0,
1120901,,False,0,
1120902,,False,0,
1120904,,False,0,
1120906,,False,0,
1120932,,False,0,
1120937,,False,0,
1120956,,False,0,
1120967,,False,0,
1120978,,False,0,
1120985,,False,0,
1120990,,False,0,
1121121,,False,0,
1121232,,False,0,
1121242,,False,0,
1121298,,False,0,
1121320,,False,0,
1121331,,False,0,
1121420,,False,0,
1121428,,False,0,
1121486,,False,0,
1121533,,False,0,
1121570,,False,0,
1121587,,False,0,
1121599,,False,0,
1121603,,False,0,
1121622,,False,0,
1121626,,False,0,
1121924,,False,0,
1121935,,False,0,
1121982,,False,0,
1121990,,False,0,
1122018,,False,0,
1122030,,False,0,
1122242,,False,0,
1122248,,False,0,
1122249,,False,0,
1122251,,False,0,
1122253,,False,0,
1122397,,False,0,
1122440,,False,0,
1122454,,False,0,
1122506,,False,0,
1122884,,False,0,
1122889,,False,0,
1122950,,False,0,
1122959,,False,0,
1122970,,False,0,
1122985,,False,0,
1123026,,False,0,
1123032,,False,0,
1123033,,False,0,
1123035,,False,0,
1123044,,False,0,
1123103,,False,0,
1123105,,False,0,
1123175,,False,0,
1123206,,False,0,
1123254,,False,0,
1123258,,False,0,
1123311,,False,0,
1123441,,False,0,
1123445,,False,0,
1123449,,False,0,
1123475,,False,0,
1123480,,False,0,
1123484,,False,0,
1123485,,False,0,
1123487,,False,0,
1123503,,False,0,
1123536,,False,0,
1123542,,False,0,
1123543,,False,0,
1123545,,False,0,
1123570,,False,0,
1123572,,False,0,
1123928,,False,0,
1123934,,False,0,
1123936,,False,0,
1123941,,False,0,
1123952,,False,0,
1123957,,False,0,
1123962,,False,0,
1123969,,False,0,
1123974,,False,0,
1123981,,False,0,
1123989,,False,0,
1123996,,False,0,
1124003,,False,0,
1124010,,False,0,
1124015,,False,0,
1124022,,False,0,
1124031,,False,0,
1124036,,False,0,
1124045,,False,0,
1124054,,False,0,
1124061,,False,0,
1124068,,False,0,
1124073,,False,0,
1124080,,False,0,
1124085,,False,0,
1124092,,False,0,
1124099,,False,0,
1124110,,False,0,
1124115,,False,0,
1124122,,False,0,
1124128,,False,0,
1124135,,False,0,
1124142,,False,0,
1124149,,False,0,
1124154,,False,0,
1124164,,False,0,
1124170,,False,0,
1124172,,False,0,
1124200,,False,0,
1124219,,False,0,
1124244,,False,0,
1124265,,False,0,
1124274,,False,0,
1124307,,False,0,
1124336,,False,0,
1124361,,False,0,
1124400,,False,0,
1124437,,False,0,
1124462,,False,0,
1124501,,False,0,
1124530,,False,0,
1124553,,False,0,
1124574,,False,0,
1124625,,False,0,
1124636,,False,0,
1124643,,False,0,
1124676,,False,0,
1124692,,False,0,
1124726,,False,0,
1124746,,False,0,
1124763,,False,0,
1124772,,False,0,
1124796,,False,0,
1124808,,False,0,
1124820,,False,0,
1124832,,False,0,
1124836,,False,0,
1124837,,False,0,
1124839,,False,0,
1124988,,False,0,
1125005,,False,0,
1125009,,False,0,
1125010,,False,0,
1125013,,False,0,
1125091,,False,0,
1125141,,False,0,
1125148,,False,0,
1125149,,False,0,
1125151,,False,0,
1125153,,False,0,
1125258,,False,0,
1125268,,False,0,
1125275,,False,0,
1125288,,False,0,
1125294,,False,0,
1125295,,False,0,
1125297,,False,0,
1125299,,False,0,
1125374,,False,0,
1125389,,False,0,
1125415,,False,0,
1125419,,False,0,
1125424,,False,0,
1125495,,False,0,
1125511,,False,0,
1125512,,False,0,
1125516,,False,0,
1125520,,False,0,
1125535,,False,0,
1125592,,False,0,
1125608,,False,0,
1125614,,False,0,
1125615,,False,0,
1125617,,False,0,
1125642,,False,0,
1125653,,False,0,
1125681,,False,0,
1125847,,False,0,
1125975,,False,0,
1125977,,False,0,
1125987,,False,0,
1126190,,False,0,
1126200,,False,0,
1126511,,False,0,
1126598,,False,0,
1126647,,False,0,
1126662,,False,0,
1126712,,False,0,
1126720,,False,0,
1126781,,False,0,
1126793,,False,0,
1126899,,False,0,
1126905,,False,0,
1126906,,False,0,
1126908,,False,0,
1126910,,False,0,
1127011,,False,0,
1127172,,False,0,
1127273,,False,0,
1127276,,False,0,
1127332,,False,0,
1127453,,False,0,
1127552,,False,0,
1127563,,False,0,
1127568,,False,0,
1127625,,False,0,
1127637,,False,0,
1127640,,False,0,
1127646,,False,0,
1127647,,False,0,
1127649,,False,0,
1127669,,False,0,
1127731,,False,0,
1127735,,False,0,
1127737,,False,0,
1127812,,False,0,
1127850,,False,0,
1127897,,False,0,
1128120,,False,0,
1128126,,False,0,
1128127,,False,0,
1128129,,False,0,
1128131,,False,0,
1128156,,False,0,
1128283,,False,0,
1128352,,False,0,
1128472,,False,0,
1128515,,False,0,
1128540,,False,0,
1128551,,False,0,
1128562,,False,0,
1128623,,False,0,
1128626,,False,0,
1128653,,False,0,
1128668,,False,0,
1128716,,False,0,
1128779,,False,0,
1128821,,False,0,
1128834,,False,0,
1128853,,False,0,
1128855,,False,0,
1128896,,False,0,
1128904,,False,0,
1128906,,False,0,
1128912,,False,0,
1128937,,False,0,
1128943,,False,0,
1128945,,False,0,
1129124,,False,0,
1129128,,False,0,
1129170,,False,0,
1129243,,False,0,
1129249,,False,0,
1129287,,False,0,
1129347,,False,0,
1129353,,False,0,
1129356,,False,0,
1129358,,False,0,
1129375,,False,0,
1129397,,False,0,
1129410,,False,0,
1129441,,False,0,
1129465,,False,0,
1129501,,False,0,
1129524,,False,0,
1129564,,False,0,
1129585,,False,0,
1129598,,False,0,
1129623,,False,0,
1129646,,False,0,
1129652,,False,0,
1129682,,False,0,
1129721,,False,0,
1129738,,False,0,
1129750,,False,0,
1129760,,False,0,
1129788,,False,0,
1129803,,False,0,
1129831,,False,0,
1129861,,False,0,
1129870,,False,0,
1129894,,False,0,
1129913,,False,0,
1129948,,False,0,
1129966,,False,0,
1129981,,False,0,
1129985,,False,0,
1129986,,False,0,
1129988,,False,0,
1130144,,False,0,
1130160,,False,0,
1130164,,False,0,
1130316,,False,0,
1130322,,False,0,
1130448,,False,0,
1130454,,False,0,
1130767,,False,0,
1130771,,False,0,
1130900,,False,0,
1130933,,False,0,
1131256,,False,0,
1131281,,False,0,
1131319,,False,0,
1131325,,False,0,
1131475,,False,0,
1131481,,False,0,
1131482,,False,0,
1131484,,False,0,
1131495,,False,0,
1131656,,False,0,
1131658,,False,0,
1131817,,False,0,
1131821,,False,0,
1131947,,False,0,
1132061,,False,0,
1132069,,False,0,
1132135,,False,0,
1132160,,False,0,
1132326,,False,0,
1132445,,False,0,
1132453,,False,0,
1132466,,False,0,
1132472,,False,0,
1132473,,False,0,
1132475,,False,0,
1132477,,False,0,
1132669,,False,0,
1132707,,False,0,
1132809,,False,0,
1132828,,False,0,
1132829,,False,0,
1132831,,False,0,
1132868,,False,0,
1132951,,False,0,
1132953,,False,0,
1132966,,False,0,
1133176,,False,0,
1133180,,False,0,
1133273,,False,0,
1133405,,False,0,
1133415,,False,0,
1133421,,False,0,
1133423,,False,0,
1133429,,False,0,
1133439,,False,0,
1133441,,False,0,
1133456,,False,0,
1133462,,False,0,
1133498,,False,0,
1133504,,False,0,
1133510,,False,0,
1133511,,False,0,
1133513,,False,0,
1133591,,False,0,
1133753,,False,0,
1133813,,False,0,
1133814,,False,0,
1133825,,False,0,
1133826,,False,0,
1133947,,False,0,
1133949,,False,0,
1134218,,False,0,
1134299,,False,0,
1134305,,False,0,
1134307,,False,0,
1134316,,False,0,
1134323,,False,0,
1134330,,False,0,
1134337,,False,0,
1134346,,False,0,
1134353,,False,0,
1134360,,False,0,
1134368,,False,0,
1134375,,False,0,
1134382,,False,0,
1134387,,False,0,
1134392,,False,0,
1134399,,False,0,
1134406,,False,0,
1134414,,False,0,
1134421,,False,0,
1134428,,False,0,
1134435,,False,0,
1134442,,False,0,
1134449,,False,0,
1134456,,False,0,
1134463,,False,0,
1134470,,False,0,
1134477,,False,0,
1134484,,False,0,
1134491,,False,0,
1134496,,False,0,
1134501,,False,0,
1134508,,False,0,
1134516,,False,0,
1134523,,False,0,
1134529,,False,0,
1134535,,False,0,
1134538,,False,0,
1134541,,False,0,
1134543,,False,0,
1134563,,False,0,
1134573,,False,0,
1134584,,False,0,
1134616,,False,0,
1134632,,False,0,
1134641,,False,0,
1134679,,False,0,
1134700,,False,0,
1134729,,False,0,
1134737,,False,0,
1134769,,False,0,
1134784,,False,0,
1134802,,False,0,
1134815,,False,0,
1134824,,False,0,
1134846,,False,0,
1134856,,False,0,
1134873,,False,0,
1134895,,False,0,
1134927,,False,0,
1134950,,False,0,
1134965,,False,0,
1134983,,False,0,
1135001,,False,0,
1135008,,False,0,
1135014,,False,0,
1135044,,False,0,
1135068,,False,0,
1135072,,False,0,
1135073,,False,0,
1135076,,False,0,
1135089,,False,0,
1135237,,False,0,
1135325,,False,0,
1135331,,False,0,
1135332,,False,0,
1135334,,False,0,
1135346,,False,0,
1135411,,False,0,
1135420,,False,0,
1135426,,False,0,
1135427,,False,0,
1135429,,False,0,
1135519,,False,0,
1135649,,False,0,
1135768,,False,0,
1135809,,False,0,
1135819,,False,0,
1135834,,False,0,
1135836,,False,0,
1135848,,False,0,
1135854,,False,0,
1135855,,False,0,
1135857,,False,0,
1135864,,False,0,
1135912,,False,0,
1135917,,False,0,
1135920,,False,0,
1135924,,False,0,
1135925,,False,0,
1135927,,False,0,
1135929,,False,0,
1135952,,False,0,
1136372,,False,0,
1136376,,False,0,
1136568,,False,0,
1136572,,False,0,
1136640,,False,0,
1136646,,False,0,
1136647,,False,0,
1136649,,False,0,
1136651,,False,0,
1136699,,False,0,
1136705,,False,0,
1136907,,False,0,
1136969,,False,0,
1136984,,False,0,
1136988,,False,0,
1137072,,False,0,
1137078,,False,0,
1137079,,False,0,
1137081,,False,0,
1137083,,False,0,
1137127,,False,0,
1137136,,False,0,
1137275,,False,0,
1137310,,False,0,
1137429,,False,0,
1137430,,False,0,
1137470,,False,0,
1137500,,False,0,
1137504,,False,0,
1137854,,False,0,
1137860,,False,0,
1137861,,False,0,
1137863,,False,0,
1137865,,False,0,
1137872,,False,0,
1137896,,False,0,
1137920,,False,0,
1137933,,False,0,
1137956,,False,0,
1138090,,False,0,
1138099,,False,0,
1138298,,False,0,
1138308,,False,0,
1138312,,False,0,
1138320,,False,0,
1138536,,False,0,
1138540,,False,0,
1138544,,False,0,
1138549,,False,0,
1138789,,False,0,
1138846,,False,0,
1138933,,False,0,
1138939,,False,0,
1138940,,False,0,
1138942,,False,0,
1138944,,False,0,
1138957,,False,0,
1138976,,False,0,
1139049,,False,0,
1139056,,False,0,
1139079,,False,0,
1139141,,False,0,
1139151,,False,0,
1139171,,False,0,
1139189,,False,0,
1139214,,False,0,
1139263,,False,0,
1139267,,False,0,
1139275,,False,0,
1139462,,False,0,
1139468,,False,0,
1139470,,False,0,
1139472,,False,0,
1139477,,False,0,
1139482,,False,0,
1139495,,False,0,
1139505,,False,0,
1139512,,False,0,
1139519,,False,0,
1139526,,False,0,
1139533,,False,0,
1139538,,False,0,
1139543,,False,0,
1139550,,False,0,
1139559,,False,0,
1139571,,False,0,
1139576,,False,0,
1139583,,False,0,
1139590,,False,0,
1139595,,False,0,
1139602,,False,0,
1139609,,False,0,
1139616,,False,0,
1139623,,False,0,
1139628,,False,0,
1139633,,False,0,
1139640,,False,0,
1139647,,False,0,
1139652,,False,0,
1139663,,False,0,
1139672,,False,0,
1139681,,False,0,
1139689,,False,0,
1139695,,False,0,
1139702,,False,0,
1139704,,False,0,
1139768,,False,0,
1139821,,False,0,
1139847,,False,0,
1139872,,False,0,
1139924,,False,0,
1139946,,False,0,
1139988,,False,0,
1140016,,False,0,
1140052,,False,0,
1140085,,False,0,
1140133,,False,0,
1140145,,False,0,
1140157,,False,0,
1140186,,False,0,
1140197,,False,0,
1140217,,False,0,
1140243,,False,0,
1140270,,False,0,
1140303,,False,0,
1140325,,False,0,
1140348,,False,0,
1140373,,False,0,
1140382,,False,0,
1140393,,False,0,
1140420,,False,0,
1140442,,False,0,
1140457,,False,0,
1140463,,False,0,
1140467,,False,0,
1140661,,False,0,
1140667,,False,0,
1141087,,False,0,
1141093,,False,0,
1141421,,False,0,
1141433,,False,0,
1141500,,False,0,
1141513,,False,0,
1141537,,False,0,
1141543,,False,0,
1141547,,False,0,
1141553,,False,0,
1141571,,False,0,
1141575,,False,0,
1141578,,False,0,
1141595,,False,0,
1141599,,False,0,
1141634,,False,0,
1141638,,False,0,
1141743,,False,0,
1141749,,False,0,
1142192,,False,0,
1142198,,False,0,
1142199,,False,0,
1142201,,False,0,
1142447,,False,0,
1142462,,False,0,
1142493,,False,0,
1142675,,False,0,
1142681,,False,0,
1142682,,False,0,
1142684,,False,0,
1142722,,False,0,
1142938,,False,0,
1142940,,False,0,
1143066,,False,0,
1143090,,False,0,
1143147,,False,0,
1143154,,False,0,
1143167,,False,0,
1143173,,False,0,
1143174,,False,0,
1143176,,False,0,
1143256,,False,0,
1143533,,False,0,
1143554,,False,0,
1143556,,False,0,
1143578,,False,0,
1143669,,False,0,
1143822,,False,0,
1143836,,False,0,
1143855,,False,0,
1143893,,False,0,
1143960,,False,0,
1143964,,False,0,
1144216,,False,0,
1144223,,False,0,
1144292,,False,0,
1144293,,False,0,
1144300,,False,0,
1144307,,False,0,
1144323,,False,0,
1144361,,False,0,
1144373,,False,0,
1144382,,False,0,
1144385,,False,0,
1144389,,False,0,
1144416,,False,0,
1144442,,False,0,
1144443,,False,0,
1144479,,False,0,
1144485,,False,0,
1144486,,False,0,
1144488,,False,0,
1144557,,False,0,
1144563,,False,0,
1144567,,False,0,
1144568,,False,0,
1144570,,False,0,
1145022,,False,0,
1145057,,False,0,
1145061,,False,0,
1145067,,False,0,
1145151,,False,0,
1145155,,False,0,
1145220,,False,0,
1145282,,False,0,
1145288,,False,0,
1145403,,False,0,
1145409,,False,0,
1145411,,False,0,
1145435,,False,0,
1145464,,False,0,
1145489,,False,0,
1145529,,False,0,
1145577,,False,0,
1145609,,False,0,
1145628,,False,0,
1145644,,False,0,
1145684,,False,0,
1145700,,False,0,
1145734,,False,0,
1145755,,False,0,
1145770,,False,0,
1145790,,False,0,
1145824,,False,0,
1145832,,False,0,
1145848,,False,0,
1145859,,False,0,
1145869,,False,0,
1145883,,False,0,
1145909,,False,0,
1145917,,False,0,
1145926,,False,0,
1145939,,False,0,
1145950,,False,0,
1145980,,False,0,
1145995,,False,0,
1146021,,False,0,
1146025,,False,0,
1146026,,False,0,
1146028,,False,0,
1146105,,False,0,
1146125,,False,0,
1146131,,False,0,
1146143,,False,0,
1146147,,False,0,
1146148,,False,0,
1146150,,False,0,
1146341,,False,0,
1146544,,False,0,
1146564,,False,0,
1146570,,False,0,
1146571,,False,0,
1146573,,False,0,
1146775,,False,0,
1146777,,False,0,
1147112,,False,0,
1147339,,False,0,
1147358,,False,0,
1147364,,False,0,
1147760,,False,0,
1147764,,False,0,
1147765,,False,0,
1147767,,False,0,
1147782,,False,0,
1147854,,False,0,
1147869,,False,0,
1147878,,False,0,
1147882,,False,0,
1147883,,False,0,
1147885,,False,0,
1147895,,False,0,
1148129,,False,0,
1148131,,False,0,
1148257,,False,0,
1148263,,False,0,
1148315,,False,0,
1148323,,False,0,
1148333,,False,0,
1148357,,False,0,
1148363,,False,0,
1148364,,False,0,
1148366,,False,0,
1148389,,False,0,
1148391,,False,0,
1148499,,False,0,
1148549,,False,0,
1148553,,False,0,
1148675,,False,0,
1148681,,False,0,
1148686,,False,0,
1148690,,False,0,
1148691,,False,0,
1148693,,False,0,
1148695,,False,0,
1148930,,False,0,
1148946,,False,0,
1148960,,False,0,
1149007,,False,0,
1149017,,False,0,
1149201,,False,0,
1149209,,False,0,
1149258,,False,0,
1149264,,False,0,
1149306,,False,0,
1149316,,False,0,
1149369,,False,0,
1149440,,False,0,
1149446,,False,0,
1149452,,False,0,
1149453,,False,0,
1149455,,False,0,
1149472,,False,0,
1149547,,False,0,
1149549,,False,0,
1149565,,False,0,
1149587,,False,0,
1149609,,False,0,
1149620,,False,0,
1149665,,False,0,
1149669,,False,0,
1149723,,False,0,
1149729,,False,0,
1149736,,False,0,
1149740,,False,0,
1149741,,False,0,
1149743,,False,0,
1149880,,False,0,
1149978,,False,0,
1149985,,False,0,
1149991,,False,0,
1149992,,False,0,
1149994,,False,0,
1150031,,False,0,
1150099,,False,0,
1150101,,False,0,
1150115,,False,0,
1150599,,False,0,
1150646,,False,0,
1150673,,False,0,
1150679,,False,0,
1150680,,False,0,
1150681,,False,0,
1150683,,False,0,
1150754,,False,0,
1150759,,False,0,
1150798,,False,0,
1150835,,False,0,
1150898,,False,0,
1150904,,False,0,
1150909,,False,0,
1150936,,False,0,
1150941,,False,0,
1150984,,False,0,
1151007,,False,0,
1151049,,False,0,
1151057,,False,0,
1151107,,False,0,
1151208,,False,0,
1151257,,False,0,
1151264,,False,0,
1151322,,False,0,
1151328,,False,0,
1151330,,False,0,
1151351,,False,0,
1151381,,False,0,
1151393,,False,0,
1151425,,False,0,
1151463,,False,0,
1151481,,False,0,
1151514,,False,0,
1151533,,False,0,
1151572,,False,0,
1151595,,False,0,
1151626,,False,0,
1151638,,False,0,
1151660,,False,0,
1151666,,False,0,
1151686,,False,0,
1151713,,False,0,
1151754,,False,0,
1151785,,False,0,
1151827,,False,0,
1151833,,False,0,
1151842,,False,0,
1151879,,False,0,
1151886,,False,0,
1151928,,False,0,
1151940,,False,0,
1151981,,False,0,
1151994,,False,0,
1152045,,False,0,
1152049,,False,0,
1152050,,False,0,
1152052,,False,0,
1152074,,False,0,
1152182,,False,0,
1152259,,False,0,
1152389,,False,0,
1152395,,False,0,
1152399,,False,0,
1152400,,False,0,
1152402,,False,0,
1152404,,False,0,
1152411,,False,0,
1152424,,False,0,
1152429,,False,0,
1152440,,False,0,
1152455,,False,0,
1152457,,False,0,
1152461,,False,0,
1152518,,False,0,
1152530,,False,0,
1152546,,False,0,
1152548,,False,0,
1152550,,False,0,
1152554,,False,0,
1152568,,False,0,
1152591,,False,0,
1152599,,False,0,
1152601,,False,0,
1152624,,False,0,
1152648,,False,0,
1152654,,False,0,
1152655,,False,0,
1152657,,False,0,
1152659,,False,0,
1152686,,False,0,
1152700,,False,0,
1152740,,False,0,
1152783,,False,0,
1152809,,False,0,
1152811,,False,0,
1152939,,False,0,
1152985,,False,0,
1153232,,False,0,
1153285,,False,0,
1153291,,False,0,
1153292,,False,0,
1153294,,False,0,
1153296,,False,0,
1153324,,False,0,
1153480,,False,0,
1153487,,False,0,
1153546,,False,0,
1153548,,False,0,
1153565,,False,0,
1153578,,False,0,
1153592,,False,0,
1153607,,False,0,
1153636,,False,0,
1153645,,False,0,
1153809,,False,0,
1153826,,False,0,
1153843,,False,0,
1153928,,False,0,
1153956,,False,0,
1153960,,False,0,
1153967,,False,0,
1153968,,False,0,
1153978,,False,0,
1153988,,False,0,
1153990,,False,0,
1154005,,False,0,
1154007,,False,0,
1154027,,False,0,
1154031,,False,0,
1154040,,False,0,
1154087,,False,0,
1154146,,False,0,
1154158,,False,0,
1154184,,False,0,
1154232,,False,0,
1154236,,False,0,
1154256,,False,0,
1154275,,False,0,
1154317,,False,0,
1154319,,False,0,
1154337,,False,0,
1154345,,False,0,
1154421,,False,0,
1154428,,False,0,
1154443,,False,0,
1154458,,False,0,
1154479,,False,0,
1154511,,False,0,
1154517,,False,0,
1154518,,False,0,
1154520,,False,0,
1154522,,False,0,
1154542,,False,0,
1154566,,False,0,
1154592,,False,0,
1154609,,False,0,
1154623,,False,0,
1154643,,False,0,
1154645,,False,0,
1154666,,False,0,
1154689,,False,0,
1154696,,False,0,
1154722,,False,0,
1154724,,False,0,
1154735,,False,0,
1155042,,False,0,
1155055,,False,0,
1155138,,False,0,
1155143,,False,0,
1155144,,False,0,
1155150,,False,0,
1155153,,False,0,
1155154,,False,0,
1155156,,False,0,
1155190,,False,0,
1155255,,False,0,
1155351,,False,0,
1155477,,False,0,
1155481,,False,0,
1155483,,False,0,
1155554,,False,0,
1155637,,False,0,
1155643,,False,0,
1155644,,False,0,
1155646,,False,0,
1155648,,False,0,
1155685,,False,0,
1155689,,False,0,
1156164,,False,0,
1156170,,False,0,
1156172,,False,0,
1156177,,False,0,
1156182,,False,0,
1156187,,False,0,
1156192,,False,0,
1156198,,False,0,
1156205,,False,0,
1156210,,False,0,
1156215,,False,0,
1156224,,False,0,
1156231,,False,0,
1156238,,False,0,
1156245,,False,0,
1156252,,False,0,
1156259,,False,0,
1156264,,False,0,
1156271,,False,0,
1156278,,False,0,
1156283,,False,0,
1156290,,False,0,
1156297,,False,0,
1156302,,False,0,
1156307,,False,0,
1156314,,False,0,
1156319,,False,0,
1156328,,False,0,
1156335,,False,0,
1156342,,False,0,
1156347,,False,0,
1156354,,False,0,
1156359,,False,0,
1156366,,False,0,
1156377,,False,0,
1156383,,False,0,
1156391,,False,0,
1156393,,False,0,
1156405,,False,0,
1156442,,False,0,
1156456,,False,0,
1156493,,False,0,
1156536,,False,0,
1156576,,False,0,
1156599,,False,0,
1156613,,False,0,
1156627,,False,0,
1156671,,False,0,
1156709,,False,0,
1156721,,False,0,
1156768,,False,0,
1156782,,False,0,
1156814,,False,0,
1156837,,False,0,
1156886,,False,0,
1156902,,False,0,
1156955,,False,0,
1156974,,False,0,
1156984,,False,0,
1157021,,False,0,
1157030,,False,0,
1157039,,False,0,
1157061,,False,0,
1157082,,False,0,
1157093,,False,0,
1157107,,False,0,
1157121,,False,0,
1157125,,False,0,
1157126,,False,0,
1157128,,False,0,
1157130,,False,0,
1157192,,False,0,
1157196,,False,0,
1157419,,False,0,
1157434,,False,0,
1157608,,False,0,
1157614,,False,0,
1157615,,False,0,
1157617,,False,0,
1157619,,False,0,
1157777,,False,0,
1157783,,False,0,
1157983,,False,0,
1157997,,False,0,
1158131,,False,0,
1158137,,False,0,
1158138,,False,0,
1158140,,False,0,
1158142,,False,0,
1158515,,False,0,
1158525,,False,0,
1158529,,False,0,
1158844,,False,0,
1158852,,False,0,
1159007,,False,0,
1159015,,False,0,
1159154,,False,0,
1159169,,False,0,
1159231,,False,0,
1159237,,False,0,
1159239,,False,0,
1159240,,False,0,
1159242,,False,0,
1159244,,False,0,
1159788,,False,0,
1159796,,False,0,
1159797,,False,0,
1159799,,False,0,
1159803,,False,0,
1159808,,False,0,
1159809,,False,0,
1159811,,False,0,
1159813,,False,0,
1159982,,False,0,
1160005,,False,0,
1160023,,False,0,
1160057,,False,0,
1160363,,False,0,
1160832,,False,0,
1160838,,False,0,
1160839,,False,0,
1160841,,False,0,
1160843,,False,0,
1161237,,False,0,
1161242,,False,0,
1161248,,False,0,
1161259,,False,0,
1161262,,False,0,
1161792,,False,0,
1161798,,False,0,
1161799,,False,0,
1161801,,False,0,
1161803,,False,0,
1162125,,False,0,
1162274,,False,0,
1162303,,False,0,
1162309,,False,0,
1162310,,False,0,
1162312,,False,0,
1162314,,False,0,
1162755,,False,0,
1162827,,False,0,
1162856,,False,0,
1162950,,False,0,
1162959,,False,0,
1163091,,False,0,
1163097,,False,0,
1163098,,False,0,
1163100,,False,0,
1163102,,False,0,
1163430,,False,0,
1163446,,False,0,
1163569,,False,0,
1164217,,False,0,
1164223,,False,0,
1164224,,False,0,
1164226,,False,0,
1164228,,False,0,
1164457,,False,0,
1164672,,False,0,
1164695,,False,0,
1164701,,False,0,
1164704,,False,0,
1164706,,False,0,
1164743,,False,0,
1164764,,False,0,
1164803,,False,0,
1164846,,False,0,
1164906,,False,0,
1164948,,False,0,
1164979,,False,0,
1164997,,False,0,
1165019,,False,0,
1165035,,False,0,
1165074,,False,0,
1165089,,False,0,
1165119,,False,0,
1165133,,False,0,
1165140,,False,0,
1165177,,False,0,
1165198,,False,0,
1165205,,False,0,
1165237,,False,0,
1165253,,False,0,
1165280,,False,0,
1165294,,False,0,
1165306,,False,0,
1165318,,False,0,
1165332,,False,0,
1165365,,False,0,
1165394,,False,0,
1165415,,False,0,
1165419,,False,0,
1165420,,False,0,
1165422,,False,0,
1165424,,False,0,
1165579,,False,0,
1165582,,False,0,
1165769,,False,0,
1165908,,False,0,
1165946,,False,0,
1165952,,False,0,
1165953,,False,0,
1165955,,False,0,
1165957,,False,0,
1166155,,False,0,
1166200,,False,0,
1166276,,False,0,
1166282,,False,0,
1166327,,False,0,
1166367,,False,0,
1166380,,False,0,
1166400,,False,0,
1166419,,False,0,
1166471,,False,0,
1166477,,False,0,
1166480,,False,0,
1166482,,False,0,
1166496,,False,0,
1166498,,False,0,
1166536,,False,0,
1166541,,False,0,
1166557,,False,0,
1166592,,False,0,
1166619,,False,0,
1166672,,False,0,
1166694,,False,0,
1166750,,False,0,
1166777,,False,0,
1166780,,False,0,
1166786,,False,0,
1166903,,False,0,
1166986,,False,0,
1166994,,False,0,
1167003,,False,0,
1167031,,False,0,
1167039,,False,0,
1167044,,False,0,
1167063,,False,0,
1167067,,False,0,
1167078,,False,0,
1167245,,False,0,
1167261,,False,0,
1167282,,False,0,
1167287,,False,0,
1167328,,False,0,
1167405,,False,0,
1167410,,False,0,
1167415,,False,0,
1167425,,False,0,
1167434,,False,0,
1167488,,False,0,
1167493,,False,0,
1167506,,False,0,
1167512,,False,0,
1167513,,False,0,
1167515,,False,0,
1167533,,False,0,
1167625,,False,0,
1167632,,False,0,
1167642,,False,0,
1167643,,False,0,
1167645,,False,0,
1167698,,False,0,
1167885,,False,0,
1167889,,False,0,
1167891,,False,0,
1168036,,False,0,
1168197,,False,0,
1168235,,False,0,
1168322,,False,0,
1168340,,False,0,
1168374,,False,0,
1168414,,False,0,
1168459,,False,0,
1168526,,False,0,
1168533,,False,0,
1168539,,False,0,
1168540,,False,0,
1168542,,False,0,
1168544,,False,0,
1168736,,False,0,
1168809,,False,0,
1168997,,False,0,
1169001,,False,0,
1169112,,False,0,
1169117,,False,0,
1169137,,False,0,
1169254,,False,0,
1169260,,False,0,
1169261,,False,0,
1169263,,False,0,
1169265,,False,0,
1169267,,False,0,
1169448,,False,0,
1169454,,False,0,
1169456,,False,0,
1169457,,False,0,
1169459,,False,0,
1169485,,False,0,
1169608,,False,0,
1169610,,False,0,
1169619,,False,0,
1169634,,False,0,
1169636,,False,0,
1169814,,False,0,
1169824,,False,0,
1169830,,False,0,
1169832,,False,0,
1169837,,False,0,
1169839,,False,0,
1169954,,False,0,
1169974,,False,0,
1169980,,False,0,
1169986,,False,0,
1169989,,False,0,
1169991,,False,0,
1170022,,False,0,
1170063,,False,0,
1170090,,False,0,
1170115,,False,0,
1170133,,False,0,
1170179,,False,0,
1170214,,False,0,
1170240,,False,0,
1170274,,False,0,
1170303,,False,0,
1170316,,False,0,
1170332,,False,0,
1170376,,False,0,
1170382,,False,0,
1170400,,False,0,
1170416,,False,0,
1170453,,False,0,
1170498,,False,0,
1170512,,False,0,
1170528,,False,0,
1170537,,False,0,
1170547,,False,0,
1170562,,False,0,
1170590,,False,0,
1170602,,False,0,
1170609,,False,0,
1170617,,False,0,
1170625,,False,0,
1170629,,False,0,
1170631,,False,0,
1170706,,False,0,
1170846,,False,0,
1170946,,False,0,
1170993,,False,0,
1170995,,False,0,
1171020,,False,0,
1171036,,False,0,
1171052,,False,0,
1171064,,False,0,
1171070,,False,0,
1171076,,False,0,
1171077,,False,0,
1171079,,False,0,
1171178,,False,0,
1171184,,False,0,
1171188,,False,0,
1171189,,False,0,
1171387,,False,0,
1171391,,False,0,
1171392,,False,0,
1171394,,False,0,
1171459,,False,0,
1171470,,False,0,
1171476,,False,0,
1171483,,False,0,
1171484,,False,0,
1171486,,False,0,
1171817,,False,0,
1171836,,False,0,
1171918,,False,0,
1172021,,False,0,
1172027,,False,0,
1172033,,False,0,
1172034,,False,0,
1172036,,False,0,
1172041,,False,0,
1172042,,False,0,
1172043,,False,0,
1172226,,False,0,
1172232,,False,0,
1172233,,False,0,
1172235,,False,0,
1172434,,False,0,
1172674,,False,0,
1173054,,False,0,
1173078,,False,0,
1173109,,False,0,
1173115,,False,0,
1173162,,False,0,
1173186,,False,0,
1173190,,False,0,
1173191,,False,0,
1173193,,False,0,
1173238,,False,0,
1173359,,False,0,
1173365,,False,0,
1173366,,False,0,
1173368,,False,0,
1173375,,False,0,
1173377,,False,0,
1173408,,False,0,
1173409,,False,0,
1173410,,False,0,
1173563,,False,0,
1173572,,False,0,
1173576,,False,0,
1173577,,False,0,
1173579,,False,0,
1173590,,False,0,
1173675,,False,0,
1173679,,False,0,
1173681,,False,0,
1173753,,False,0,
1173767,,False,0,
1173800,,False,0,
1173854,,False,0,
1173856,,False,0,
1173898,,False,0,
1173913,,False,0,
1173918,,False,0,
1174060,,False,0,
1174066,,False,0,
1174067,,False,0,
1174069,,False,0,
1174071,,False,0,
1174113,,False,0,
1174121,,False,0,
1174164,,False,0,
1174165,,False,0,
1174211,,False,0,
1174213,,False,0,
1174219,,False,0,
1174261,,False,0,
1174275,,False,0,
1174279,,False,0,
1174280,,False,0,
1174282,,False,0,
1174309,,False,0,
1174310,,False,0,
1174311,,False,0,
1174333,,False,0,
1174485,,False,0,
1174487,,False,0,
1174571,,False,0,
1174578,,False,0,
1174613,,False,0,
1174620,,False,0,
1174626,,False,0,
1174629,,False,0,
1174630,,False,0,
1175351,,False,0,
1175359,,False,0,
1175360,,False,0,
1175362,,False,0,
1175364,,False,0,
1175367,,False,0,
1175384,,False,0,
1175396,,False,0,
1175406,,False,0,
1175412,,False,0,
1175418,,False,0,
1175419,,False,0,
1175421,,False,0,
1175473,,False,0,
1175580,,False,0,
1175582,,False,0,
1175657,,False,0,
1175663,,False,0,
1175665,,False,0,
1175672,,False,0,
1175679,,False,0,
1175684,,False,0,
1175691,,False,0,
1175696,,False,0,
1175703,,False,0,
1175708,,False,0,
1175717,,False,0,
1175722,,False,0,
1175729,,False,0,
1175736,,False,0,
1175741,,False,0,
1175748,,False,0,
1175753,,False,0,
1175760,,False,0,
1175767,,False,0,
1175772,,False,0,
1175779,,False,0,
1175784,,False,0,
1175789,,False,0,
1175793,,False,0,
1175800,,False,0,
1175805,,False,0,
1175812,,False,0,
1175819,,False,0,
1175826,,False,0,
1175835,,False,0,
1175842,,False,0,
1175849,,False,0,
1175856,,False,0,
1175863,,False,0,
1175870,,False,0,
1175877,,False,0,
1175884,,False,0,
1175891,,False,0,
1175899,,False,0,
1175905,,False,0,
1175907,,False,0,
1175923,,False,0,
1175958,,False,0,
1175986,,False,0,
1176014,,False,0,
1176029,,False,0,
1176050,,False,0,
1176065,,False,0,
1176079,,False,0,
1176130,,False,0,
1176163,,False,0,
1176170,,False,0,
1176216,,False,0,
1176253,,False,0,
1176262,,False,0,
1176270,,False,0,
1176298,,False,0,
1176308,,False,0,
1176357,,False,0,
1176416,,False,0,
1176429,,False,0,
1176478,,False,0,
1176488,,False,0,
1176506,,False,0,
1176516,,False,0,
1176531,,False,0,
1176565,,False,0,
1176587,,False,0,
1176625,,False,0,
1176629,,False,0,
1176630,,False,0,
1176632,,False,0,
1176869,,False,0,
1177039,,False,0,
1177045,,False,0,
1177049,,False,0,
1177050,,False,0,
1177052,,False,0,
1177054,,False,0,
1177079,,False,0,
1177089,,False,0,
1177242,,False,0,
1177248,,False,0,
1177249,,False,0,
1177251,,False,0,
1177253,,False,0,
1177709,,False,0,
1177743,,False,0,
1177749,,False,0,
1177757,,False,0,
1177758,,False,0,
1177760,,False,0,
1177782,,False,0,
1177957,,False,0,
1177961,,False,0,
1177982,,False,0,
1178126,,False,0,
1178128,,False,0,
1178229,,False,0,
1178257,,False,0,
1178263,,False,0,
1178267,,False,0,
1178268,,False,0,
1178270,,False,0,
1178272,,False,0,
1178768,,False,0,
1178845,,False,0,
1178888,,False,0,
1178892,,False,0,
1178920,,False,0,
1178943,,False,0,
1178949,,False,0,
1178950,,False,0,
1178952,,False,0,
1178970,,False,0,
1179047,,False,0,
1179049,,False,0,
1179095,,False,0,
1179110,,False,0,
1179163,,False,0,
1179293,,False,0,
1179313,,False,0,
1179315,,False,0,
1179321,,False,0,
1179322,,False,0,
1179324,,False,0,
1179331,,False,0,
1179364,,False,0,
1179366,,False,0,
1179384,,False,0,
1179405,,False,0,
1179423,,False,0,
1179429,,False,0,
1179430,,False,0,
1179432,,False,0,
1179441,,False,0,
1179485,,False,0,
1179492,,False,0,
1179493,,False,0,
1179495,,False,0,
1179497,,False,0,
1179572,,False,0,
1179597,,False,0,
1179613,,False,0,
1179625,,False,0,
1179686,,False,0,
1179751,,False,0,
1179753,,False,0,
1179770,,False,0,
1179792,,False,0,
1179809,,False,0,
1179815,,False,0,
1179816,,False,0,
1179818,,False,0,
1179820,,False,0,
1179838,,False,0,
1179849,,False,0,
1179885,,False,0,
1179916,,False,0,
1179922,,False,0,
1179947,,False,0,
1179993,,False,0,
1180010,,False,0,
1180016,,False,0,
1180025,,False,0,
1180066,,False,0,
1180137,,False,0,
1180196,,False,0,
1180276,,False,0,
1180278,,False,0,
1180317,,False,0,
1180355,,False,0,
1180465,,False,0,
1180489,,False,0,
1180604,,False,0,
1180661,,False,0,
1180667,,False,0,
1180668,,False,0,
1180670,,False,0,
1180672,,False,0,
1180708,,False,0,
1180736,,False,0,
1180759,,False,0,
1180762,,False,0,
1180849,,False,0,
1180867,,False,0,
1180904,,False,0,
1180908,,False,0,
1180981,,False,0,
1181041,,False,0,
1181047,,False,0,
1181198,,False,0,
1181203,,False,0,
1181253,,False,0,
1181272,,False,0,
1181278,,False,0,
1181279,,False,0,
1181281,,False,0,
1181288,,False,0,
1181332,,False,0,
1181334,,False,0,
1181470,,False,0,
1181474,,False,0,
1181892,,False,0,
1181898,,False,0,
1181899,,False,0,
1181901,,False,0,
1181903,,False,0,
1181969,,False,0,
1182007,,False,0,
1182182,,False,0,
1182268,,False,0,
1182310,,False,0,
1182368,,False,0,
1182371,,False,0,
1182389,,False,0,
1182399,,False,0,
1182401,,False,0,
1182404,,False,0,
1182408,,False,0,
1182467,,False,0,
1182476,,False,0,
1182479,,False,0,
1182506,,False,0,
1182517,,False,0,
1182523,,False,0,
1182524,,False,0,
1182526,,False,0,
1182546,,False,0,
1182621,,False,0,
1182623,,False,0,
1182632,,False,0,
1182778,,False,0,
1183178,,False,0,
1183180,,False,0,
1183186,,False,0,
1183187,,False,0,
1183189,,False,0,
1183191,,False,0,
1183261,,False,0,
1183265,,False,0,
1183468,,False,0,
1183470,,False,0,
1183490,,False,0,
1183562,,False,0,
1183570,,False,0,
1183572,,False,0,
1183598,,False,0,
1183647,,False,0,
1183657,,False,0,
1183676,,False,0,
1183788,,False,0,
1183794,,False,0,
1183796,,False,0,
1183821,,False,0,
1183834,,False,0,
1183851,,False,0,
1183905,,False,0,
1183935,,False,0,
1183941,,False,0,
1183989,,False,0,
1184018,,False,0,
1184038,,False,0,
1184049,,False,0,
1184079,,False,0,
1184114,,False,0,
1184123,,False,0,
1184160,,False,0,
1184174,,False,0,
1184182,,False,0,
1184214,,False,0,
1184237,,False,0,
1184270,,False,0,
1184277,,False,0,
1184287,,False,0,
1184325,,False,0,
1184353,,False,0,
1184369,,False,0,
1184396,,False,0,
1184405,,False,0,
1184424,,False,0,
1184435,,False,0,
1184439,,False,0,
1184440,,False,0,
1184442,,False,0,
1184496,,False,0,
1184718,,False,0,
1184720,,False,0,
1184837,,False,0,
1184970,,False,0,
1184974,,False,0,
1184995,,False,0,
1185031,,False,0,
1185059,,False,0,
1185126,,False,0,
1185131,,False,0,
1185138,,False,0,
1185139,,False,0,
1185141,,False,0,
1185143,,False,0,
1185219,,False,0,
1185227,,False,0,
1185244,,False,0,
1185264,,False,0,
1185301,,False,0,
1185317,,False,0,
1185326,,False,0,
1185676,,False,0,
1185682,,False,0,
1185792,,False,0,
1185798,,False,0,
1185799,,False,0,
1185801,,False,0,
1185819,,False,0,
1185856,,False,0,
1185861,,False,0,
1185865,,False,0,
1185866,,False,0,
1185868,,False,0,
1185870,,False,0,
1185877,,False,0,
1185944,,False,0,
1185979,,False,0,
1186052,,False,0,
1186067,,False,0,
1186069,,False,0,
1186150,,False,0,
1186157,,False,0,
1186249,,False,0,
1186253,,False,0,
1186299,,False,0,
1186325,,False,0,
1186426,,False,0,
1186434,,False,0,
1186485,,False,0,
1186508,,False,0,
1186588,,False,0,
1186708,,False,0,
1186725,,False,0,
1186728,,False,0,
1186828,,False,0,
1186834,,False,0,
1186837,,False,0,
1186838,,False,0,
1186840,,False,0,
1186842,,False,0,
1186954,,False,0,
1186956,,False,0,
1186963,,False,0,
1187019,,False,0,
1187023,,False,0,
1187033,,False,0,
1187112,,False,0,
1187119,,False,0,
1187205,,False,0,
1187209,,False,0,
1187263,,False,0,
1187277,,False,0,
1187357,,False,0,
1187374,,False,0,
1187380,,False,0,
1187381,,False,0,
1187384,,False,0,
1187404,,False,0,
1187418,,False,0,
1187419,,False,0,
1187441,,False,0,
1187536,,False,0,
1187538,,False,0,
1187747,,False,0,
1187829,,False,0,
1187992,,False,0,
1187998,,False,0,
1187999,,False,0,
1188001,,False,0,
1188003,,False,0,
1188260,,False,0,
1188318,,False,0,
1188329,,False,0,
1188338,,False,0,
1188599,,False,0,
1188691,,False,0,
1188996,,False,0,
1189002,,False,0,
1189003,,False,0,
1189005,,False,0,
1189007,,False,0,
1189171,,False,0,
1189223,,False,0,
1189454,,False,0,
1189460,,False,0,
1189461,,False,0,
1189463,,False,0,
1189465,,False,0,
1189625,,False,0,
1189659,,False,0,
1189883,,False,0,
1189887,,False,0,
1189895,,False,0,
1189907,,False,0,
1189915,,False,0,
1189919,,False,0,
1189930,,False,0,
1189974,,False,0,
1190035,,False,0,
1190052,,False,0,
1190069,,False,0,
1190080,,False,0,
1190124,,False,0,
1190138,,False,0,
1190144,,False,0,
1190198,,False,0,
1190206,,False,0,
1190254,,False,0,
1190268,,False,0,
1190344,,False,0,
1190366,,False,0,
1190372,,False,0,
1190374,,False,0,
1190375,,False,0,
1190377,,False,0,
1190404,,False,0,
1190577,,False,0,
1190652,,False,0,
1190654,,False,0,
1190666,,False,0,
1190717,,False,0,
1190762,,False,0,
1191020,,False,0,
1191026,,False,0,
1191027,,False,0,
1191029,,False,0,
1191031,,False,0,
1191046,,False,0,
1191276,,False,0,
1191320,,False,0,
1191370,,False,0,
1191372,,False,0,
1191376,,False,0,
1191527,,False,0,
1191538,,False,0,
1191569,,False,0,
1191575,,False,0,
1191577,,False,0,
1191600,,False,0,
1191603,,False,0,
1191604,,False,0,
1191634,,False,0,
1191649,,False,0,
1191660,,False,0,
1191684,,False,0,
1191700,,False,0,
1191708,,False,0,
1191757,,False,0,
1191787,,False,0,
1191826,,False,0,
1191847,,False,0,
1191900,,False,0,
1191938,,False,0,
1191946,,False,0,
1191959,,False,0,
1191999,,False,0,
1192015,,False,0,
1192050,,False,0,
1192082,,False,0,
1192089,,False,0,
1192126,,False,0,
1192143,,False,0,
1192152,,False,0,
1192164,,False,0,
1192191,,False,0,
1192215,,False,0,
1192224,,False,0,
1192241,,False,0,
1192245,,False,0,
1192246,,False,0,
1192248,,False,0,
1192339,,False,0,
1192352,,False,0,
1192356,,False,0,
1192357,,False,0,
1192359,,False,0,
1192361,,False,0,
1192365,,False,0,
1192378,,False,0,
1192566,,False,0,
1192609,,False,0,
1192632,,False,0,
1192743,,False,0,
1192749,,False,0,
1192750,,False,0,
1192752,,False,0,
1192754,,False,0,
1192775,,False,0,
1192832,,False,0,
1193033,,False,0,
1193062,,False,0,
1193096,,False,0,
1193272,,False,0,
1193309,,False,0,
1193413,,False,0,
1193419,,False,0,
1193422,,False,0,
1193426,,False,0,
1193427,,False,0,
1193429,,False,0,
1193446,,False,0,
1193506,,False,0,
1193512,,False,0,
1193513,,False,0,
1193515,,False,0,
1193522,,False,0,
1193612,,False,0,
1193617,,False,0,
1193623,,False,0,
1193624,,False,0,
1193626,,False,0,
1193664,,False,0,
1193693,,False,0,
1193694,,False,0,
1193770,,False,0,
1193776,,False,0,
1193780,,False,0,
1193781,,False,0,
1193783,,False,0,
1193785,,False,0,
1193863,,False,0,
1193872,,False,0,
1194137,,False,0,
1194148,,False,0,
1194154,,False,0,
1194155,,False,0,
1194157,,False,0,
1194159,,False,0,
1194224,,False,0,
1194232,,False,0,
1194296,,False,0,
1194313,,False,0,
1194319,,False,0,
1194405,,False,0,
1194503,,False,0,
1194546,,False,0,
1194587,,False,0,
1194589,,False,0,
1194602,,False,0,
1194622,,False,0,
1194719,,False,0,
1194729,,False,0,
1194759,,False,0,
1194803,,False,0,
1194809,,False,0,
1194810,,False,0,
1194812,,False,0,
1194817,,False,0,
1194862,,False,0,
1194868,,False,0,
1194869,,False,0,
1194871,,False,0,
1194873,,False,0,
1194875,,False,0,
1194879,,False,0,
1194880,,False,0,
1194882,,False,0,
1194884,,False,0,
1194900,,False,0,
1194926,,False,0,
1195036,,False,0,
1195043,,False,0,
1195144,,False,0,
1195154,,False,0,
1195155,,False,0,
1195157,,False,0,
1195175,,False,0,
1195220,,False,0,
1195222,,False,0,
1195279,,False,0,
1195285,,False,0,
1195286,,False,0,
1195288,,False,0,
1195290,,False,0,
1195347,,False,0,
1195431,,False,0,
1195433,,False,0,
1195467,,False,0,
1195520,,False,0,
1195526,,False,0,
1195532,,False,0,
1195534,,False,0,
1195537,,False,0,
1195538,,False,0,
1195541,,False,0,
1195600,,False,0,
1195826,,False,0,
1195912,,False,0,
1195991,,False,0,
1195994,,False,0,
1196010,,False,0,
1196030,,False,0,
1196160,,False,0,
1196204,,False,0,
1196210,,False,0,
1196211,,False,0,
1196213,,False,0,
1196215,,False,0,
1196224,,False,0,
1196240,,False,0,
1196248,,False,0,
1196253,,False,0,
1196382,,False,0,
1196389,,False,0,
1196410,,False,0,
1196413,,False,0,
1196420,,False,0,
1196503,,False,0,
1196509,,False,0,
1196689,,False,0,
1196702,,False,0,
1196888,,False,0,
1196894,,False,0,
1196897,,False,0,
1196900,,False,0,
1196972,,False,0,
1197017,,False,0,
1197047,,False,0,
1197067,,False,0,
1197104,,False,0,
1197140,,False,0,
1197164,,False,0,
1197199,,False,0,
1197235,,False,0,
1197262,,False,0,
1197297,,False,0,
1197326,,False,0,
1197361,,False,0,
1197413,,False,0,
1197430,,False,0,
1197457,,False,0,
1197504,,False,0,
1197530,,False,0,
1197572,,False,0,
1197623,,False,0,
1197632,,False,0,
1197684,,False,0,
1197736,,False,0,
1197768,,False,0,
1197775,,False,0,
1197813,,False,0,
1197842,,False,0,
1197896,,False,0,
1197900,,False,0,
1197901,,False,0,
1197903,,False,0,
1197905,,False,0,
1197910,,False,0,
1198087,,False,0,
1198091,,False,0,
1198160,,False,0,
1198193,,False,0,
1198305,,False,0,
1198317,,False,0,
1198321,,False,0,
1198485,,False,0,
1198491,,False,0,
1198492,,False,0,
1198494,,False,0,
1198496,,False,0,
1198995,,False,0,
1199185,,False,0,
1199196,,False,0,
1199251,,False,0,
1199257,,False,0,
1199258,,False,0,
1199260,,False,0,
1199268,,False,0,
1199305,,False,0,
1199311,,False,0,
1199312,,False,0,
1199314,,False,0,
1199343,,False,0,
1199415,,False,0,
1199418,,False,0,
1199443,,False,0,
1199449,,False,0,
1199450,,False,0,
1199452,,False,0,
1199463,,False,0,
1199557,,False,0,
1199561,,False,0,
1199567,,False,0,
1199571,,False,0,
1199572,,False,0,
1199574,,False,0,
1199576,,False,0,
1199704,,False,0,
1199716,,False,0,
1199894,,False,0,
1200011,,False,0,
1200018,,False,0,
1200019,,False,0,
1200021,,False,0,
1200023,,False,0,
1200360,,False,0,
1200478,,False,0,
1200507,,False,0,
1200525,,False,0,
1200538,,False,0,
1200612,,False,0,
1200618,,False,0,
1200619,,False,0,
1200621,,False,0,
1200623,,False,0,
1200857,,False,0,
1200861,,False,0,
1200876,,False,0,
1200992,,False,0,
1201003,,False,0,
1201011,,False,0,
1201022,,False,0,
1201161,,False,0,
1201165,,False,0,
1201168,,False,0,
1201650,,False,0,
1201656,,False,0,
1201657,,False,0,
1201659,,False,0,
1201661,,False,0,
1201781,,False,0,
1201820,,False,0,
1201943,,False,0,
1201945,,False,0,
1201994,,False,0,
1201998,,False,0,
1202008,,False,0,
1202090,,False,0,
1202100,,False,0,
1202106,,False,0,
1202113,,False,0,
1202126,,False,0,
1202144,,False,0,
1202151,,False,0,
1202359,,False,0,
1202383,,False,0,
1202410,,False,0,
1202446,,False,0,
1202471,,False,0,
1202608,,False,0,
1202614,,False,0,
1202615,,False,0,
1202617,,False,0,
1202619,,False,0,
1202666,,False,0,
1202766,,False,0,
1202793,,False,0,
1202797,,False,0,
1202831,,False,0,
1202878,,False,0,
1202882,,False,0,
1202892,,False,0,
1202910,,False,0,
1202914,,False,0,
1202918,,False,0,
1202926,,False,0,
1202928,,False,0,
1203088,,False,0,
1203146,,False,0,
1203152,,False,0,
1203153,,False,0,
1203155,,False,0,
1203157,,False,0,
1203168,,False,0,
1203182,,False,0,
1203201,,False,0,
1203203,,False,0,
1203662,,False,0,
1203710,,False,0,
1203714,,False,0,
1203717,,False,0,
1203893,,False,0,
1203896,,False,0,
1203900,,False,0,
1203904,,False,0,
1204082,,False,0,
1204088,,False,0,
1204089,,False,0,
1204091,,False,0,
1204093,,False,0,
1204117,,False,0,
1204295,,False,0,
1204303,,False,0,
1204326,,False,0,
1204328,,False,0,
1204338,,False,0,
1204350,,False,0,
1204384,,False,0,
1204399,,False,0,
1204407,,False,0,
1204411,,False,0,
1204417,,False,0,
1204426,,False,0,
1204462,,False,0,
1204464,,False,0,
1204475,,False,0,
1204579,,False,0,
1204585,,False,0,
1204587,,False,0,
1204613,,False,0,
1204653,,False,0,
1204701,,False,0,
1204723,,False,0,
1204757,,False,0,
1204789,,False,0,
1204798,,False,0,
1204820,,False,0,
1204875,,False,0,
1204886,,False,0,
1204915,,False,0,
1204933,,False,0,
1204957,,False,0,
1204972,,False,0,
1205001,,False,0,
1205009,,False,0,
1205030,,False,0,
1205042,,False,0,
1205056,,False,0,
1205068,,False,0,
1205105,,False,0,
1205144,,False,0,
1205163,,False,0,
1205211,,False,0,
1205224,,False,0,
1205237,,False,0,
1205278,,False,0,
1205323,,False,0,
1205327,,False,0,
1205328,,False,0,
1205330,,False,0,
1205332,,False,0,
1205334,,False,0,
1205341,,False,0,
1205365,,False,0,
1205398,,False,0,
1205410,,False,0,
1205959,,False,0,
1206101,,False,0,
1206107,,False,0,
1206108,,False,0,
1206110,,False,0,
1206112,,False,0,
1206120,,False,0,
1206689,,False,0,
1206706,,False,0,
1206816,,False,0,
1206822,,False,0,
1206823,,False,0,
1206825,,False,0,
1206832,,False,0,
1206867,,False,0,
1206873,,False,0,
1206877,,False,0,
1206878,,False,0,
1206880,,False,0,
1206902,,False,0,
1207002,,False,0,
1207008,,False,0,
1207012,,False,0,
1207013,,False,0,
1207015,,False,0,
1207033,,False,0,
1207178,,False,0,
1207187,,False,0,
1207193,,False,0,
1207194,,False,0,
1207196,,False,0,
1207198,,False,0,
1207225,,False,0,
1207243,,False,0,
1207259,,False,0,
1207263,,False,0,
1207637,,False,0,
1207643,,False,0,
1207644,,False,0,
1207646,,False,0,
1207648,,False,0,
1208158,,False,0,
1208442,,False,0,
1208448,,False,0,
1208449,,False,0,
1208451,,False,0,
1208462,,False,0,
1208511,,False,0,
1208517,,False,0,
1208518,,False,0,
1208520,,False,0,
1208522,,False,0,
1208886,,False,0,
1209401,,False,0,
1209407,,False,0,
1209408,,False,0,
1209410,,False,0,
1209412,,False,0,
1209928,,False,0,
1209940,,False,0,
1210064,,False,0,
1210068,,False,0,
1210069,,False,0,
1210071,,False,0,
1210073,,False,0,
1210144,,False,0,
1210219,,False,0,
1210345,,False,0,
1210359,,False,0,
1210368,,False,0,
1210381,,False,0,
1210385,,False,0,
1210400,,False,0,
1210415,,False,0,
1210507,,False,0,
1210636,,False,0,
1210669,,False,0,
1210695,,False,0,
1210702,,False,0,
1210714,,False,0,
1210727,,False,0,
1210785,,False,0,
1210798,,False,0,
1210804,,False,0,
1210810,,False,0,
1210811,,False,0,
1210813,,False,0,
1211012,,False,0,
1211295,,False,0,
1211299,,False,0,
1211491,,False,0,
1211493,,False,0,
1211762,,False,0,
1211799,,False,0,
1211805,,False,0,
1211806,,False,0,
1211808,,False,0,
1211810,,False,0,
1211828,,False,0,
1212086,,False,0,
1212299,,False,0,
1212306,,False,0,
1212346,,False,0,
1212394,,False,0,
1212410,,False,0,
1212447,,False,0,
1212506,,False,0,
1212512,,False,0,
1212520,,False,0,
1212522,,False,0,
1212559,,False,0,
1212572,,False,0,
1212606,,False,0,
1212669,,False,0,
1212693,,False,0,
1212728,,False,0,
1212772,,False,0,
1212785,,False,0,
1212793,,False,0,
1212811,,False,0,
1212823,,False,0,
1212838,,False,0,
1212875,,False,0,
1212894,,False,0,
1212909,,False,0,
1212941,,False,0,
1212952,,False,0,
1212970,,False,0,
1212998,,False,0,
1213011,,False,0,
1213023,,False,0,
1213048,,False,0,
1213072,,False,0,
1213085,,False,0,
1213091,,False,0,
1213134,,False,0,
1213146,,False,0,
1213154,,False,0,
1213158,,False,0,
1213159,,False,0,
1213161,,False,0,
1213307,,False,0,
1213313,,False,0,
1213326,,False,0,
1213330,,False,0,
1213331,,False,0,
1213333,,False,0,
1213335,,False,0,
1213558,,False,0,
1213564,,False,0,
1213625,,False,0,
1213631,,False,0,
1213632,,False,0,
1213634,,False,0,
1213636,,False,0,
1213856,,False,0,
1213867,,False,0,
1213910,,False,0,
1213914,,False,0,
1214017,,False,0,
1214122,,False,0,
1214137,,False,0,
1214254,,False,0,
1214260,,False,0,
1214261,,False,0,
1214263,,False,0,
1214272,,False,0,
1214333,,False,0,
1214339,,False,0,
1214340,,False,0,
1214342,,False,0,
1214349,,False,0,
1214408,,False,0,
1214410,,False,0,
1214412,,False,0,
1214414,,False,0,
1214420,,False,0,
1214424,,False,0,
1214425,,False,0,
1214427,,False,0,
1214429,,False,0,
1214561,,False,0,
1214566,,False,0,
1214585,,False,0,
1214589,,False,0,
1214590,,False,0,
1214592,,False,0,
1214594,,False,0,
1214816,,False,0,
1214927,,False,0,
1215031,,False,0,
1215038,,False,0,
1215051,,False,0,
1215125,,False,0,
1215131,,False,0,
1215134,,False,0,
1215140,,False,0,
1215141,,False,0,
1215143,,False,0,
1215145,,False,0,
1215498,,False,0,
1215563,,False,0,
1215569,,False,0,
1215629,,False,0,
1215666,,False,0,
1215841,,False,0,
1215867,,False,0,
1215875,,False,0,
1215876,,False,0,
1215878,,False,0,
1215899,,False,0,
1216200,,False,0,
1216202,,False,0,
1216293,,False,0,
1216298,,False,0,
1216702,,False,0,
1216867,,False,0,
1216871,,False,0,
1217023,,False,0,
1217029,,False,0,
1217030,,False,0,
1217032,,False,0,
1217034,,False,0,
1217102,,False,0,
1217112,,False,0,
1217121,,False,0,
1217133,,False,0,
1217168,,False,0,
1217213,,False,0,
1217494,,False,0,
1217621,,False,0,
1217708,,False,0,
1217822,,False,0,
1217837,,False,0,
1217841,,False,0,
1217842,,False,0,
1217844,,False,0,
1217849,,False,0,
1217947,,False,0,
1218255,,False,0,
1218261,,False,0,
1218262,,False,0,
1218264,,False,0,
1218266,,False,0,
1218366,,False,0,
1218382,,False,0,
1218470,,False,0,
1218474,,False,0,
1218563,,False,0,
1218566,,False,0,
1218579,,False,0,
1218647,,False,0,
1218652,,False,0,
1218675,,False,0,
1218691,,False,0,
1218719,,False,0,
1218721,,False,0,
1218731,,False,0,
1218735,,False,0,
1218819,,False,0,
1218833,,False,0,
1218879,,False,0,
1218885,,False,0,
1218886,,False,0,
1218888,,False,0,
1218901,,False,0,
1219090,,False,0,
1219133,,False,0,
1219144,,False,0,
1219571,,False,0,
1219622,,False,0,
1219628,,False,0,
1219934,,False,0,
1219938,,False,0,
1219939,,False,0,
1219940,,False,0,
1219941,,False,0,
1219943,,False,0,
1219945,,False,0,
1219981,,False,0,
1220002,,False,0,
1220016,,False,0,
1220050,,False,0,
1220130,,False,0,
1220187,,False,0,
1220223,,False,0,
1220237,,False,0,
1220248,,False,0,
1220259,,False,0,
1220263,,False,0,
1220302,,False,0,
1220355,,False,0,
1220390,,False,0,
1220392,,False,0,
1220411,,False,0,
1220555,,False,0,
1220995,,False,0,
1221199,,False,0,
1221206,,False,0,
1221287,,False,0,
1221293,,False,0,
1221294,,False,0,
1221296,,False,0,
1221298,,False,0,
1221323,,False,0,
1221357,,False,0,
1221361,,False,0,
1221378,,False,0,
1221382,,False,0,
1221420,,False,0,
1221504,,False,0,
1221535,,False,0,
1221859,,False,0,
1221870,,False,0,
1221902,,False,0,
1221935,,False,0,
1221950,,False,0,
1221960,,False,0,
1222054,,False,0,
1222063,,False,0,
1222150,,False,0,
1222202,,False,0,
1222359,,False,0,
1222378,,False,0,
1222385,,False,0,
1222387,,False,0,
1222390,,False,0,
1222391,,False,0,
1222393,,False,0,
1222508,,False,0,
1222727,,False,0,
1222821,,False,0,
1222825,,False,0,
1222827,,False,0,
1222850,,False,0,
1222981,,False,0,
1222984,,False,0,
1222988,,False,0,
1223039,,False,0,
1223045,,False,0,
1223046,,False,0,
1223048,,False,0,
1223050,,False,0,
1223247,,False,0,
1223551,,False,0,
1223557,,False,0,
1223566,,False,0,
1223568,,False,0,
1223619,,False,0,
1223677,,False,0,
1223709,,False,0,
1223730,,False,0,
1223743,,False,0,
1223758,,False,0,
1223798,,False,0,
1223834,,False,0,
1223843,,False,0,
1223887,,False,0,
1223905,,False,0,
1223933,,False,0,
1223934,,False,0,
1223971,,False,0,
1223986,,False,0,
1224007,,False,0,
1224037,,False,0,
1224052,,False,0,
1224072,,False,0,
1224088,,False,0,
1224105,,False,0,
1224138,,False,0,
1224171,,False,0,
1224180,,False,0,
1224197,,False,0,
1224237,,False,0,
1224249,,False,0,
1224255,,False,0,
1224263,,False,0,
1224267,,False,0,
1224268,,False,0,
1224270,,False,0,
1224278,,False,0,
1224279,,False,0,
1224281,,False,0,
1224340,,False,0,
1224345,,False,0,
1224354,,False,0,
1224787,,False,0,
1224793,,False,0,
1224794,,False,0,
1224796,,False,0,
1224798,,False,0,
1224938,,False,0,
1224952,,False,0,
1225439,,False,0,
1225445,,False,0,
1225447,,False,0,
1225448,,False,0,
1225450,,False,0,
1225452,,False,0,
1225454,,False,0,
1225455,,False,0,
1225457,,False,0,
1225459,,False,0,
1225516,,False,0,
1225615,,False,0,
1225815,,False,0,
1225853,,False,0,
1225862,,False,0,
1225890,,False,0,
1225900,,False,0,
1226126,,False,0,
1226512,,False,0,
1226518,,False,0,
1226519,,False,0,
1226521,,False,0,
1226528,,False,0,
1226529,,False,0,
1226530,,False,0,
1226531,,False,0,
1226703,,False,0,
1226880,,False,0,
1227014,,False,0,
1227018,,False,0,
1227078,,False,0,
1227084,,False,0,
1227086,,False,0,
1227087,,False,0,
1227089,,False,0,
1227092,,False,0,
1227490,,False,0,
1227512,,False,0,
1227593,,False,0,
1227597,,False,0,
1227600,,False,0,
1227987,,False,0,
1227991,,False,0,
1227992,,False,0,
1227993,,False,0,
1227994,,False,0,
1227996,,False,0,
1227998,,False,0,
1228083,,False,0,
1228245,,False,0,
1228519,,False,0,
1228530,,False,0,
1228657,,False,0,
1228661,,False,0,
1228682,,False,0,
1228707,,False,0,
1229026,,False,0,
1229032,,False,0,
1229033,,False,0,
1229035,,False,0,
1229037,,False,0,
1229229,,False,0,
1229235,,False,0,
1229255,,False,0,
1229265,,False,0,
1229475,,False,0,
1229592,,False,0,
1229599,,False,0,
1229604,,False,0,
1229608,,False,0,
1229614,,False,0,
1229615,,False,0,
1229617,,False,0,
1229619,,False,0,
1229621,,False,0,
1229627,,False,0,
1229633,,False,0,
1229646,,False,0,
1229652,,False,0,
1229760,,False,0,
1229780,,False,0,
1229794,,False,0,
1229926,,False,0,
1229952,,False,0,
1230234,,False,0,
1230235,,False,0,
1230435,,False,0,
1230445,,False,0,
1230451,,False,0,
1230452,,False,0,
1230454,,False,0,
1230456,,False,0,
1230493,,False,0,
1230505,,False,0,
1230788,,False,0,
1230801,,False,0,
1230990,,False,0,
1231021,,False,0,
1231034,,False,0,
1231179,,False,0,
1231274,,False,0,
1231319,,False,0,
1231410,,False,0,
1231456,,False,0,
1231538,,False,0,
1231540,,False,0,
1231546,,False,0,
1231547,,False,0,
1231750,,False,0,
1231751,,False,0,
1231790,,False,0,
1232119,,False,0,
1232123,,False,0,
1232125,,False,0,
1232131,,False,0,
1232133,,False,0,
1232141,,False,0,
1232147,,False,0,
1232148,,False,0,
1232150,,False,0,
1232152,,False,0,
1232290,,False,0,
1232314,,False,0,
1232549,,False,0,
1232601,,False,0,
1232630,,False,0,
1232662,,False,0,
1232668,,False,0,
1232671,,False,0,
1232673,,False,0,
1232717,,False,0,
1232742,,False,0,
1232791,,False,0,
1232824,,False,0,
1232868,,False,0,
1232886,,False,0,
1232896,,False,0,
1232926,,False,0,
1232952,,False,0,
1232996,,False,0,
1233020,,False,0,
1233075,,False,0,
1233116,,False,0,
1233149,,False,0,
1233189,,False,0,
1233198,,False,0,
1233222,,False,0,
1233243,,False,0,
1233255,,False,0,
1233267,,False,0,
1233280,,False,0,
1233286,,False,0,
1233319,,False,0,
1233340,,False,0,
1233351,,False,0,
1233363,,False,0,
1233382,,False,0,
1233395,,False,0,
1233399,,False,0,
1233400,,False,0,
1233402,,False,0,
1233404,,False,0,
1233419,,False,0,
1233601,,False,0,
1233614,,False,0,
1233630,,False,0,
1233634,,False,0,
1233664,,False,0,
1233775,,False,0,
1233875,,False,0,
1233933,,False,0,
1233939,,False,0,
1233940,,False,0,
1233942,,False,0,
1233944,,False,0,
1234293,,False,0,
1234314,,False,0,
1234427,,False,0,
1234441,,False,0,
1234445,,False,0,
1234512,,False,0,
1234591,,False,0,
1234599,,False,0,
1234603,,False,0,
1234609,,False,0,
1234610,,False,0,
1234612,,False,0,
1234614,,False,0,
1234656,,False,0,
1235045,,False,0,
1235121,,False,0,
1235125,,False,0,
1235126,,False,0,
1235128,,False,0,
1235162,,False,0,
1235317,,False,0,
1235321,,False,0,
1235400,,False,0,
1235402,,False,0,
1235409,,False,0,
1235415,,False,0,
1235443,,False,0,
1235449,,False,0,
1235450,,False,0,
1235452,,False,0,
1235454,,False,0,
1235792,,False,0,
1235798,,False,0,
1235897,,False,0,
1235903,,False,0,
1235904,,False,0,
1235906,,False,0,
1235908,,False,0,
1235951,,False,0,
1235952,,False,0,
1235953,,False,0,
1235954,,False,0,
1235955,,False,0,
1235956,,False,0,
1235957,,False,0,
1236108,,False,0,
1236328,,False,0,
1236332,,False,0,
1236513,,False,0,
1236519,,False,0,
1236520,,False,0,
1236522,,False,0,
1236524,,False,0,
1236658,,False,0,
1236683,,False,0,
1236692,,False,0,
1236757,,False,0,
1236812,,False,0,
1236828,,False,0,
1236829,,False,0,
1236950,,False,0,
1236955,,False,0,
1236959,,False,0,
1237091,,False,0,
1237142,,False,0,
1237191,,False,0,
1237354,,False,0,
1237360,,False,0,
1237361,,False,0,
1237363,,False,0,
1237365,,False,0,
1237441,,False,0,
1237445,,False,0,
1237550,,False,0,
1237564,,False,0,
1237565,,False,0,
1237618,,False,0,
1237634,,False,0,
1237673,,False,0,
1237797,,False,0,
1237817,,False,0,
1237823,,False,0,
1237825,,False,0,
1237845,,False,0,
1237846,,False,0,
1237848,,False,0,
1237884,,False,0,
1238042,,False,0,
1238120,,False,0,
1238124,,False,0,
1238126,,False,0,
1238201,,False,0,
1238205,,False,0,
1238471,,False,0,
1238549,,False,0,
1238555,,False,0,
1238598,,False,0,
1238603,,False,0,
1238609,,False,0,
1238610,,False,0,
1238612,,False,0,
1238614,,False,0,
1238670,,False,0,
1239000,,False,0,
1239006,,False,0,
1239014,,False,0,
1239016,,False,0,
1239063,,False,0,
1239193,,False,0,
1239202,,False,0,
1239233,,False,0,
1239240,,False,0,
1239258,,False,0,
1239274,,False,0,
1239281,,False,0,
1239295,,False,0,
1239307,,False,0,
1239340,,False,0,
1239358,,False,0,
1239386,,False,0,
1239399,,False,0,
1239417,,False,0,
1239430,,False,0,
1239465,,False,0,
1239472,,False,0,
1239499,,False,0,
1239529,,False,0,
1239533,,False,0,
1239534,,False,0,
1239536,,False,0,
1239703,,False,0,
1239709,,False,0,
1239713,,False,0,
1239714,,False,0,
1239716,,False,0,
1239767,,False,0,
1239941,,False,0,
1240063,,False,0,
1240068,,False,0,
1240074,,False,0,
1240079,,False,0,
1240085,,False,0,
1240091,,False,0,
1240092,,False,0,
1240094,,False,0,
1240106,,False,0,
1240237,,False,0,
1240253,,False,0,
1240259,,False,0,
1240263,,False,0,
1240264,,False,0,
1240266,,False,0,
1240268,,False,0,
1240277,,False,0,
1240291,,False,0,
1240300,,False,0,
1240317,,False,0,
1240323,,False,0,
1240324,,False,0,
1240326,,False,0,
1240328,,False,0,
1240457,,False,0,
1240464,,False,0,
1240551,,False,0,
1240557,,False,0,
1240558,,False,0,
1240560,,False,0,
1240562,,False,0,
1240630,,False,0,
1240637,,False,0,
1240656,,False,0,
1240743,,False,0,
1240816,,False,0,
1240820,,False,0,
1240856,,False,0,
1240870,,False,0,
1240912,,False,0,
1240994,,False,0,
1241001,,False,0,
1241013,,False,0,
1241136,,False,0,
1241179,,False,0,
1241183,,False,0,
1241199,,False,0,
1241362,,False,0,
1241368,,False,0,
1241369,,False,0,
1241371,,False,0,
1241373,,False,0,
1241404,,False,0,
1241414,,False,0,
1241417,,False,0,
1241571,,False,0,
1241594,,False,0,
1241620,,False,0,
1241653,,False,0,
1241671,,False,0,
1241683,,False,0,
1241773,,False,0,
1241779,,False,0,
1241780,,False,0,
1241782,,False,0,
1241851,,False,0,
1242123,,False,0,
1242125,,False,0,
1242160,,False,0,
1242172,,False,0,
1242215,,False,0,
1242323,,False,0,
1242365,,False,0,
1242380,,False,0,
1242393,,False,0,
1242399,,False,0,
1242449,,False,0,
1242463,,False,0,
1242470,,False,0,
1242496,,False,0,
1242500,,False,0,
1242501,,False,0,
1242503,,False,0,
1242588,,False,0,
1242745,,False,0,
1242751,,False,0,
1242752,,False,0,
1242754,,False,0,
1242919,,False,0,
1242930,,False,0,
1242932,,False,0,
1243042,,False,0,
1243146,,False,0,
1243169,,False,0,
1243212,,False,0,
1243241,,False,0,
1243245,,False,0,
1243246,,False,0,
1243248,,False,0,
1243295,,False,0,
1243437,,False,0,
1243790,,False,0,
1243792,,False,0,
1243887,,False,0,
1243959,,False,0,
1243966,,False,0,
1244053,,False,0,
1244057,,False,0,
1244058,,False,0,
1244060,,False,0,
1244129,,False,0,
1244222,,False,0,
1244228,,False,0,
1244229,,False,0,
1244231,,False,0,
1244302,,False,0,
1244396,,False,0,
1244405,,False,0,
1244494,,False,0,
1244500,,False,0,
1244516,,False,0,
1244518,,False,0,
1244567,,False,0,
1244591,,False,0,
1244603,,False,0,
1244639,,False,0,
1244643,,False,0,
1244666,,False,0,
1244777,,False,0,
1244781,,False,0,
1244782,,False,0,
1244787,,False,0,
1244876,,False,0,
1244925,,False,0,
1244931,,False,0,
1244932,,False,0,
1244934,,False,0,
1244936,,False,0,
1244951,,False,0,
1244986,,False,0,
1245087,,False,0,
1245119,,False,0,
1245139,,False,0,
1245143,,False,0,
1245150,,False,0,
1245162,,False,0,
1245167,,False,0,
1245175,,False,0,
1245179,,False,0,
1245260,,False,0,
1245264,,False,0,
1245297,,False,0,
1245327,,False,0,
1245333,,False,0,
1245543,,False,0,
1245549,,False,0,
1245555,,False,0,
1245593,,False,0,
1245597,,False,0,
1245598,,False,0,
1245600,,False,0,
1245602,,False,0,
1245772,,False,0,
1245797,,False,0,
1246003,,False,0,
1246009,,False,0,
1246011,,False,0,
1246012,,False,0,
1246013,,False,0,
1246014,,False,0,
1246015,,False,0,
1246143,,False,0,
1246168,,False,0,
1246172,,False,0,
1246197,,False,0,
1246222,,False,0,
1246243,,False,0,
1246245,,False,0,
1246249,,False,0,
1246251,,False,0,
1246256,,False,0,
1246277,,False,0,
1246293,,False,0,
1246302,,False,0,
1246304,,False,0,
1246313,,False,0,
1246320,,False,0,
1246540,,False,0,
1246546,,False,0,
1246552,,False,0,
1246554,,False,0,
1246585,,False,0,
1246611,,False,0,
1246620,,False,0,
1246654,,False,0,
1246685,,False,0,
1246695,,False,0,
1246702,,False,0,
1246760,,False,0,
1246784,,False,0,
1246796,,False,0,
1246817,,False,0,
1246843,,False,0,
1246866,,False,0,
1246884,,False,0,
1246893,,False,0,
1246902,,False,0,
1246933,,False,0,
1246959,,False,0,
1246982,,False,0,
1246991,,False,0,
1247000,,False,0,
1247010,,False,0,
1247028,,False,0,
1247039,,False,0,
1247049,,False,0,
1247059,,False,0,
1247067,,False,0,
1247086,,False,0,
1247090,,False,0,
1247091,,False,0,
1247093,,False,0,
1247173,,False,0,
1247185,,False,0,
1247189,,False,0,
1247191,,False,0,
1247337,,False,0,
1247511,,False,0,
1247517,,False,0,
1247519,,False,0,
1247822,,False,0,
1247828,,False,0,
1248107,,False,0,
1248111,,False,0,
1248113,,False,0,
1248115,,False,0,
1248190,,False,0,
1248314,,False,0,
1248371,,False,0,
1248377,,False,0,
1248378,,False,0,
1249064,,False,0,
1249068,,False,0,
1249073,,False,0,
1249079,,False,0,
1249789,,False,0,
1249795,,False,0,
1249798,,False,0,
1249835,,False,0,
1249864,,False,0,
1249880,,False,0,
1249925,,False,0,
1249961,,False,0,
1249987,,False,0,
1249998,,False,0,
1250034,,False,0,
1250056,,False,0,
1250069,,False,0,
1250093,,False,0,
1250126,,False,0,
1250159,,False,0,
1250195,,False,0,
1250217,,False,0,
1250247,,False,0,
1250274,,False,0,
1250287,,False,0,
1250297,,False,0,
1250322,,False,0,
1250353,,False,0,
1250399,,False,0,
1250425,,False,0,
1250445,,False,0,
1250452,,False,0,
1250489,,False,0,
1250509,,False,0,
1250536,,False,0,
1250544,,False,0,
1250548,,False,0,
1250550,,False,0,
1250727,,False,0,
1250873,,False,0,
1250887,,False,0,
1250893,,False,0,
1250895,,False,0,
1251337,,False,0,
1251343,,False,0,
1251345,,False,0,
1251347,,False,0,
1251436,,False,0,
1251438,,False,0,
1251464,,False,0,
1251475,,False,0,
1251479,,False,0,
1251504,,False,0,
1251511,,False,0,
1251525,,False,0,
1251727,,False,0,
1251731,,False,0,
1251802,,False,0,
1251887,,False,0,
1251915,,False,0,
1251920,,False,0,
1251924,,False,0,
1251929,,False,0,
1251982,,False,0,
1251983,,False,0,
1252373,,False,0,
1252377,,False,0,
1252382,,False,0,
1252386,,False,0,
1252388,,False,0,
1252390,,False,0,
1252572,,False,0,
1252580,,False,0,
1252680,,False,0,
1252770,,False,0,
1252776,,False,0,
1252778,,False,0,
1252780,,False,0,
1252835,,False,0,
1252852,,False,0,
1252862,,False,0,
1252867,,False,0,
1252913,,False,0,
1252923,,False,0,
1253069,,False,0,
1253073,,False,0,
1253136,,False,0,
1253142,,False,0,
1253144,,False,0,
1253168,,False,0,
1253198,,False,0,
1253218,,False,0,
1253236,,False,0,
1253275,,False,0,
1253302,,False,0,
1253328,,False,0,
1253375,,False,0,
1253419,,False,0,
1253432,,False,0,
1253450,,False,0,
1253476,,False,0,
1253485,,False,0,
1253494,,False,0,
1253505,,False,0,
1253518,,False,0,
1253531,,False,0,
1253544,,False,0,
1253559,,False,0,
1253585,,False,0,
1253628,,False,0,
1253642,,False,0,
1253660,,False,0,
1253690,,False,0,
1253697,,False,0,
1253714,,False,0,
1253721,,False,0,
1253738,,False,0,
1253742,,False,0,
1253743,,False,0,
1253745,,False,0,
1253913,,False,0,
1254116,,False,0,
1254122,,False,0,
1254123,,False,0,
1254125,,False,0,
1254127,,False,0,
1254327,,False,0,
1254373,,False,0,
1254468,,False,0,
1254777,,False,0,
1254783,,False,0,
1254784,,False,0,
1254786,,False,0,
1254838,,False,0,
1254843,,False,0,
1254875,,False,0,
1255186,,False,0,
1255198,,False,0,
1255280,,False,0,
1255286,,False,0,
1255292,,False,0,
1255293,,False,0,
1255295,,False,0,
1255423,,False,0,
1255602,,False,0,
1255912,,False,0,
1256143,,False,0,
1256149,,False,0,
1256150,,False,0,
1256152,,False,0,
1256154,,False,0,
1256305,,False,0,
1256320,,False,0,
1256511,,False,0,
1256541,,False,0,
1256587,,False,0,
1256593,,False,0,
1256594,,False,0,
1256596,,False,0,
1256733,,False,0,
1256991,,False,0,
1257347,,False,0,
1257361,,False,0,
1257412,,False,0,
1257418,,False,0,
1257419,,False,0,
1257421,,False,0,
1257568,,False,0,
1257694,,False,0,
1257701,,False,0,
1257719,,False,0,
1257729,,False,0,
1257933,,False,0,
1257945,,False,0,
1257983,,False,0,
1258351,,False,0,
1258425,,False,0,
1258431,,False,0,
1258432,,False,0,
1258434,,False,0,
1258436,,False,0,
1258626,,False,0,
1258841,,False,0,
1258842,,False,0,
1258939,,False,0,
1258940,,False,0,
1259031,,False,0,
1259044,,False,0,
1259050,,False,0,
1259051,,False,0,
1259305,,False,0,
1259309,,False,0,
1259315,,False,0,
1259316,,False,0,
1259318,,False,0,
1259492,,False,0,
1259496,,False,0,
1259675,,False,0,
1259679,,False,0,
1259893,,False,0,
1259899,,False,0,
1259900,,False,0,
1259902,,False,0,
1260082,,False,0,
1260086,,False,0,
1260446,,False,0,
1260552,,False,0,
1260558,,False,0,
1260559,,False,0,
1260561,,False,0,
1260584,,False,0,
1260634,,False,0,
1260905,,False,0,
1261019,,False,0,
1261025,,False,0,
1261032,,False,0,
1261034,,False,0,
1261080,,False,0,
1261107,,False,0,
1261132,,False,0,
1261147,,False,0,
1261174,,False,0,
1261188,,False,0,
1261222,,False,0,
1261240,,False,0,
1261249,,False,0,
1261261,,False,0,
1261311,,False,0,
1261336,,False,0,
1261366,,False,0,
1261383,,False,0,
1261392,,False,0,
1261444,,False,0,
1261474,,False,0,
1261487,,False,0,
1261523,,False,0,
1261534,,False,0,
1261547,,False,0,
1261554,,False,0,
1261568,,False,0,
1261578,,False,0,
1261596,,False,0,
1261621,,False,0,
1261657,,False,0,
1261667,,False,0,
1261668,,False,0,
1261672,,False,0,
1261673,,False,0,
1261675,,False,0,
1261848,,False,0,
1261961,,False,0,
1261967,,False,0,
1261968,,False,0,
1261970,,False,0,
1261972,,False,0,
1262410,,False,0,
1262421,,False,0,
1262464,,False,0,
1262468,,False,0,
1262522,,False,0,
1262528,,False,0,
1262530,,False,0,
1262577,,False,0,
1262671,,False,0,
1262673,,False,0,
1262688,,False,0,
1262690,,False,0,
1262692,,False,0,
1262768,,False,0,
1262802,,False,0,
1262834,,False,0,
1262970,,False,0,
1262972,,False,0,
1262977,,False,0,
1262980,,False,0,
1262982,,False,0,
1263059,,False,0,
1263579,,False,0,
1263585,,False,0,
1263597,,False,0,
1263601,,False,0,
1263605,,False,0,
1263619,,False,0,
1263621,,False,0,
1263634,,False,0,
1263641,,False,0,
1263647,,False,0,
1263653,,False,0,
1263654,,False,0,
1264128,,False,0,
1264132,,False,0,
1264138,,False,0,
1264139,,False,0,
1264141,,False,0,
1264151,,False,0,
1264155,,False,0,
1264156,,False,0,
1264158,,False,0,
1264169,,False,0,
1264214,,False,0,
1264216,,False,0,
1264508,,False,0,
1264540,,False,0,
1264570,,False,0,
1264607,,False,0,
1264620,,False,0,
1264624,,False,0,
1264626,,False,0,
1264627,,False,0,
1264629,,False,0,
1264641,,False,0,
1264654,,False,0,
1264660,,False,0,
1264661,,False,0,
1264663,,False,0,
1264693,,False,0,
1264695,,False,0,
1264739,,False,0,
1264741,,False,0,
1264752,,False,0,
1264757,,False,0,
1264774,,False,0,
1264776,,False,0,
1264789,,False,0,
1264803,,False,0,
1264807,,False,0,
1264808,,False,0,
1264810,,False,0,
1264843,,False,0,
1264934,,False,0,
1264940,,False,0,
1264942,,False,0,
1264954,,False,0,
1265003,,False,0,
1265041,,False,0,
1265078,,False,0,
1265092,,False,0,
1265130,,False,0,
1265140,,False,0,
1265166,,False,0,
1265211,,False,0,
1265255,,False,0,
1265279,,False,0,
1265315,,False,0,
1265324,,False,0,
1265367,,False,0,
1265407,,False,0,
1265414,,False,0,
1265431,,False,0,
1265442,,False,0,
1265478,,False,0,
1265489,,False,0,
1265500,,False,0,
1265539,,False,0,
1265560,,False,0,
1265567,,False,0,
1265590,,False,0,
1265619,,False,0,
1265649,,False,0,
1265657,,False,0,
1265661,,False,0,
1265662,,False,0,
1265664,,False,0,
1265678,,False,0,
1265829,,False,0,
1265833,,False,0,
1266006,,False,0,
1266011,,False,0,
1266017,,False,0,
1266018,,False,0,
1266020,,False,0,
1266039,,False,0,
1266089,,False,0,
1266206,,False,0,
1266212,,False,0,
1266218,,False,0,
1266219,,False,0,
1266221,,False,0,
1266223,,False,0,
1266350,,False,0,
1266379,,False,0,
1266439,,False,0,
1266487,,False,0,
1266520,,False,0,
1266550,,False,0,
1266606,,False,0,
1266645,,False,0,
1266652,,False,0,
1266671,,False,0,
1266692,,False,0,
1266696,,False,0,
1266816,,False,0,
1266868,,False,0,
1266876,,False,0,
1266882,,False,0,
1266883,,False,0,
1266885,,False,0,
1266892,,False,0,
1266996,,False,0,
1267004,,False,0,
1267028,,False,0,
1267029,,False,0,
1267031,,False,0,
1267094,,False,0,
1267185,,False,0,
1267260,,False,0,
1267285,,False,0,
1267425,,False,0,
1267427,,False,0,
1267525,,False,0,
1267535,,False,0,
1267575,,False,0,
1267618,,False,0,
1267666,,False,0,
1267723,,False,0,
1267735,,False,0,
1267741,,False,0,
1267742,,False,0,
1267882,,False,0,
1267889,,False,0,
1268290,,False,0,
1268294,,False,0,
1268301,,False,0,
1268302,,False,0,
1268304,,False,0,
1268308,,False,0,
1268631,,False,0,
1268645,,False,0,
1268715,,False,0,
1268719,,False,0,
1268795,,False,0,
1268835,,False,0,
1268841,,False,0,
1268842,,False,0,
1268844,,False,0,
1268846,,False,0,
1268912,,False,0,
1268953,,False,0,
1269072,,False,0,
1269149,,False,0,
1269153,,False,0,
1269305,,False,0,
1269311,,False,0,
1269313,,False,0,
1269344,,False,0,
1269367,,False,0,
1269388,,False,0,
1269391,,False,0,
1269392,,False,0,
1269430,,False,0,
1269463,,False,0,
1269479,,False,0,
1269504,,False,0,
1269514,,False,0,
1269541,,False,0,
1269559,,False,0,
1269570,,False,0,
1269590,,False,0,
1269597,,False,0,
1269608,,False,0,
1269654,,False,0,
1269675,,False,0,
1269683,,False,0,
1269712,,False,0,
1269716,,False,0,
1269995,,False,0,
1270001,,False,0,
1270002,,False,0,
1270004,,False,0,
1270006,,False,0,
1270171,,False,0,
1270188,,False,0,
1270199,,False,0,
1270263,,False,0,
1270273,,False,0,
1270315,,False,0,
1270329,,False,0,
1270436,,False,0,
1270443,,False,0,
1270473,,False,0,
1270479,,False,0,
1270481,,False,0,
1270491,,False,0,
1270506,,False,0,
1270543,,False,0,
1270555,,False,0,
1270565,,False,0,
1270574,,False,0,
1270584,,False,0,
1270604,,False,0,
1270615,,False,0,
1270644,,False,0,
1270648,,False,0,
1270649,,False,0,
1270656,,False,0,
1270734,,False,0,
1270783,,False,0,
1270892,,False,0,
1270898,,False,0,
1270902,,False,0,
1270903,,False,0,
1270905,,False,0,
1270913,,False,0,
1270934,,False,0,
1270987,,False,0,
1270997,,False,0,
1271003,,False,0,
1271007,,False,0,
1271008,,False,0,
1271010,,False,0,
1271043,,False,0,
1271207,,False,0,
1271405,,False,0,
1271407,,False,0,
1271513,,False,0,
1271519,,False,0,
1271520,,False,0,
1271522,,False,0,
1271524,,False,0,
1271630,,False,0,
1271683,,False,0,
1271736,,False,0,
1271756,,False,0,
1271785,,False,0,
1271860,,False,0,
1271955,,False,0,
1272008,,False,0,
1272015,,False,0,
1272136,,False,0,
1272188,,False,0,
1272275,,False,0,
1272287,,False,0,
1272293,,False,0,
1272294,,False,0,
1272296,,False,0,
1272298,,False,0,
1272300,,False,0,
1272301,,False,0,
1272303,,False,0,
1272367,,False,0,
1272483,,False,0,
1272487,,False,0,
1272489,,False,0,
1272670,,False,0,
1272681,,False,0,
1272686,,False,0,
1272692,,False,0,
1272693,,False,0,
1272695,,False,0,
1272730,,False,0,
1272911,,False,0,
1273017,,False,0,
1273019,,False,0,
1273093,,False,0,
1273097,,False,0,
1273099,,False,0,
1273145,,False,0,
1273190,,False,0,
1273224,,False,0,
1273228,,False,0,
1273233,,False,0,
1273237,,False,0,
1273239,,False,0,
1273254,,False,0,
1273258,,False,0,
1273259,,False,0,
1273261,,False,0,
1273263,,False,0,
1273271,,False,0,
1273274,,False,0,
1273337,,False,0,
1273339,,False,0,
1273343,,False,0,
1273349,,False,0,
1273433,,False,0,
1273455,,False,0,
1273503,,False,0,
1273505,,False,0,
1273528,,False,0,
1273606,,False,0,
1273617,,False,0,
1273623,,False,0,
1273624,,False,0,
1273983,,False,0,
1273991,,False,0,
1273994,,False,0,
1273998,,False,0,
1274032,,False,0,
1274038,,False,0,
1274040,,False,0,
1274141,,False,0,
1274149,,False,0,
1274151,,False,0,
1274158,,False,0,
1274165,,False,0,
1274170,,False,0,
1274177,,False,0,
1274184,,False,0,
1274193,,False,0,
1274200,,False,0,
1274205,,False,0,
1274210,,False,0,
1274215,,False,0,
1274223,,False,0,
1274231,,False,0,
1274236,,False,0,
1274243,,False,0,
1274250,,False,0,
1274257,,False,0,
1274264,,False,0,
1274269,,False,0,
1274281,,False,0,
1274289,,False,0,
1274294,,False,0,
1274301,,False,0,
1274308,,False,0,
1274313,,False,0,
1274320,,False,0,
1274327,,False,0,
1274334,,False,0,
1274342,,False,0,
1274349,,False,0,
1274357,,False,0,
1274364,,False,0,
1274371,,False,0,
1274379,,False,0,
1274385,,False,0,
1274399,,False,0,
1274406,,False,0,
1274408,,False,0,
1274432,,False,0,
1274448,,False,0,
1274470,,False,0,
1274496,,False,0,
1274514,,False,0,
1274526,,False,0,
1274555,,False,0,
1274575,,False,0,
1274593,,False,0,
1274603,,False,0,
1274629,,False,0,
1274670,,False,0,
1274692,,False,0,
1274712,,False,0,
1274747,,False,0,
1274782,,False,0,
1274803,,False,0,
1274819,,False,0,
1274823,,False,0,
1274824,,False,0,
1274826,,False,0,
1274844,,False,0,
1274853,,False,0,
1274970,,False,0,
1274972,,False,0,
1275023,,False,0,
1275028,,False,0,
1275037,,False,0,
1275041,,False,0,
1275042,,False,0,
1275045,,False,0,
1275071,,False,0,
1275183,,False,0,
1275284,,False,0,
1275290,,False,0,
1275291,,False,0,
1275293,,False,0,
1275295,,False,0,
1275300,,False,0,
1275329,,False,0,
1275333,,False,0,
1275334,,False,0,
1275336,,False,0,
1275379,,False,0,
1275450,,False,0,
1275456,,False,0,
1275603,,False,0,
1275714,,False,0,
1275716,,False,0,
1275866,,False,0,
1275872,,False,0,
1275874,,False,0,
1275883,,False,0,
1275902,,False,0,
1275939,,False,0,
1275953,,False,0,
1275959,,False,0,
1275982,,False,0,
1276019,,False,0,
1276030,,False,0,
1276048,,False,0,
1276056,,False,0,
1276060,,False,0,
1276061,,False,0,
1276063,,False,0,
1276065,,False,0,
1276077,,False,0,
1276657,,False,0,
1276665,,False,0,
1276758,,False,0,
1276762,,False,0,
1276763,,False,0,
1276927,,False,0,
1276931,,False,0,
1276935,,False,0,
1276936,,False,0,
1276938,,False,0,
1276940,,False,0,
1277103,,False,0,
1277244,,False,0,
1277295,,False,0,
1277304,,False,0,
1277310,,False,0,
1277311,,False,0,
1277313,,False,0,
1277340,,False,0,
1277499,,False,0,
1277501,,False,0,
1277554,,False,0,
1277560,,False,0,
1277568,,False,0,
1277574,,False,0,
1277575,,False,0,
1277577,,False,0,
1277738,,False,0,
1277846,,False,0,
1277963,,False,0,
1277965,,False,0,
1278048,,False,0,
1278058,,False,0,
1278161,,False,0,
1278165,,False,0,
1278290,,False,0,
1278296,,False,0,
1278297,,False,0,
1278299,,False,0,
1278301,,False,0,
1278359,,False,0,
1278447,,False,0,
1278473,,False,0,
1278538,,False,0,
1278601,,False,0,
1278645,,False,0,
1278707,,False,0,
1278737,,False,0,
1278738,,False,0,
1278740,,False,0,
1278782,,False,0,
1278955,,False,0,
1278998,,False,0,
1279000,,False,0,
1279408,,False,0,
1279412,,False,0,
1279413,,False,0,
1279415,,False,0,
1279421,,False,0,
1279422,,False,0,
1279518,,False,0,
1279530,,False,0,
1279534,,False,0,
1279577,,False,0,
1279578,,False,0,
1279579,,False,0,
1279580,,False,0,
1279582,,False,0,
1279588,,False,0,
1279589,,False,0,
1279591,,False,0,
1279635,,False,0,
1279639,,False,0,
1279641,,False,0,
1279672,,False,0,
1279673,,False,0,
1279762,,False,0,
1279771,,False,0,
1279788,,False,0,
1279914,,False,0,
1279938,,False,0,
1279966,,False,0,
1280007,,False,0,
1280013,,False,0,
1280021,,False,0,
1280027,,False,0,
1280028,,False,0,
1280030,,False,0,
1280098,,False,0,
1280104,,False,0,
1280107,,False,0,
1280108,,False,0,
1280110,,False,0,
1280130,,False,0,
1280131,,False,0,
1280390,,False,0,
1280395,,False,0,
1280401,,False,0,
1280402,,False,0,
1280404,,False,0,
1280537,,False,0,
1280545,,False,0,
1280549,,False,0,
1280550,,False,0,
1280552,,False,0,
1280581,,False,0,
1280680,,False,0,
1280682,,False,0,
1280776,,False,0,
1280798,,False,0,
1280850,,False,0,
1280870,,False,0,
1280874,,False,0,
1280875,,False,0,
1280877,,False,0,
1280897,,False,0,
1281013,,False,0,
1281015,,False,0,
1281143,,False,0,
1281159,,False,0,
1281167,,False,0,
1281172,,False,0,
1281177,,False,0,
1281179,,False,0,
1281223,,False,0,
1281228,,False,0,
1281229,,False,0,
1281235,,False,0,
1281236,,False,0,
1281238,,False,0,
1281275,,False,0,
1281279,,False,0,
1281330,,False,0,
1281348,,False,0,
1281352,,False,0,
1281353,,False,0,
1281355,,False,0,
1281368,,False,0,
1281450,,False,0,
1281452,,False,0,
1281479,,False,0,
1281549,,False,0,
1281555,,False,0,
1281557,,False,0,
1281579,,False,0,
1281598,,False,0,
1281621,,False,0,
1281661,,False,0,
1281680,,False,0,
1281720,,False,0,
1281750,,False,0,
1281776,,False,0,
1281783,,False,0,
1281811,,False,0,
1281842,,False,0,
1281862,,False,0,
1281908,,False,0,
1281930,,False,0,
1281948,,False,0,
1281963,,False,0,
1282007,,False,0,
1282023,,False,0,
1282027,,False,0,
1282028,,False,0,
1282030,,False,0,
1282032,,False,0,
1282100,,False,0,
1282132,,False,0,
1282142,,False,0,
1282158,,False,0,
1282196,,False,0,
1282246,,False,0,
1282286,,False,0,
1282292,,False,0,
1282293,,False,0,
1282295,,False,0,
1282310,,False,0,
1282431,,False,0,
1282433,,False,0,
1282553,,False,0,
1282557,,False,0,
1282558,,False,0,
1282560,,False,0,
1282572,,False,0,
1282611,,False,0,
1282613,,False,0,
1282614,,False,0,
1282628,,False,0,
1282634,,False,0,
1282636,,False,0,
1282677,,False,0,
1282704,,False,0,
1282712,,False,0,
1282719,,False,0,
1282749,,False,0,
1282764,,False,0,
1282784,,False,0,
1282805,,False,0,
1282814,,False,0,
1282822,,False,0,
1282826,,False,0,
1282827,,False,0,
1282829,,False,0,
1282836,,False,0,
1282935,,False,0,
1282937,,False,0,
1283160,,False,0,
1283164,,False,0,
1283229,,False,0,
1283303,,False,0,
1283356,,False,0,
1283360,,False,0,
1283366,,False,0,
1283370,,False,0,
1283371,,False,0,
1283373,,False,0,
1283418,,False,0,
1283670,,False,0,
1283676,,False,0,
1283677,,False,0,
1283679,,False,0,
1283681,,False,0,
1283778,,False,0,
1283786,,False,0,
1283818,,False,0,
1284033,,False,0,
1284047,,False,0,
1284201,,False,0,
1284207,,False,0,
1284314,,False,0,
1284444,,False,0,
1284454,,False,0,
1284458,,False,0,
1284480,,False,0,
1284580,,False,0,
1284586,,False,0,
1284587,,False,0,
1284589,,False,0,
1284645,,False,0,
1284661,,False,0,
1284786,,False,0,
1284793,,False,0,
1284978,,False,0,
1285070,,False,0,
1285071,,False,0,
1285072,,False,0,
1285128,,False,0,
1285135,,False,0,
1285139,,False,0,
1285140,,False,0,
1285142,,False,0,
1285343,,False,0,
1285356,,False,0,
1285574,,False,0,
1285580,,False,0,
1285581,,False,0,
1285583,,False,0,
1285585,,False,0,
1285967,,False,0,
1285986,,False,0,
1286012,,False,0,
1286023,,False,0,
1286270,,False,0,
1286297,,False,0,
1286311,,False,0,
1286441,,False,0,
1286480,,False,0,
1286638,,False,0,
1286675,,False,0,
1286788,,False,0,
1286861,,False,0,
1286935,,False,0,
1286941,,False,0,
1286942,,False,0,
1286944,,False,0,
1286954,,False,0,
1287037,,False,0,
1287039,,False,0,
1287126,,False,0,
1287143,,False,0,
1287158,,False,0,
1287176,,False,0,
1287212,,False,0,
1287216,,False,0,
1287264,,False,0,
1287273,,False,0,
1287274,,False,0,
1287276,,False,0,
1287358,,False,0,
1287361,,False,0,
1287364,,False,0,
1287372,,False,0,
1287378,,False,0,
1287384,,False,0,
1287385,,False,0,
1287387,,False,0,
1287566,,False,0,
1287908,,False,0,
1287914,,False,0,
1287916,,False,0,
1287923,,False,0,
1287928,,False,0,
1287935,,False,0,
1287942,,False,0,
1287949,,False,0,
1287953,,False,0,
1287964,,False,0,
1287969,,False,0,
1287978,,False,0,
1287985,,False,0,
1287994,,False,0,
1287999,,False,0,
1288004,,False,0,
1288013,,False,0,
1288020,,False,0,
1288027,,False,0,
1288034,,False,0,
1288043,,False,0,
1288054,,False,0,
1288061,,False,0,
1288068,,False,0,
1288073,,False,0,
1288078,,False,0,
1288085,,False,0,
1288092,,False,0,
1288099,,False,0,
1288106,,False,0,
1288113,,False,0,
1288120,,False,0,
1288127,,False,0,
1288134,,False,0,
1288141,,False,0,
1288148,,False,0,
1288155,,False,0,
1288163,,False,0,
1288169,,False,0,
1288171,,False,0,
1288226,,False,0,
1288274,,False,0,
1288326,,False,0,
1288358,,False,0,
1288394,,False,0,
1288418,,False,0,
1288458,,False,0,
1288478,,False,0,
1288522,,False,0,
1288554,,False,0,
1288597,,False,0,
1288651,,False,0,
1288667,,False,0,
1288693,,False,0,
1288710,,False,0,
1288743,,False,0,
1288771,,False,0,
1288779,,False,0,
1288783,,False,0,
1288784,,False,0,
1288806,,False,0,
1288981,,False,0,
1289096,,False,0,
1289118,,False,0,
1289119,,False,0,
1289121,,False,0,
1289135,,False,0,
1289201,,False,0,
1289210,,False,0,
1289214,,False,0,
1289215,,False,0,
1289217,,False,0,
1289232,,False,0,
1289287,,False,0,
1289293,,False,0,
1289299,,False,0,
1289301,,False,0,
1289311,,False,0,
1289319,,False,0,
1289329,,False,0,
1289344,,False,0,
1289361,,False,0,
1289385,,False,0,
1289396,,False,0,
1289412,,False,0,
1289434,,False,0,
1289476,,False,0,
1289480,,False,0,
1289497,,False,0,
1289501,,False,0,
1289514,,False,0,
1289515,,False,0,
1289517,,False,0,
1289530,,False,0,
1289566,,False,0,
1289571,,False,0,
1289577,,False,0,
1289578,,False,0,
1289580,,False,0,
1289667,,False,0,
1289671,,False,0,
1289721,,False,0,
1289722,,False,0,
1289895,,False,0,
1289899,,False,0,
1289900,,False,0,
1289902,,False,0,
1289904,,False,0,
1289920,,False,0,
1289921,,False,0,
1290259,,False,0,
1290357,,False,0,
1290362,,False,0,
1290368,,False,0,
1290370,,False,0,
1290400,,False,0,
1290433,,False,0,
1290460,,False,0,
1290513,,False,0,
1290548,,False,0,
1290622,,False,0,
1290664,,False,0,
1290683,,False,0,
1290738,,False,0,
1290750,,False,0,
1290753,,False,0,
1290771,,False,0,
1290833,,False,0,
1290847,,False,0,
1290884,,False,0,
1290896,,False,0,
1290911,,False,0,
1290947,,False,0,
1290972,,False,0,
1290976,,False,0,
1290977,,False,0,
1290979,,False,0,
1291003,,False,0,
1291011,,False,0,
1291013,,False,0,
1291014,,False,0,
1291016,,False,0,
1291256,,False,0,
1291502,,False,0,
1291891,,False,0,
1291897,,False,0,
1291903,,False,0,
1291905,,False,0,
1291922,,False,0,
1291939,,False,0,
1291961,,False,0,
1291980,,False,0,
1292007,,False,0,
1292025,,False,0,
1292076,,False,0,
1292102,,False,0,
1292130,,False,0,
1292153,,False,0,
1292157,,False,0,
1292158,,False,0,
1292160,,False,0,
1292173,,False,0,
1292276,,False,0,
1292284,,False,0,
1292288,,False,0,
1292294,,False,0,
1292295,,False,0,
1292775,,False,0,
1292779,,False,0,
1292786,,False,0,
1292788,,False,0,
1292829,,False,0,
1292854,,False,0,
1292897,,False,0,
1292942,,False,0,
1292978,,False,0,
1293029,,False,0,
1293040,,False,0,
1293073,,False,0,
1293104,,False,0,
1293141,,False,0,
1293187,,False,0,
1293201,,False,0,
1293226,,False,0,
1293241,,False,0,
1293296,,False,0,
1293309,,False,0,
1293317,,False,0,
1293359,,False,0,
1293363,,False,0,
1293365,,False,0,
1293587,,False,0,
1293847,,False,0,
1293854,,False,0,
1293932,,False,0,
1294102,,False,0,
1294108,,False,0,
1294110,,False,0,
1294119,,False,0,
1294145,,False,0,
1294161,,False,0,
1294179,,False,0,
1294199,,False,0,
1294250,,False,0,
1294285,,False,0,
1294351,,False,0,
1294382,,False,0,
1294392,,False,0,
1294396,,False,0,
1294679,,False,0,
1294683,,False,0,
1294829,,False,0,
1294841,,False,0,
1294925,,False,0,
1294945,,False,0,
1295072,,False,0,
1295078,,False,0,
1295122,,False,0,
1295213,,False,0,
1295219,,False,0,
1295220,,False,0,
1295222,,False,0,
1295247,,False,0,
1295296,,False,0,
1295305,,False,0,
1295306,,False,0,
1295308,,False,0,
1295315,,False,0,
1295395,,False,0,
1295397,,False,0,
1295409,,False,0,
1295410,,False,0,
1295474,,False,0,
1295491,,False,0,
1295499,,False,0,
1295511,,False,0,
1295518,,False,0,
1295554,,False,0,
1295558,,False,0,
1295559,,False,0,
1295561,,False,0,
1295648,,False,0,
1295654,,False,0,
1295655,,False,0,
1295657,,False,0,
1295701,,False,0,
1295718,,False,0,
1295724,,False,0,
1295725,,False,0,
1295727,,False,0,
1295743,,False,0,
1295792,,False,0,
1295794,,False,0,
1295848,,False,0,
1295864,,False,0,
1295866,,False,0,
1295880,,False,0,
1295928,,False,0,
1295946,,False,0,
1295954,,False,0,
1295960,,False,0,
1295966,,False,0,
1296105,,False,0,
1296106,,False,0,
1296110,,False,0,
1296160,,False,0,
1296216,,False,0,
1296222,,False,0,
1296223,,False,0,
1296225,,False,0,
1296249,,False,0,
1296322,,False,0,
1296324,,False,0,
1296398,,False,0,
1296406,,False,0,
1296584,,False,0,
1296604,,False,0,
1296606,,False,0,
1296645,,False,0,
1296746,,False,0,
1296752,,False,0,
1296753,,False,0,
1296755,,False,0,
1296757,,False,0,
1296807,,False,0,
1296813,,False,0,
1296831,,False,0,
1296859,,False,0,
1296863,,False,0,
1296867,,False,0,
1296907,,False,0,
1296918,,False,0,
1296948,,False,0,
1296955,,False,0,
1297014,,False,0,
1297051,,False,0,
1297077,,False,0,
1297096,,False,0,
1297135,,False,0,
1297138,,False,0,
1297167,,False,0,
1297229,,False,0,
1297235,,False,0,
1297237,,False,0,
1297261,,False,0,
1297283,,False,0,
1297317,,False,0,
1297368,,False,0,
1297413,,False,0,
1297459,,False,0,
1297494,,False,0,
1297541,,False,0,
1297572,,False,0,
1297581,,False,0,
1297604,,False,0,
1297643,,False,0,
1297652,,False,0,
1297695,,False,0,
1297729,,False,0,
1297753,,False,0,
1297779,,False,0,
1297786,,False,0,
1297817,,False,0,
1297821,,False,0,
1297822,,False,0,
1297824,,False,0,
1297826,,False,0,
1297913,,False,0,
1297925,,False,0,
1297954,,False,0,
1297956,,False,0,
1297982,,False,0,
1297984,,False,0,
1298001,,False,0,
1298088,,False,0,
1298117,,False,0,
1298134,,False,0,
1298238,,False,0,
1298242,,False,0,
1298257,,False,0,
1298307,,False,0,
1298317,,False,0,
1298319,,False,0,
1298352,,False,0,
1298431,,False,0,
1298437,,False,0,
1298438,,False,0,
1298440,,False,0,
1298442,,False,0,
1298485,,False,0,
1298487,,False,0,
1298518,,False,0,
1298530,,False,0,
1298532,,False,0,
1298546,,False,0,
1298551,,False,0,
1298560,,False,0,
1298562,,False,0,
1298613,,False,0,
1298685,,False,0,
1298698,,False,0,
1298704,,False,0,
1298706,,False,0,
1298734,,False,0,
1298761,,False,0,
1298787,,False,0,
1298815,,False,0,
1298845,,False,0,
1298873,,False,0,
1298895,,False,0,
1298916,,False,0,
1298932,,False,0,
1298945,,False,0,
1298949,,False,0,
1298950,,False,0,
1298952,,False,0,
1299015,,False,0,
1299315,,False,0,
1299317,,False,0,
1299337,,False,0,
1299344,,False,0,
1299703,,False,0,
1299729,,False,0,
1299755,,False,0,
1299760,,False,0,
1299888,,False,0,
1299894,,False,0,
1299895,,False,0,
1299897,,False,0,
1299899,,False,0,
1299994,,False,0,
1299999,,False,0,
1300658,,False,0,
1300690,,False,0,
1300696,,False,0,
1300697,,False,0,
1300699,,False,0,
1300706,,False,0,
1300746,,False,0,
1300748,,False,0,
1300749,,False,0,
1300752,,False,0,
1300760,,False,0,
1300761,,False,0,
1300763,,False,0,
1300765,,False,0,
1300792,,False,0,
1300809,,False,0,
1301025,,False,0,
1301047,,False,0,
1301055,,False,0,
1301116,,False,0,
1301124,,False,0,
1301204,,False,0,
1301234,,False,0,
1301235,,False,0,
1301237,,False,0,
1301250,,False,0,
1301322,,False,0,
1301324,,False,0,
1301629,,False,0,
1301635,,False,0,
1301636,,False,0,
1301638,,False,0,
1301640,,False,0,
1301807,,False,0,
1301874,,False,0,
1301925,,False,0,
1301945,,False,0,
1301996,,False,0,
1302005,,False,0,
1302049,,False,0,
1302118,,False,0,
1302121,,False,0,
1302152,,False,0,
1302168,,False,0,
1302169,,False,0,
1302171,,False,0,
1302188,,False,0,
1302194,,False,0,
1302196,,False,0,
1302203,,False,0,
1302208,,False,0,
1302213,,False,0,
1302220,,False,0,
1302227,,False,0,
1302234,,False,0,
1302241,,False,0,
1302249,,False,0,
1302253,,False,0,
1302260,,False,0,
1302265,,False,0,
1302274,,False,0,
1302279,,False,0,
1302286,,False,0,
1302296,,False,0,
1302303,,False,0,
1302308,,False,0,
1302313,,False,0,
1302320,,False,0,
1302327,,False,0,
1302332,,False,0,
1302339,,False,0,
1302352,,False,0,
1302359,,False,0,
1302366,,False,0,
1302373,,False,0,
1302380,,False,0,
1302387,,False,0,
1302394,,False,0,
1302401,,False,0,
1302406,,False,0,
1302414,,False,0,
1302420,,False,0,
1302425,,False,0,
1303659,,False,0,
1303663,,False,0,
1303664,,False,0,
1303666,,False,0,
1303872,,False,0,
1303888,,False,0,
1303892,,False,0,
1303893,,False,0,
1303896,,False,0,
1303914,,False,0,
1303920,,False,0,
1303921,,False,0,
1303923,,False,0,
1303924,,False,0,
1303997,,False,0,
1303999,,False,0,
1304367,,False,0,
1304373,,False,0,
1304375,,False,0,
1304413,,False,0,
1304440,,False,0,
1304473,,False,0,
1304495,,False,0,
1304537,,False,0,
1304587,,False,0,
1304642,,False,0,
1304650,,False,0,
1304671,,False,0,
1304713,,False,0,
1304717,,False,0,
1304718,,False,0,
1304720,,False,0,
1304722,,False,0,
1304779,,False,0,
1304781,,False,0,
1304822,,False,0,
1304830,,False,0,
1304848,,False,0,
1304916,,False,0,
1304935,,False,0,
1304995,,False,0,
1304999,,False,0,
1305001,,False,0,
1305017,,False,0,
1305041,,False,0,
1305089,,False,0,
1305117,,False,0,
1305121,,False,0,
1305122,,False,0,
1305124,,False,0,
1305142,,False,0,
1305230,,False,0,
1305232,,False,0,
1305245,,False,0,
1305247,,False,0,
1305268,,False,0,
1305276,,False,0,
1305278,,False,0,
1305292,,False,0,
1305380,,False,0,
1305392,,False,0,
1305412,,False,0,
1305415,,False,0,
1305433,,False,0,
1305451,,False,0,
1305461,,False,0,
1305492,,False,0,
1305500,,False,0,
1305516,,False,0,
1305561,,False,0,
1305588,,False,0,
1305597,,False,0,
1305625,,False,0,
1305637,,False,0,
1305643,,False,0,
1305644,,False,0,
1305646,,False,0,
1305652,,False,0,
1305691,,False,0,
1305847,,False,0,
1305851,,False,0,
1305853,,False,0,
1306164,,False,0,
1306170,,False,0,
1306171,,False,0,
1306173,,False,0,
1306175,,False,0,
1306415,,False,0,
1306446,,False,0,
1306516,,False,0,
1306617,,False,0,
1306655,,False,0,
1306679,,False,0,
1306813,,False,0,
1306881,,False,0,
1306893,,False,0,
1306952,,False,0,
1307005,,False,0,
1307007,,False,0,
1307026,,False,0,
1307045,,False,0,
1307058,,False,0,
1307110,,False,0,
1307116,,False,0,
1307117,,False,0,
1307119,,False,0,
1307121,,False,0,
1307234,,False,0,
1307272,,False,0,
1307274,,False,0,
1307356,,False,0,
1307444,,False,0,
1307447,,False,0,
1307491,,False,0,
1307510,,False,0,
1307514,,False,0,
1307522,,False,0,
1307550,,False,0,
1307612,,False,0,
1307617,,False,0,
1307728,,False,0,
1307737,,False,0,
1307743,,False,0,
1307759,,False,0,
1307763,,False,0,
1307766,,False,0,
1307801,,False,0,
1307804,,False,0,
1307842,,False,0,
1307856,,False,0,
1307867,,False,0,
1307883,,False,0,
1307894,,False,0,
1307911,,False,0,
1307915,,False,0,
1307976,,False,0,
1307986,,False,0,
1307990,,False,0,
1307991,,False,0,
1307993,,False,0,
1308008,,False,0,
1308061,,False,0,
1308067,,False,0,
1308068,,False,0,
1308070,,False,0,
1308094,,False,0,
1308096,,False,0,
1308238,,False,0,
1308286,,False,0,
1308290,,False,0,
1308294,,False,0,
1308312,,False,0,
1308321,,False,0,
1308338,,False,0,
1308346,,False,0,
1308349,,False,0,
1308368,,False,0,
1308374,,False,0,
1308375,,False,0,
1308377,,False,0,
1308386,,False,0,
1308406,,False,0,
1308412,,False,0,
1308418,,False,0,
1308419,,False,0,
1308884,,False,0,
1308888,,False,0,
1308894,,False,0,
1308896,,False,0,
1308924,,False,0,
1308954,,False,0,
1308983,,False,0,
1308998,,False,0,
1309012,,False,0,
1309029,,False,0,
1309066,,False,0,
1309109,,False,0,
1309130,,False,0,
1309155,,False,0,
1309184,,False,0,
1309197,,False,0,
1309221,,False,0,
1309239,,False,0,
1309266,,False,0,
1309283,,False,0,
1309316,,False,0,
1309333,,False,0,
1309337,,False,0,
1309338,,False,0,
1309340,,False,0,
1309347,,False,0,
1309389,,False,0,
1309403,,False,0,
1309404,,False,0,
1309405,,False,0,
1309406,,False,0,
1309428,,False,0,
1309437,,False,0,
1309441,,False,0,
1309442,,False,0,
1309444,,False,0,
1309479,,False,0,
1309597,,False,0,
1309599,,False,0,
1309610,,False,0,
1309798,,False,0,
1309843,,False,0,
1309850,,False,0,
1309851,,False,0,
1309855,,False,0,
1309857,,False,0,
1309876,,False,0,
1309919,,False,0,
1309966,,False,0,
1309987,,False,0,
1309997,,False,0,
1310113,,False,0,
1310158,,False,0,
1310160,,False,0,
1310162,,False,0,
1310199,,False,0,
1310201,,False,0,
1310206,,False,0,
1310288,,False,0,
1310360,,False,0,
1310362,,False,0,
1310375,,False,0,
1310379,,False,0,
1310396,,False,0,
1310437,,False,0,
1310443,,False,0,
1310445,,False,0,
1310461,,False,0,
1310478,,False,0,
1310499,,False,0,
1310506,,False,0,
1310529,,False,0,
1310548,,False,0,
1310559,,False,0,
1310575,,False,0,
1310612,,False,0,
1310622,,False,0,
1310626,,False,0,
1310627,,False,0,
1310629,,False,0,
1310631,,False,0,
1310875,,False,0,
1310877,,False,0,
1310909,,False,0,
1310913,,False,0,
1310932,,False,0,
1310944,,False,0,
1311010,,False,0,
1311023,,False,0,
1311034,,False,0,
1311074,,False,0,
1311150,,False,0,
1311164,,False,0,
1311170,,False,0,
1311172,,False,0,
1311174,,False,0,
1311181,,False,0,
1311188,,False,0,
1311193,,False,0,
1311198,,False,0,
1311203,,False,0,
1311210,,False,0,
1311217,,False,0,
1311224,,False,0,
1311229,,False,0,
1311238,,False,0,
1311243,,False,0,
1311252,,False,0,
1311256,,False,0,
1311263,,False,0,
1311270,,False,0,
1311277,,False,0,
1311284,,False,0,
1311291,,False,0,
1311300,,False,0,
1311305,,False,0,
1311312,,False,0,
1311319,,False,0,
1311324,,False,0,
1311331,,False,0,
1311337,,False,0,
1311344,,False,0,
1311349,,False,0,
1311356,,False,0,
1311363,,False,0,
1311368,,False,0,
1311377,,False,0,
1311391,,False,0,
1311398,,False,0,
1311405,,False,0,
1311413,,False,0,
1311419,,False,0,
1311426,,False,0,
1311428,,False,0,
1311441,,False,0,
1311490,,False,0,
1311547,,False,0,
1311563,,False,0,
1311590,,False,0,
1311639,,False,0,
1311664,,False,0,
1311695,,False,0,
1311719,,False,0,
1311745,,False,0,
1311761,,False,0,
1311785,,False,0,
1311817,,False,0,
1311826,,False,0,
1311833,,False,0,
1311856,,False,0,
1311881,,False,0,
1311889,,False,0,
1311893,,False,0,
1311894,,False,0,
1311896,,False,0,
1311925,,False,0,
1311994,,False,0,
1311999,,False,0,
1312001,,False,0,
1312138,,False,0,
1312139,,False,0,
1312140,,False,0,
1312141,,False,0,
1312142,,False,0,
1312275,,False,0,
1312284,,False,0,
1312288,,False,0,
1312334,,False,0,
1312358,,False,0,
1312372,,False,0,
1312384,,False,0,
1312412,,False,0,
1312416,,False,0,
1312422,,False,0,
1312423,,False,0,
1312425,,False,0,
1312427,,False,0,
1312463,,False,0,
1312478,,False,0,
1312503,,False,0,
1312512,,False,0,
1312521,,False,0,
1312547,,False,0,
1312556,,False,0,
1312659,,False,0,
1312705,,False,0,
1312709,,False,0,
1312726,,False,0,
1312800,,False,0,
1312814,,False,0,
1312928,,False,0,
1312983,,False,0,
1312989,,False,0,
1312991,,False,0,
1313006,,False,0,
1313044,,False,0,
1313059,,False,0,
1313082,,False,0,
1313100,,False,0,
1313107,,False,0,
1313126,,False,0,
1313141,,False,0,
1313173,,False,0,
1313203,,False,0,
1313207,,False,0,
1313208,,False,0,
1313210,,False,0,
1313212,,False,0,
1313225,,False,0,
1313230,,False,0,
1313255,,False,0,
1313257,,False,0,
1313274,,False,0,
1313301,,False,0,
1313310,,False,0,
1313425,,False,0,
1313428,,False,0,
1313455,,False,0,
1313474,,False,0,
1313479,,False,0,
1313481,,False,0,
1313500,,False,0,
1313504,,False,0,
1313548,,False,0,
1313562,,False,0,
1313628,,False,0,
1313638,,False,0,
1313796,,False,0,
1313903,,False,0,
1313909,,False,0,
1313913,,False,0,
1313914,,False,0,
1313916,,False,0,
1313929,,False,0,
1314002,,False,0,
1314004,,False,0,
1314197,,False,0,
1314273,,False,0,
1314284,,False,0,
1314290,,False,0,
1314357,,False,0,
1314429,,False,0,
1314435,,False,0,
1314500,,False,0,
1314557,,False,0,
1314563,,False,0,
1314565,,False,0,
1314574,,False,0,
1314581,,False,0,
1314588,,False,0,
1314597,,False,0,
1314604,,False,0,
1314611,,False,0,
1314621,,False,0,
1314628,,False,0,
1314635,,False,0,
1314642,,False,0,
1314649,,False,0,
1314658,,False,0,
1314669,,False,0,
1314678,,False,0,
1314690,,False,0,
1314695,,False,0,
1314704,,False,0,
1314711,,False,0,
1314720,,False,0,
1314724,,False,0,
1314738,,False,0,
1314745,,False,0,
1314750,,False,0,
1314757,,False,0,
1314764,,False,0,
1314771,,False,0,
1314778,,False,0,
1314785,,False,0,
1314792,,False,0,
1314797,,False,0,
1314804,,False,0,
1314811,,False,0,
1314817,,False,0,
1314823,,False,0,
1314825,,False,0,
1314843,,False,0,
1314880,,False,0,
1314912,,False,0,
1314968,,False,0,
1315002,,False,0,
1315025,,False,0,
1315092,,False,0,
1315141,,False,0,
1315149,,False,0,
1315171,,False,0,
1315193,,False,0,
1315204,,False,0,
1315232,,False,0,
1315257,,False,0,
1315300,,False,0,
1315318,,False,0,
1315326,,False,0,
1315356,,False,0,
1315360,,False,0,
1315612,,False,0,
1315616,,False,0,
1315720,,False,0,
1315726,,False,0,
1315774,,False,0,
1316196,,False,0,
1316202,,False,0,
1316204,,False,0,
1316239,,False,0,
1316284,,False,0,
1316313,,False,0,
1316344,,False,0,
1316351,,False,0,
1316372,,False,0,
1316395,,False,0,
1316407,,False,0,
1316427,,False,0,
1316439,,False,0,
1316443,,False,0,
1316713,,False,0,
1316717,,False,0,
1316725,,False,0,
1316755,,False,0,
1316855,,False,0,
1316861,,False,0,
1316913,,False,0,
1316964,,False,0,
1316970,,False,0,
1316971,,False,0,
1316973,,False,0,
1317003,,False,0,
1317114,,False,0,
1317116,,False,0,
1317179,,False,0,
1317226,,False,0,
1317277,,False,0,
1317292,,False,0,
1317293,,False,0,
1317294,,False,0,
1317299,,False,0,
1317409,,False,0,
1317414,,False,0,
1317423,,False,0,
1317424,,False,0,
1317426,,False,0,
1317446,,False,0,
1317497,,False,0,
1317508,,False,0,
1317512,,False,0,
1317513,,False,0,
1317515,,False,0,
1317534,,False,0,
1317560,,False,0,
1317566,,False,0,
1317568,,False,0,
1317569,,False,0,
1317571,,False,0,
1317619,,False,0,
1317623,,False,0,
1317625,,False,0,
1317870,,False,0,
1317879,,False,0,
1317907,,False,0,
1317911,,False,0,
1317942,,False,0,
1318022,,False,0,
1318038,,False,0,
1318078,,False,0,
1318095,,False,0,
1318096,,False,0,
1318098,,False,0,
1318116,,False,0,
1318153,,False,0,
1318155,,False,0,
1318232,,False,0,
1318245,,False,0,
1318267,,False,0,
1318293,,False,0,
1318305,,False,0,
1318311,,False,0,
1318312,,False,0,
1318314,,False,0,
1318334,,False,0,
1318378,,False,0,
1318386,,False,0,
1318414,,False,0,
1318476,,False,0,
1318507,,False,0,
1318528,,False,0,
1318571,,False,0,
1318582,,False,0,
1318635,,False,0,
1318640,,False,0,
1318664,,False,0,
1318678,,False,0,
1318683,,False,0,
1318684,,False,0,
1318686,,False,0,
1318718,,False,0,
1318730,,False,0,
1318736,,False,0,
1318738,,False,0,
1318743,,False,0,
1318750,,False,0,
1318757,,False,0,
1318762,,False,0,
1318767,,False,0,
1318774,,False,0,
1318779,,False,0,
1318801,,False,0,
1318821,,False,0,
1318834,,False,0,
1318845,,False,0,
1318852,,False,0,
1318859,,False,0,
1318866,,False,0,
1318875,,False,0,
1318880,,False,0,
1318891,,False,0,
1318900,,False,0,
1318907,,False,0,
1318912,,False,0,
1318924,,False,0,
1318933,,False,0,
1318940,,False,0,
1318947,,False,0,
1318954,,False,0,
1318959,,False,0,
1318968,,False,0,
1318973,,False,0,
1318978,,False,0,
1318985,,False,0,
1318994,,False,0,
1319000,,False,0,
1319002,,False,0,
1319012,,False,0,
1319029,,False,0,
1319067,,False,0,
1319086,,False,0,
1319132,,False,0,
1319165,,False,0,
1319187,,False,0,
1319197,,False,0,
1319239,,False,0,
1319270,,False,0,
1319294,,False,0,
1319313,,False,0,
1319323,,False,0,
1319334,,False,0,
1319347,,False,0,
1319374,,False,0,
1319393,,False,0,
1319400,,False,0,
1319404,,False,0,
1319405,,False,0,
1319407,,False,0,
1319415,,False,0,
1319498,,False,0,
1319500,,False,0,
1320091,,False,0,
1320100,,False,0,
1320123,,False,0,
1320126,,False,0,
1320129,,False,0,
1320133,,False,0,
1320134,,False,0,
1320135,,False,0,
1320136,,False,0,
1320139,,False,0,
1320140,,False,0,
1320146,,False,0,
1320152,,False,0,
1320153,,False,0,
1320155,,False,0,
1320167,,False,0,
1320274,,False,0,
1320276,,False,0,
1320386,,False,0,
1320424,,False,0,
1320472,,False,0,
1320474,,False,0,
1320476,,False,0,
1320480,,False,0,
1320483,,False,0,
1320489,,False,0,
1320495,,False,0,
1320497,,False,0,
1320536,,False,0,
1320548,,False,0,
1320554,,False,0,
1320566,,False,0,
1320591,,False,0,
1320598,,False,0,
1320638,,False,0,
1320649,,False,0,
1320680,,False,0,
1320700,,False,0,
1320704,,False,0,
1320705,,False,0,
1320725,,False,0,
1320726,,False,0,
1320738,,False,0,
1320962,,False,0,
1321006,,False,0,
1321010,,False,0,
1321053,,False,0,
1321066,,False,0,
1321070,,False,0,
1321092,,False,0,
1321107,,False,0,
1321393,,False,0,
1321449,,False,0,
1321489,,False,0,
1321535,,False,0,
1321551,,False,0,
1321621,,False,0,
1321693,,False,0,
1321744,,False,0,
1321775,,False,0,
1321779,,False,0,
1321794,,False,0,
1321804,,False,0,
1321859,,False,0,
1321868,,False,0,
1321872,,False,0,
1321882,,False,0,
1321946,,False,0,
1321957,,False,0,
1322003,,False,0,
1322037,,False,0,
1322070,,False,0,
1322073,,False,0,
1322125,,False,0,
1322183,,False,0,
1322228,,False,0,
1322234,,False,0,
1322240,,False,0,
1322241,,False,0,
1322243,,False,0,
1322272,,False,0,
1322364,,False,0,
1322366,,False,0,
1322459,,False,0,
1322496,,False,0,
1322533,,False,0,
1322576,,False,0,
1322587,,False,0,
1322596,,False,0,
1322602,,False,0,
1322603,,False,0,
1322605,,False,0,
1322620,,False,0,
1322708,,False,0,
1322710,,False,0,
1322722,,False,0,
1322930,,False,0,
1322934,,False,0,
1322938,,False,0,
1322970,,False,0,
1322980,,False,0,
1323040,,False,0,
1323046,,False,0,
1323103,,False,0,
1323105,,False,0,
1323128,,False,0,
1323132,,False,0,
1323146,,False,0,
1323148,,False,0,
1323163,,False,0,
1323202,,False,0,
1323211,,False,0,
1323218,,False,0,
1323219,,False,0,
1323221,,False,0,
1323237,,False,0,
1323285,,False,0,
1323287,,False,0,
1323449,,False,0,
1323556,,False,0,
1323561,,False,0,
1323563,,False,0,
1323573,,False,0,
1323665,,False,0,
1323722,,False,0,
1323736,,False,0,
1323741,,False,0,
1323746,,False,0,
1323832,,False,0,
1323836,,False,0,
1323838,,False,0,
1323924,,False,0,
1323975,,False,0,
1324020,,False,0,
1324026,,False,0,
1324028,,False,0,
1324029,,False,0,
1324031,,False,0,
1324038,,False,0,
1324100,,False,0,
1324104,,False,0,
1324110,,False,0,
1324111,,False,0,
1324113,,False,0,
1324122,,False,0,
1324162,,False,0,
1324173,,False,0,
1324177,,False,0,
1324178,,False,0,
1324180,,False,0,
1324297,,False,0,
1324502,,False,0,
1324529,,False,0,
1324535,,False,0,
1324536,,False,0,
1324538,,False,0,
1324638,,False,0,
1324640,,False,0,
1324688,,False,0,
1325023,,False,0,
1325029,,False,0,
1325031,,False,0,
1325038,,False,0,
1325047,,False,0,
1325056,,False,0,
1325063,,False,0,
1325070,,False,0,
1325077,,False,0,
1325084,,False,0,
1325091,,False,0,
1325098,,False,0,
1325107,,False,0,
1325114,,False,0,
1325119,,False,0,
1325126,,False,0,
1325133,,False,0,
1325142,,False,0,
1325149,,False,0,
1325154,,False,0,
1325161,,False,0,
1325170,,False,0,
1325177,,False,0,
1325186,,False,0,
1325195,,False,0,
1325202,,False,0,
1325209,,False,0,
1325216,,False,0,
1325223,,False,0,
1325230,,False,0,
1325235,,False,0,
1325242,,False,0,
1325250,,False,0,
1325256,,False,0,
1325258,,False,0,
1325304,,False,0,
1325325,,False,0,
1325333,,False,0,
1325365,,False,0,
1325378,,False,0,
1325407,,False,0,
1325435,,False,0,
1325449,,False,0,
1325459,,False,0,
1325506,,False,0,
1325527,,False,0,
1325577,,False,0,
1325593,,False,0,
1325627,,False,0,
1325653,,False,0,
1325670,,False,0,
1325697,,False,0,
1325710,,False,0,
1325714,,False,0,
1326517,,False,0,
1326519,,False,0,
1326524,,False,0,
1326530,,False,0,
1326531,,False,0,
1326533,,False,0,
1326536,,False,0,
1326551,,False,0,
1326568,,False,0,
1326569,,False,0,
1326570,,False,0,
1326595,,False,0,
1326596,,False,0,
1326626,,False,0,
1326748,,False,0,
1326766,,False,0,
1326774,,False,0,
1326781,,False,0,
1326808,,False,0,
1326812,,False,0,
1326943,,False,0,
1327015,,False,0,
1327021,,False,0,
1327026,,False,0,
1327028,,False,0,
1327048,,False,0,
1327065,,False,0,
1327096,,False,0,
1327121,,False,0,
1327142,,False,0,
1327191,,False,0,
1327199,,False,0,
1327245,,False,0,
1327282,,False,0,
1327307,,False,0,
1327311,,False,0,
1327410,,False,0,
1327414,,False,0,
1327415,,False,0,
1327417,,False,0,
1327419,,False,0,
1327808,,False,0,
1327816,,False,0,
1327876,,False,0,
1327962,,False,0,
1327974,,False,0,
1327978,,False,0,
1328038,,False,0,
1328059,,False,0,
1328136,,False,0,
1328167,,False,0,
1328170,,False,0,
1328314,,False,0,
1328320,,False,0,
1328321,,False,0,
1328323,,False,0,
1328325,,False,0,
1328414,,False,0,
1328447,,False,0,
1328453,,False,0,
1328455,,False,0,
1328466,,False,0,
1328476,,False,0,
1328524,,False,0,
1328588,,False,0,
1328800,,False,0,
1328816,,False,0,
1328820,,False,0,
1328845,,False,0,
1328929,,False,0,
1328933,,False,0,
1328939,,False,0,
1328940,,False,0,
1328942,,False,0,
1328961,,False,0,
1329037,,False,0,
1329060,,False,0,
1329061,,False,0,
1329063,,False,0,
1329079,,False,0,
1329149,,False,0,
1329151,,False,0,
1329366,,False,0,
1329514,,False,0,
1329516,,False,0,
1329568,,False,0,
1329580,,False,0,
1329586,,False,0,
1329587,,False,0,
1329589,,False,0,
1329591,,False,0,
1329927,,False,0,
1329947,,False,0,
1329950,,False,0,
1330000,,False,0,
1330011,,False,0,
1330026,,False,0,
1330108,,False,0,
1330200,,False,0,
1330215,,False,0,
1330216,,False,0,
1330218,,False,0,
1330229,,False,0,
1330275,,False,0,
1330279,,False,0,
1330281,,False,0,
1330298,,False,0,
1330308,,False,0,
1330322,,False,0,
1330333,,False,0,
1330375,,False,0,
1330398,,False,0,
1330401,,False,0,
1330435,,False,0,
1330442,,False,0,
1330451,,False,0,
1330452,,False,0,
1330454,,False,0,
1330479,,False,0,
1330556,,False,0,
1330562,,False,0,
1330563,,False,0,
1330566,,False,0,
1330698,,False,0,
1330700,,False,0,
1330728,,False,0,
1330753,,False,0,
1330757,,False,0,
1330905,,False,0,
1330977,,False,0,
1331054,,False,0,
1331075,,False,0,
1331086,,False,0,
1331095,,False,0,
1331104,,False,0,
1331129,,False,0,
1331154,,False,0,
1331213,,False,0,
1331217,,False,0,
1331234,,False,0,
1331250,,False,0,
1331282,,False,0,
1331287,,False,0,
1331291,,False,0,
1331337,,False,0,
1331349,,False,0,
1331350,,False,0,
1331401,,False,0,
1331407,,False,0,
1331408,,False,0,
1331410,,False,0,
1331412,,False,0,
1331446,,False,0,
1331454,,False,0,
1331467,,False,0,
1331490,,False,0,
1331499,,False,0,
1331573,,False,0,
1331611,,False,0,
1331625,,False,0,
1331699,,False,0,
1331703,,False,0,
1331733,,False,0,
1331756,,False,0,
1331789,,False,0,
1331796,,False,0,
1331808,,False,0,
1331875,,False,0,
1331917,,False,0,
1331923,,False,0,
1331924,,False,0,
1331926,,False,0,
1331928,,False,0,
1331954,,False,0,
1331959,,False,0,
1331965,,False,0,
1331966,,False,0,
1331968,,False,0,
1331983,,False,0,
1332051,,False,0,
1332053,,False,0,
1332170,,False,0,
1332172,,False,0,
1332181,,False,0,
1332185,,False,0,
1332186,,False,0,
1332188,,False,0,
1332204,,False,0,
1332307,,False,0,
1332309,,False,0,
1332325,,False,0,
1332327,,False,0,
1332334,,False,0,
1332341,,False,0,
1332349,,False,0,
1332426,,False,0,
1332455,,False,0,
1332461,,False,0,
1332462,,False,0,
1332464,,False,0,
1332466,,False,0,
1332489,,False,0,
1332504,,False,0,
1332517,,False,0,
1332519,,False,0,
1332529,,False,0,
1332531,,False,0,
1332545,,False,0,
1332569,,False,0,
1332594,,False,0,
1332617,,False,0,
1332619,,False,0,
1332636,,False,0,
1332638,,False,0,
1332654,,False,0,
1332656,,False,0,
1332661,,False,0,
1332673,,False,0,
1332694,,False,0,
1332696,,False,0,
1332702,,False,0,
1332704,,False,0,
1332709,,False,0,
1332713,,False,0,
1332720,,False,0,
1332722,,False,0,
1332830,,False,0,
1332841,,False,0,
1332853,,False,0,
1332860,,False,0,
1332862,,False,0,
1332946,,False,0,
1332948,,False,0,
1333092,,False,0,
1333097,,False,0,
1333103,,False,0,
1333105,,False,0,
1333152,,False,0,
1333189,,False,0,
1333224,,False,0,
1333262,,False,0,
1333294,,False,0,
1333310,,False,0,
1333336,,False,0,
1333363,,False,0,
1333394,,False,0,
1333414,,False,0,
1333457,,False,0,
1333479,,False,0,
1333488,,False,0,
1333527,,False,0,
1333554,,False,0,
1333605,,False,0,
1333653,,False,0,
1333665,,False,0,
1333669,,False,0,
1333670,,False,0,
1333674,,False,0,
1333832,,False,0,
1333838,,False,0,
1333849,,False,0,
1333853,,False,0,
1333854,,False,0,
1333856,,False,0,
1333866,,False,0,
1333956,,False,0,
1333962,,False,0,
1333973,,False,0,
1333974,,False,0,
1333976,,False,0,
1334009,,False,0,
1334210,,False,0,
1334258,,False,0,
1334264,,False,0,
1334265,,False,0,
1334267,,False,0,
1334389,,False,0,
1334394,,False,0,
1334410,,False,0,
1334411,,False,0,
1334412,,False,0,
1334413,,False,0,
1334417,,False,0,
1334467,,False,0,
1334600,,False,0,
1334602,,False,0,
1334712,,False,0,
1334718,,False,0,
1334720,,False,0,
1334730,,False,0,
1334750,,False,0,
1334775,,False,0,
1334788,,False,0,
1334808,,False,0,
1334852,,False,0,
1334867,,False,0,
1334887,,False,0,
1334935,,False,0,
1334976,,False,0,
1334980,,False,0,
1334981,,False,0,
1334984,,False,0,
1334985,,False,0,
1334987,,False,0,
1334989,,False,0,
1335013,,False,0,
1335020,,False,0,
1335033,,False,0,
1335035,,False,0,
1335046,,False,0,
1335073,,False,0,
1335075,,False,0,
1335079,,False,0,
1335081,,False,0,
1335156,,False,0,
1335211,,False,0,
1335276,,False,0,
1335277,,False,0,
1335278,,False,0,
1335279,,False,0,
1335282,,False,0,
1335362,,False,0,
1335373,,False,0,
1335418,,False,0,
1335433,,False,0,
1335435,,False,0,
1335452,,False,0,
1335454,,False,0,
1335474,,False,0,
1335513,,False,0,
1335519,,False,0,
1335523,,False,0,
1335524,,False,0,
1335526,,False,0,
1335539,,False,0,
1335630,,False,0,
1335632,,False,0,
1335808,,False,0,
1335834,,False,0,
1335908,,False,0,
1335914,,False,0,
1335920,,False,0,
1335922,,False,0,
1335929,,False,0,
1335936,,False,0,
1335945,,False,0,
1335950,,False,0,
1335957,,False,0,
1335964,,False,0,
1335969,,False,0,
1335976,,False,0,
1335983,,False,0,
1335990,,False,0,
1335997,,False,0,
1336005,,False,0,
1336016,,False,0,
1336033,,False,0,
1336042,,False,0,
1336054,,False,0,
1336062,,False,0,
1336069,,False,0,
1336081,,False,0,
1336086,,False,0,
1336094,,False,0,
1336098,,False,0,
1336103,,False,0,
1336110,,False,0,
1336117,,False,0,
1336124,,False,0,
1336131,,False,0,
1336143,,False,0,
1336150,,False,0,
1336157,,False,0,
1336165,,False,0,
1336171,,False,0,
1336174,,False,0,
1336176,,False,0,
1336226,,False,0,
1336245,,False,0,
1336265,,False,0,
1336341,,False,0,
1336350,,False,0,
1336393,,False,0,
1336430,,False,0,
1336478,,False,0,
1336509,,False,0,
1336542,,False,0,
1336556,,False,0,
1336585,,False,0,
1336625,,False,0,
1336663,,False,0,
1336713,,False,0,
1336720,,False,0,
1336743,,False,0,
1336760,,False,0,
1336764,,False,0,
1336765,,False,0,
1336767,,False,0,
1336778,,False,0,
1336920,,False,0,
1337059,,False,0,
1337061,,False,0,
1337124,,False,0,
1337360,,False,0,
1337364,,False,0,
1337398,,False,0,
1337410,,False,0,
1337416,,False,0,
1337422,,False,0,
1337423,,False,0,
1337425,,False,0,
1337427,,False,0,
1337431,,False,0,
1337534,,False,0,
1337557,,False,0,
1337623,,False,0,
1337725,,False,0,
1337804,,False,0,
1337812,,False,0,
1337847,,False,0,
1337933,,False,0,
1337939,,False,0,
1337941,,False,0,
1337969,,False,0,
1337997,,False,0,
1338008,,False,0,
1338027,,False,0,
1338037,,False,0,
1338048,,False,0,
1338059,,False,0,
1338090,,False,0,
1338101,,False,0,
1338113,,False,0,
1338117,,False,0,
1338118,,False,0,
1338120,,False,0,
1338122,,False,0,
1338185,,False,0,
1338196,,False,0,
1338270,,False,0,
1338289,,False,0,
1338337,,False,0,
1338435,,False,0,
1338443,,False,0,
1338444,,False,0,
1338451,,False,0,
1338518,,False,0,
1338520,,False,0,
1338561,,False,0,
1338607,,False,0,
1338618,,False,0,
1338626,,False,0,
1338659,,False,0,
1338722,,False,0,
1338728,,False,0,
1338750,,False,0,
1338811,,False,0,
1338822,,False,0,
1338838,,False,0,
1338846,,False,0,
1338854,,False,0,
1338919,,False,0,
1338943,,False,0,
1338947,,False,0,
1338953,,False,0,
1338970,,False,0,
1338988,,False,0,
1338998,,False,0,
1339003,,False,0,
1339013,,False,0,
1339017,,False,0,
1339057,,False,0,
1339072,,False,0,
1339095,,False,0,
1339108,,False,0,
1339121,,False,0,
1339128,,False,0,
1339156,,False,0,
1339173,,False,0,
1339182,,False,0,
1339200,,False,0,
1339206,,False,0,
1339213,,False,0,
1339230,,False,0,
1339236,,False,0,
1339237,,False,0,
1339239,,False,0,
1339243,,False,0,
1339259,,False,0,
1339325,,False,0,
1339335,,False,0,
1339336,,False,0,
1339338,,False,0,
1339354,,False,0,
1339462,,False,0,
1339464,,False,0,
1339546,,False,0,
1339557,,False,0,
1339604,,False,0,
1339606,,False,0,
1339608,,False,0,
1339618,,False,0,
1339624,,False,0,
1339625,,False,0,
1339628,,False,0,
1339754,,False,0,
1339843,,False,0,
1339849,,False,0,
1339850,,False,0,
1339852,,False,0,
1339859,,False,0,
1339943,,False,0,
1339945,,False,0,
1340072,,False,0,
1340101,,False,0,
1340154,,False,0,
1340166,,False,0,
1340172,,False,0,
1340174,,False,0,
1340179,,False,0,
1340186,,False,0,
1340191,,False,0,
1340198,,False,0,
1340207,,False,0,
1340215,,False,0,
1340221,,False,0,
1340228,,False,0,
1340237,,False,0,
1340242,,False,0,
1340251,,False,0,
1340258,,False,0,
1340263,,False,0,
1340270,,False,0,
1340277,,False,0,
1340284,,False,0,
1340293,,False,0,
1340302,,False,0,
1340308,,False,0,
1340316,,False,0,
1340321,,False,0,
1340328,,False,0,
1340335,,False,0,
1340344,,False,0,
1340353,,False,0,
1340360,,False,0,
1340365,,False,0,
1340372,,False,0,
1340379,,False,0,
1340387,,False,0,
1340393,,False,0,
1340395,,False,0,
1340406,,False,0,
1340430,,False,0,
1340475,,False,0,
1340519,,False,0,
1340535,,False,0,
1340566,,False,0,
1340594,,False,0,
1340626,,False,0,
1340658,,False,0,
1340675,,False,0,
1340696,,False,0,
1340722,,False,0,
1340738,,False,0,
1340767,,False,0,
1340788,,False,0,
1340812,,False,0,
1340822,,False,0,
1340839,,False,0,
1340847,,False,0,
1340851,,False,0,
1341041,,False,0,
1341045,,False,0,
1341073,,False,0,
1341074,,False,0,
1341176,,False,0,
1341182,,False,0,
1341276,,False,0,
1341594,,False,0,
1341600,,False,0,
1341607,,False,0,
1341629,,False,0,
1341652,,False,0,
1341693,,False,0,
1341739,,False,0,
1341753,,False,0,
1341800,,False,0,
1341863,,False,0,
1341897,,False,0,
1341914,,False,0,
1341932,,False,0,
1341936,,False,0,
1342031,,False,0,
1342131,,False,0,
1342150,,False,0,
1342154,,False,0,
1342259,,False,0,
1342328,,False,0,
1342334,,False,0,
1342382,,False,0,
1342512,,False,0,
1342518,,False,0,
1342519,,False,0,
1342521,,False,0,
1342611,,False,0,
1342685,,False,0,
1342686,,False,0,
1342759,,False,0,
1342761,,False,0,
1343010,,False,0,
1343023,,False,0,
1343024,,False,0,
1343133,,False,0,
1343134,,False,0,
1343344,,False,0,
1343395,,False,0,
1343401,,False,0,
1343402,,False,0,
1343404,,False,0,
1343406,,False,0,
1343451,,False,0,
1343465,,False,0,
1343540,,False,0,
1343566,,False,0,
1343686,,False,0,
1343699,,False,0,
1343729,,False,0,
1343746,,False,0,
1343783,,False,0,
1343784,,False,0,
1343811,,False,0,
1343815,,False,0,
1343816,,False,0,
1343818,,False,0,
1343871,,False,0,
1343994,,False,0,
1343996,,False,0,
1344487,,False,0,
1344509,,False,0,
1344527,,False,0,
1344531,,False,0,
1344574,,False,0,
1344579,,False,0,
1344609,,False,0,
1344615,,False,0,
1344616,,False,0,
1344618,,False,0,
1344620,,False,0,
1344739,,False,0,
1344945,,False,0,
1344999,,False,0,
1345005,,False,0,
1345009,,False,0,
1345131,,False,0,
1345137,,False,0,
1345181,,False,0,
1345182,,False,0,
1345184,,False,0,
1345241,,False,0,
1345249,,False,0,
1345460,,False,0,
1345466,,False,0,
1345514,,False,0,
1345567,,False,0,
1345571,,False,0,
1345633,,False,0,
1345671,,False,0,
1345677,,False,0,
1345678,,False,0,
1345680,,False,0,
1345687,,False,0,
1345785,,False,0,
1345791,,False,0,
1345795,,False,0,
1345796,,False,0,
1345798,,False,0,
1345803,,False,0,
1345841,,False,0,
1345843,,False,0,
1345845,,False,0,
1345860,,False,0,
1345866,,False,0,
1345870,,False,0,
1345871,,False,0,
1345873,,False,0,
1345881,,False,0,
1345922,,False,0,
1345924,,False,0,
1345926,,False,0,
1345958,,False,0,
1345966,,False,0,
1345968,,False,0,
1345979,,False,0,
1345984,,False,0,
1345985,,False,0,
1345987,,False,0,
1345996,,False,0,
1346014,,False,0,
1346028,,False,0,
1346034,,False,0,
1346040,,False,0,
1346041,,False,0,
1346043,,False,0,
1346065,,False,0,
1346150,,False,0,
1346152,,False,0,
1346186,,False,0,
1346238,,False,0,
1346264,,False,0,
1346298,,False,0,
1346302,,False,0,
1346323,,False,0,
1346329,,False,0,
1346335,,False,0,
1346337,,False,0,
1346388,,False,0,
1346421,,False,0,
1346447,,False,0,
1346470,,False,0,
1346498,,False,0,
1346516,,False,0,
1346532,,False,0,
1346563,,False,0,
1346600,,False,0,
1346616,,False,0,
1346641,,False,0,
1346647,,False,0,
1346664,,False,0,
1346673,,False,0,
1346689,,False,0,
1346714,,False,0,
1346740,,False,0,
1346747,,False,0,
1346751,,False,0,
1346752,,False,0,
1346754,,False,0,
1346776,,False,0,
1346878,,False,0,
1347002,,False,0,
1347007,,False,0,
1347019,,False,0,
1347023,,False,0,
1347024,,False,0,
1347026,,False,0,
1347044,,False,0,
1347099,,False,0,
1347105,,False,0,
1347111,,False,0,
1347112,,False,0,
1347114,,False,0,
1347153,,False,0,
1347277,,False,0,
1347464,,False,0,
1347466,,False,0,
1347608,,False,0,
1347617,,False,0,
1347641,,False,0,
1347649,,False,0,
1347652,,False,0,
1347667,,False,0,
1347707,,False,0,
1347742,,False,0,
1347775,,False,0,
1347792,,False,0,
1347842,,False,0,
1347904,,False,0,
1347924,,False,0,
1347957,,False,0,
1347989,,False,0,
1347993,,False,0,
1347994,,False,0,
1347996,,False,0,
1348016,,False,0,
1348139,,False,0,
1348251,,False,0,
1348266,,False,0,
1348272,,False,0,
1348276,,False,0,
1348277,,False,0,
1348279,,False,0,
1348287,,False,0,
1348353,,False,0,
1348375,,False,0,
1348381,,False,0,
1348382,,False,0,
1348384,,False,0,
1348386,,False,0,
1348388,,False,0,
1348392,,False,0,
1348393,,False,0,
1348395,,False,0,
1348397,,False,0,
1348614,,False,0,
1348620,,False,0,
1348713,,False,0,
1348730,,False,0,
1348736,,False,0,
1348737,,False,0,
1348739,,False,0,
1348742,,False,0,
1348791,,False,0,
1348819,,False,0,
1348864,,False,0,
1348873,,False,0,
1348881,,False,0,
1348896,,False,0,
1348898,,False,0,
1348900,,False,0,
1348994,,False,0,
1349080,,False,0,
1349084,,False,0,
1349134,,False,0,
1349149,,False,0,
1349182,,False,0,
1349201,,False,0,
1349209,,False,0,
1349231,,False,0,
1349238,,False,0,
1349240,,False,0,
1349286,,False,0,
1349311,,False,0,
1349379,,False,0,
1349388,,False,0,
1349394,,False,0,
1349538,,False,0,
1349546,,False,0,
1349557,,False,0,
1349562,,False,0,
1349572,,False,0,
1349582,,False,0,
1349586,,False,0,
1349619,,False,0,
1349627,,False,0,
1349631,,False,0,
1349666,,False,0,
1349675,,False,0,
1349679,,False,0,
1349788,,False,0,
1349792,,False,0,
1349793,,False,0,
1349795,,False,0,
1349872,,False,0,
1349929,,False,0,
1349936,,False,0,
1349940,,False,0,
1349941,,False,0,
1349943,,False,0,
1349962,,False,0,
1350020,,False,0,
1350026,,False,0,
1350027,,False,0,
1350029,,False,0,
1350031,,False,0,
1350038,,False,0,
1350197,,False,0,
1350213,,False,0,
1350318,,False,0,
1350324,,False,0,
1350326,,False,0,
1350373,,False,0,
1350391,,False,0,
1350394,,False,0,
1350395,,False,0,
1350441,,False,0,
1350466,,False,0,
1350478,,False,0,
1350497,,False,0,
1350510,,False,0,
1350555,,False,0,
1350566,,False,0,
1350589,,False,0,
1350601,,False,0,
1350630,,False,0,
1350649,,False,0,
1350662,,False,0,
1350677,,False,0,
1350728,,False,0,
1350766,,False,0,
1350781,,False,0,
1350785,,False,0,
1350786,,False,0,
1350788,,False,0,
1350819,,False,0,
1350896,,False,0,
1350959,,False,0,
1350963,,False,0,
1350965,,False,0,
1351170,,False,0,
1351176,,False,0,
1351177,,False,0,
1351179,,False,0,
1351181,,False,0,
1351486,,False,0,
1351493,,False,0,
1351495,,False,0,
1351499,,False,0,
1351529,,False,0,
1351540,,False,0,
1351541,,False,0,
1351543,,False,0,
1351548,,False,0,
1351559,,False,0,
1351571,,False,0,
1351581,,False,0,
1351582,,False,0,
1351588,,False,0,
1351589,,False,0,
1351591,,False,0,
1351595,,False,0,
1351635,,False,0,
1351637,,False,0,
1351669,,False,0,
1351677,,False,0,
1351686,,False,0,
1351687,,False,0,
1351689,,False,0,
1351777,,False,0,
1351799,,False,0,
1351820,,False,0,
1351821,,False,0,
1351823,,False,0,
1351830,,False,0,
1351872,,False,0,
1351874,,False,0,
1351896,,False,0,
1351917,,False,0,
1351924,,False,0,
1351943,,False,0,
1351949,,False,0,
1351950,,False,0,
1351952,,False,0,
1351954,,False,0,
1351965,,False,0,
1351982,,False,0,
1351984,,False,0,
1351997,,False,0,
1352036,,False,0,
1352060,,False,0,
1352191,,False,0,
1352244,,False,0,
1352278,,False,0,
1352289,,False,0,
1352296,,False,0,
1352349,,False,0,
1352463,,False,0,
1352467,,False,0,
1352755,,False,0,
1352859,,False,0,
1352865,,False,0,
1352928,,False,0,
1353118,,False,0,
1353124,,False,0,
1353126,,False,0,
1353163,,False,0,
1353193,,False,0,
1353201,,False,0,
1353252,,False,0,
1353283,,False,0,
1353314,,False,0,
1353362,,False,0,
1353382,,False,0,
1353418,,False,0,
1353433,,False,0,
1353467,,False,0,
1353489,,False,0,
1353501,,False,0,
1353524,,False,0,
1353548,,False,0,
1353571,,False,0,
1353590,,False,0,
1353600,,False,0,
1353604,,False,0,
1353709,,False,0,
1353849,,False,0,
1353855,,False,0,
1353992,,False,0,
1353998,,False,0,
1353999,,False,0,
1354001,,False,0,
1354009,,False,0,
1354082,,False,0,
1354089,,False,0,
1354094,,False,0,
1354098,,False,0,
1354099,,False,0,
1354101,,False,0,
1354204,,False,0,
1354246,,False,0,
1354322,,False,0,
1354502,,False,0,
1354504,,False,0,
1354564,,False,0,
1354570,,False,0,
1354571,,False,0,
1354573,,False,0,
1354574,,False,0,
1354983,,False,0,
1354995,,False,0,
1355154,,False,0,
1355163,,False,0,
1355169,,False,0,
1355181,,False,0,
1355246,,False,0,
1355254,,False,0,
1355309,,False,0,
1355315,,False,0,
1355317,,False,0,
1355324,,False,0,
1355331,,False,0,
1355338,,False,0,
1355347,,False,0,
1355354,,False,0,
1355361,,False,0,
1355368,,False,0,
1355375,,False,0,
1355380,,False,0,
1355385,,False,0,
1355390,,False,0,
1355395,,False,0,
1355401,,False,0,
1355408,,False,0,
1355413,,False,0,
1355418,,False,0,
1355423,,False,0,
1355430,,False,0,
1355438,,False,0,
1355445,,False,0,
1355452,,False,0,
1355457,,False,0,
1355462,,False,0,
1355469,,False,0,
1355476,,False,0,
1355481,,False,0,
1355488,,False,0,
1355497,,False,0,
1355504,,False,0,
1355511,,False,0,
1355518,,False,0,
1355523,,False,0,
1355540,,False,0,
1355547,,False,0,
1355555,,False,0,
1355561,,False,0,
1355569,,False,0,
1355571,,False,0,
1355581,,False,0,
1355601,,False,0,
1355620,,False,0,
1355633,,False,0,
1355655,,False,0,
1355674,,False,0,
1355705,,False,0,
1355731,,False,0,
1355752,,False,0,
1355760,,False,0,
1355792,,False,0,
1355805,,False,0,
1355812,,False,0,
1355833,,False,0,
1355842,,False,0,
1355852,,False,0,
1355870,,False,0,
1355883,,False,0,
1355887,,False,0,
1355889,,False,0,
1355890,,False,0,
1355892,,False,0,
1355894,,False,0,
1355978,,False,0,
1355982,,False,0,
1355984,,False,0,
1355985,,False,0,
1356113,,False,0,
1356118,,False,0,
1356134,,False,0,
1356145,,False,0,
1356179,,False,0,
1356185,,False,0,
1356187,,False,0,
1356188,,False,0,
1356297,,False,0,
1356504,,False,0,
1356510,,False,0,
1356511,,False,0,
1356513,,False,0,
1356514,,False,0,
1356541,,False,0,
1356553,,False,0,
1356635,,False,0,
1356648,,False,0,
1356656,,False,0,
1356756,,False,0,
1356761,,False,0,
1356843,,False,0,
1356880,,False,0,
1356884,,False,0,
1356947,,False,0,
1357046,,False,0,
1357061,,False,0,
1357067,,False,0,
1357069,,False,0,
1357093,,False,0,
1357132,,False,0,
1357158,,False,0,
1357178,,False,0,
1357188,,False,0,
1357257,,False,0,
1357269,,False,0,
1357278,,False,0,
1357299,,False,0,
1357310,,False,0,
1357314,,False,0,
1357319,,False,0,
1357320,,False,0,
1357322,,False,0,
1357473,,False,0,
1357735,,False,0,
1357739,,False,0,
1357910,,False,0,
1357936,,False,0,
1357938,,False,0,
1357988,,False,0,
1358004,,False,0,
1358101,,False,0,
1358106,,False,0,
1358224,,False,0,
1358230,,False,0,
1358245,,False,0,
1358282,,False,0,
1358288,,False,0,
1358289,,False,0,
1358291,,False,0,
1358293,,False,0,
1358434,,False,0,
1358476,,False,0,
1358620,,False,0,
1358660,,False,0,
1358667,,False,0,
1358794,,False,0,
1358800,,False,0,
1358815,,False,0,
1358821,,False,0,
1358822,,False,0,
1358824,,False,0,
1358826,,False,0,
1358832,,False,0,
1358837,,False,0,
1358860,,False,0,
1358877,,False,0,
1358906,,False,0,
1358915,,False,0,
1359071,,False,0,
1359079,,False,0,
1359154,,False,0,
1359165,,False,0,
1359174,,False,0,
1359184,,False,0,
1359289,,False,0,
1359524,,False,0,
1359539,,False,0,
1359545,,False,0,
1359546,,False,0,
1359548,,False,0,
1359550,,False,0,
1359560,,False,0,
1359566,,False,0,
1359643,,False,0,
1359649,,False,0,
1359986,,False,0,
1359992,,False,0,
1360014,,False,0,
1360034,,False,0,
1360057,,False,0,
1360091,,False,0,
1360096,,False,0,
1360453,,False,0,
1360459,,False,0,
1360460,,False,0,
1360462,,False,0,
1360464,,False,0,
1360465,,False,0,
1361112,,False,0,
1361130,,False,0,
1361136,,False,0,
1361137,,False,0,
1361139,,False,0,
1361141,,False,0,
1361143,,False,0,
1361148,,False,0,
1361193,,False,0,
1361201,,False,0,
1361292,,False,0,
1361423,,False,0,
1361430,,False,0,
1361472,,False,0,
1361746,,False,0,
1361985,,False,0,
1361991,,False,0,
1361992,,False,0,
1361994,,False,0,
1361996,,False,0,
1362478,,False,0,
1362756,,False,0,
1362762,,False,0,
1362795,,False,0,
1362799,,False,0,
1363201,,False,0,
1363202,,False,0,
1363208,,False,0,
1363209,,False,0,
1363210,,False,0,
1363433,,False,0,
1363449,,False,0,
1363454,,False,0,
1363563,,False,0,
1363575,,False,0,
1363587,,False,0,
1364009,,False,0,
1364015,,False,0,
1364018,,False,0,
1364020,,False,0,
1364037,,False,0,
1364077,,False,0,
1364093,,False,0,
1364096,,False,0,
1364097,,False,0,
1364134,,False,0,
1364159,,False,0,
1364199,,False,0,
1364210,,False,0,
1364225,,False,0,
1364241,,False,0,
1364289,,False,0,
1364306,,False,0,
1364330,,False,0,
1364354,,False,0,
1364392,,False,0,
1364426,,False,0,
1364446,,False,0,
1364492,,False,0,
1364510,,False,0,
1364519,,False,0,
1364523,,False,0,
1364524,,False,0,
1364526,,False,0,
1364528,,False,0,
1364813,,False,0,
1364820,,False,0,
1364823,,False,0,
1365200,,False,0,
1365203,,False,0,
1365307,,False,0,
1365313,,False,0,
1365314,,False,0,
1365316,,False,0,
1365318,,False,0,
1365382,,False,0,
1365457,,False,0,
1365570,,False,0,
1365580,,False,0,
1365784,,False,0,
1365817,,False,0,
1366001,,False,0,
1366007,,False,0,
1366009,,False,0,
1366035,,False,0,
1366052,,False,0,
1366076,,False,0,
1366101,,False,0,
1366120,,False,0,
1366132,,False,0,
1366151,,False,0,
1366170,,False,0,
1366182,,False,0,
1366201,,False,0,
1366205,,False,0,
1366206,,False,0,
1366208,,False,0,
1366213,,False,0,
1366215,,False,0,
1366651,,False,0,
1366662,,False,0,
1366739,,False,0,
1366743,,False,0,
1366790,,False,0,
1366811,,False,0,
1366813,,False,0,
1366822,,False,0,
1366948,,False,0,
1366952,,False,0,
1366988,,False,0,
1367024,,False,0,
1367039,,False,0,
1367177,,False,0,
1367183,,False,0,
1367184,,False,0,
1367186,,False,0,
1367188,,False,0,
1367272,,False,0,
1367280,,False,0,
1367355,,False,0,
1367359,,False,0,
1367838,,False,0,
1367844,,False,0,
1367845,,False,0,
1367847,,False,0,
1367856,,False,0,
1367885,,False,0,
1367886,,False,0,
1367888,,False,0,
1367894,,False,0,
1367895,,False,0,
1367906,,False,0,
1367910,,False,0,
1367911,,False,0,
1367913,,False,0,
1367915,,False,0,
1368236,,False,0,
1368258,,False,0,
1368469,,False,0,
1368475,,False,0,
1368476,,False,0,
1368478,,False,0,
1368482,,False,0,
1368484,,False,0,
1368779,,False,0,
1368785,,False,0,
1368886,,False,0,
1369084,,False,0,
1369107,,False,0,
1369112,,False,0,
1369276,,False,0,
1369322,,False,0,
1369326,,False,0,
1369345,,False,0,
1369540,,False,0,
1369544,,False,0,
1369558,,False,0,
1369567,,False,0,
1369668,,False,0,
1369674,,False,0,
1369675,,False,0,
1369677,,False,0,
1369679,,False,0,
1369726,,False,0,
1369730,,False,0,
1369969,,False,0,
1369977,,False,0,
1370246,,False,0,
1370252,,False,0,
1370253,,False,0,
1370255,,False,0,
1370257,,False,0,
1370557,,False,0,
1370694,,False,0,
1370707,,False,0,
1370712,,False,0,
1370750,,False,0,
1370813,,False,0,
1370858,,False,0,
1370878,,False,0,
1370908,,False,0,
1370928,,False,0,
1370934,,False,0,
1370944,,False,0,
1370964,,False,0,
1371023,,False,0,
1371029,,False,0,
1371030,,False,0,
1371032,,False,0,
1371034,,False,0,
1371222,,False,0,
1371238,,False,0,
1371254,,False,0,
1371321,,False,0,
1371325,,False,0,
1371343,,False,0,
1371481,,False,0,
1371589,,False,0,
1371696,,False,0,
1371750,,False,0,
1371757,,False,0,
1372366,,False,0,
1372372,,False,0,
1372373,,False,0,
1372375,,False,0,
1372377,,False,0,
1372455,,False,0,
1372549,,False,0,
1372627,,False,0,
1373054,,False,0,
1373058,,False,0,
1373119,,False,0,
1373173,,False,0,
1373178,,False,0,
1373285,,False,0,
1373332,,False,0,
1373352,,False,0,
1373358,,False,0,
1373377,,False,0,
1373572,,False,0,
1373582,,False,0,
1373588,,False,0,
1373591,,False,0,
1373592,,False,0,
1373594,,False,0,
1373662,,False,0,
1373902,,False,0,
1373904,,False,0,
1373969,,False,0,
1374027,,False,0,
1374033,,False,0,
1374034,,False,0,
1374036,,False,0,
1374038,,False,0,
1374470,,False,0,
1374476,,False,0,
1374478,,False,0,
1374485,,False,0,
1374492,,False,0,
1374499,,False,0,
1374506,,False,0,
1374513,,False,0,
1374518,,False,0,
1374523,,False,0,
1374528,,False,0,
1374535,,False,0,
1374542,,False,0,
1374549,,False,0,
1374556,,False,0,
1374563,,False,0,
1374570,,False,0,
1374575,,False,0,
1374580,,False,0,
1374585,,False,0,
1374592,,False,0,
1374599,,False,0,
1374606,,False,0,
1374613,,False,0,
1374620,,False,0,
1374627,,False,0,
1374634,,False,0,
1374641,,False,0,
1374650,,False,0,
1374657,,False,0,
1374664,,False,0,
1374669,,False,0,
1374676,,False,0,
1374683,,False,0,
1374694,,False,0,
1374702,,False,0,
1374708,,False,0,
1374710,,False,0,
1374755,,False,0,
1374791,,False,0,
1374815,,False,0,
1374840,,False,0,
1374864,,False,0,
1374897,,False,0,
1374906,,False,0,
1374910,,False,0,
1374941,,False,0,
1374945,,False,0,
1374952,,False,0,
1374978,,False,0,
1374993,,False,0,
1375008,,False,0,
1375020,,False,0,
1375046,,False,0,
1375066,,False,0,
1375102,,False,0,
1375131,,False,0,
1375162,,False,0,
1375171,,False,0,
1375214,,False,0,
1375228,,False,0,
1375232,,False,0,
1375233,,False,0,
1375235,,False,0,
1375344,,False,0,
1375352,,False,0,
1375356,,False,0,
1375357,,False,0,
1375359,,False,0,
1375361,,False,0,
1375582,,False,0,
1375588,,False,0,
1375589,,False,0,
1375591,,False,0,
1375593,,False,0,
1375616,,False,0,
1375622,,False,0,
1375699,,False,0,
1375700,,False,0,
1375931,,False,0,
1375932,,False,0,
1376138,,False,0,
1376144,,False,0,
1376146,,False,0,
1376183,,False,0,
1376236,,False,0,
1376266,,False,0,
1376267,,False,0,
1376268,,False,0,
1376269,,False,0,
1376281,,False,0,
1376325,,False,0,
1376336,,False,0,
1376348,,False,0,
1376387,,False,0,
1376406,,False,0,
1376438,,False,0,
1376490,,False,0,
1376494,,False,0,
1376495,,False,0,
1376497,,False,0,
1376524,,False,0,
1376617,,False,0,
1376619,,False,0,
1376621,,False,0,
1376676,,False,0,
1376696,,False,0,
1376700,,False,0,
1376701,,False,0,
1376703,,False,0,
1376705,,False,0,
1376960,,False,0,
1377122,,False,0,
1377177,,False,0,
1377310,,False,0,
1377395,,False,0,
1377401,,False,0,
1377402,,False,0,
1377404,,False,0,
1377406,,False,0,
1377621,,False,0,
1377642,,False,0,
1377787,,False,0,
1377796,,False,0,
1378035,,False,0,
1378041,,False,0,
1378042,,False,0,
1378044,,False,0,
1378129,,False,0,
1378135,,False,0,
1378141,,False,0,
1378145,,False,0,
1378146,,False,0,
1378148,,False,0,
1378548,,False,0,
1378604,,False,0,
1378610,,False,0,
1378611,,False,0,
1378613,,False,0,
1378617,,False,0,
1378703,,False,0,
1378708,,False,0,
1378714,,False,0,
1378720,,False,0,
1378736,,False,0,
1378737,,False,0,
1378739,,False,0,
1378773,,False,0,
1378872,,False,0,
1378874,,False,0,
1378913,,False,0,
1378915,,False,0,
1378937,,False,0,
1378957,,False,0,
1379264,,False,0,
1379267,,False,0,
1379271,,False,0,
1379272,,False,0,
1379274,,False,0,
1379301,,False,0,
1379386,,False,0,
1379388,,False,0,
1379398,,False,0,
1379404,,False,0,
1379419,,False,0,
1379457,,False,0,
1379459,,False,0,
1379470,,False,0,
1379472,,False,0,
1379477,,False,0,
1379483,,False,0,
1379484,,False,0,
1379486,,False,0,
1379490,,False,0,
1379534,,False,0,
1379536,,False,0,
1379591,,False,0,
1379604,,False,0,
1379606,,False,0,
1379736,,False,0,
1379738,,False,0,
1379746,,False,0,
1379752,,False,0,
1379753,,False,0,
1379755,,False,0,
1379770,,False,0,
1379791,,False,0,
1379797,,False,0,
1379798,,False,0,
1379800,,False,0,
1379802,,False,0,
1380138,,False,0,
1380142,,False,0,
1380198,,False,0,
1380256,,False,0,
1380257,,False,0,
1380259,,False,0,
1380320,,False,0,
1380351,,False,0,
1380417,,False,0,
1380489,,False,0,
1380530,,False,0,
1380532,,False,0,
1380538,,False,0,
1380539,,False,0,
1380541,,False,0,
1380543,,False,0,
1381027,,False,0,
1381125,,False,0,
1381174,,False,0,
1381245,,False,0,
1381249,,False,0,
1381267,,False,0,
1381400,,False,0,
1381461,,False,0,
1381496,,False,0,
1381529,,False,0,
1381540,,False,0,
1381546,,False,0,
1381547,,False,0,
1381549,,False,0,
1381551,,False,0,
1381841,,False,0,
1382083,,False,0,
1382091,,False,0,
1382099,,False,0,
1382100,,False,0,
1382131,,False,0,
1382137,,False,0,
1382138,,False,0,
1382697,,False,0,
1382701,,False,0,
1382705,,False,0,
1382709,,False,0,
1382710,,False,0,
1382712,,False,0,
1382714,,False,0,
1382722,,False,0,
1382726,,False,0,
1382971,,False,0,
1383089,,False,0,
1383126,,False,0,
1383137,,False,0,
1383156,,False,0,
1383160,,False,0,
1383397,,False,0,
1383403,,False,0,
1383404,,False,0,
1383406,,False,0,
1383408,,False,0,
1383459,,False,0,
1383472,,False,0,
1383727,,False,0,
1383734,,False,0,
1383745,,False,0,
1383866,,False,0,
1383937,,False,0,
1383943,,False,0,
1383952,,False,0,
1383993,,False,0,
1384027,,False,0,
1384031,,False,0,
1384054,,False,0,
1384072,,False,0,
1384112,,False,0,
1384137,,False,0,
1384165,,False,0,
1384186,,False,0,
1384219,,False,0,
1384251,,False,0,
1384270,,False,0,
1384326,,False,0,
1384365,,False,0,
1384378,,False,0,
1384390,,False,0,
1384418,,False,0,
1384437,,False,0,
1384445,,False,0,
1384449,,False,0,
1384450,,False,0,
1384452,,False,0,
1384454,,False,0,
1384607,,False,0,
1384821,,False,0,
1384875,,False,0,
1384898,,False,0,
1384936,,False,0,
1384942,,False,0,
1384943,,False,0,
1384945,,False,0,
1384947,,False,0,
1385058,,False,0,
1385059,,False,0,
1385265,,False,0,
1385477,,False,0,
1385483,,False,0,
1385487,,False,0,
1385540,,False,0,
1385606,,False,0,
1385626,,False,0,
1385647,,False,0,
1385702,,False,0,
1385721,,False,0,
1385756,,False,0,
1385773,,False,0,
1385809,,False,0,
1385824,,False,0,
1385828,,False,0,
1385829,,False,0,
1385831,,False,0,
1385843,,False,0,
1385895,,False,0,
1385902,,False,0,
1385908,,False,0,
1385912,,False,0,
1385913,,False,0,
1385915,,False,0,
1385923,,False,0,
1385961,,False,0,
1385967,,False,0,
1385968,,False,0,
1385970,,False,0,
1385980,,False,0,
1386020,,False,0,
1386089,,False,0,
1386192,,False,0,
1386200,,False,0,
1386206,,False,0,
1386207,,False,0,
1386209,,False,0,
1386219,,False,0,
1386264,,False,0,
1386266,,False,0,
1386277,,False,0,
1386287,,False,0,
1386292,,False,0,
1386298,,False,0,
1386299,,False,0,
1386301,,False,0,
1386307,,False,0,
1386883,,False,0,
1386889,,False,0,
1386890,,False,0,
1386892,,False,0,
1386894,,False,0,
1387462,,False,0,
1387466,,False,0,
1387476,,False,0,
1387530,,False,0,
1387538,,False,0,
1387591,,False,0,
1387618,,False,0,
1387620,,False,0,
1387624,,False,0,
1387661,,False,0,
1387667,,False,0,
1387668,,False,0,
1387670,,False,0,
1387672,,False,0,
1387732,,False,0,
1387745,,False,0,
1388170,,False,0,
1388633,,False,0,
1388637,,False,0,
1388695,,False,0,
1388701,,False,0,
1388702,,False,0,
1388704,,False,0,
1388706,,False,0,
1389277,,False,0,
1389283,,False,0,
1389320,,False,0,
1389324,,False,0,
1389325,,False,0,
1389327,,False,0,
1389329,,False,0,
1389419,,False,0,
1389721,,False,0,
1389728,,False,0,
1389729,,False,0,
1389731,,False,0,
1389733,,False,0,
1389738,,False,0,
1389742,,False,0,
1389744,,False,0,
1389818,,False,0,
1389822,,False,0,
1390202,,False,0,
1390207,,False,0,
1390257,,False,0,
1390265,,False,0,
1390273,,False,0,
1390602,,False,0,
1390608,,False,0,
1390609,,False,0,
1390611,,False,0,
1390614,,False,0,
1390745,,False,0,
1390746,,False,0,
1390747,,False,0,
1390748,,False,0,
1390843,,False,0,
1390857,,False,0,
1390898,,False,0,
1391203,,False,0,
